page_row_id,date,time,content,image_url,video_url,video_path
17,2026-08-10,19:49,"💇‍♀️ Một khoảnh khắc làm tóc tại Susi Hair Salon - Chuyên Uốn Layer — nhẹ nhàng, tự nhiên, đúng phong cách bạn thích.
📍 Đặt lịch ngay hôm nay nhé!",,,/var/www/fb-marketing-app/data/schedule-videos/final_1786178553099.mp4
17,2026-08-11,19:49,"✨ Susi Hair Salon - Chuyên Uốn Layer luôn chú trọng từng chi tiết nhỏ để mái tóc bạn lên form đẹp nhất.
💌 Inbox Susi Hair Salon - Chuyên Uốn Layer để được tư vấn miễn phí!",,,/var/www/fb-marketing-app/data/schedule-videos/final_1786181766533.mp4
17,2026-08-12,19:49,"🌸 Ghé Susi Hair Salon - Chuyên Uốn Layer để cảm nhận sự khác biệt trong từng đường kéo, từng lọn tóc.
☎️ Gọi hotline để giữ giờ đẹp!",,,/var/www/fb-marketing-app/data/schedule-videos/final_1786186507562.mp4
17,2026-08-13,19:49,"💧 Chăm chút từng bước tại Susi Hair Salon - Chuyên Uốn Layer — từ gội, ủ đến tạo kiểu, không vội vàng.
💬 Nhắn tin để stylist tư vấn riêng cho bạn!",,,/var/www/fb-marketing-app/data/schedule-videos/final_1786192066925.mp4
17,2026-08-14,19:49,"🎨 Một tông màu mới, một diện mạo mới cùng Susi Hair Salon - Chuyên Uốn Layer.
📍 Đặt lịch ngay hôm nay nhé!",,,/var/www/fb-marketing-app/data/schedule-videos/final_1786192503392.mp4
17,2026-08-15,19:49,"💁‍♀️ Stylist tại Susi Hair Salon - Chuyên Uốn Layer luôn lắng nghe trước khi bắt tay vào làm.
💌 Inbox Susi Hair Salon - Chuyên Uốn Layer để được tư vấn miễn phí!",,,/var/www/fb-marketing-app/data/schedule-videos/final_1786192874824.mp4
17,2026-08-16,19:49,"🌤️ Đổi gió cho mái tóc cùng Susi Hair Salon - Chuyên Uốn Layer — nhẹ nhàng mà cuốn hút.
☎️ Gọi hotline để giữ giờ đẹp!",,,/var/www/fb-marketing-app/data/schedule-videos/final_1786193562054.mp4
17,2026-08-17,19:49,"🧴 Susi Hair Salon - Chuyên Uốn Layer ưu tiên sản phẩm dưỡng an toàn cho tóc nhuộm/uốn.
💬 Nhắn tin để stylist tư vấn riêng cho bạn!",,,/var/www/fb-marketing-app/data/schedule-videos/final_1786194978037.mp4
17,2026-08-18,19:49,"✂️ Từng đường cắt tại Susi Hair Salon - Chuyên Uốn Layer đều có lý do — không làm qua loa.
📍 Đặt lịch ngay hôm nay nhé!",,,/var/www/fb-marketing-app/data/schedule-videos/final_1786195873283.mp4
17,2026-08-19,19:49,"💆‍♀️ Thư giãn trọn vẹn trong lúc làm tóc tại Susi Hair Salon - Chuyên Uốn Layer.
💌 Inbox Susi Hair Salon - Chuyên Uốn Layer để được tư vấn miễn phí!",,,/var/www/fb-marketing-app/data/schedule-videos/final_1786202807893.mp4
17,2026-08-20,19:49,"🌟 Một buổi làm tóc, một lần tự tin hơn — cùng Susi Hair Salon - Chuyên Uốn Layer.
☎️ Gọi hotline để giữ giờ đẹp!",,,/var/www/fb-marketing-app/data/schedule-videos/final_1786204378507.mp4
17,2026-08-21,19:49,"📸 Khoảnh khắc thật tại Susi Hair Salon - Chuyên Uốn Layer, không dàn dựng.
💬 Nhắn tin để stylist tư vấn riêng cho bạn!",,,/var/www/fb-marketing-app/data/schedule-videos/final_1786204993148.mp4
17,2026-08-22,19:49,"🩷 Susi Hair Salon - Chuyên Uốn Layer — nơi mỗi mái tóc đều được chăm như lần đầu.
📍 Đặt lịch ngay hôm nay nhé!",,,/var/www/fb-marketing-app/data/schedule-videos/fullhd_1786185645789.mp4
17,2026-08-23,19:49,"🍃 Nhẹ nhàng, tự nhiên, đúng chất Susi Hair Salon - Chuyên Uốn Layer.
💌 Inbox Susi Hair Salon - Chuyên Uốn Layer để được tư vấn miễn phí!",,,/var/www/fb-marketing-app/data/schedule-videos/fullhd_1786186635195.mp4
17,2026-08-24,19:49,"💇‍♀️ Một khoảnh khắc làm tóc tại Susi Hair Salon - Chuyên Uốn Layer — nhẹ nhàng, tự nhiên, đúng phong cách bạn thích.
☎️ Gọi hotline để giữ giờ đẹp!",,,/var/www/fb-marketing-app/data/schedule-videos/fullhd_1786193679247.mp4
17,2026-08-25,19:49,"✨ Susi Hair Salon - Chuyên Uốn Layer luôn chú trọng từng chi tiết nhỏ để mái tóc bạn lên form đẹp nhất.
💬 Nhắn tin để stylist tư vấn riêng cho bạn!",,,/var/www/fb-marketing-app/data/schedule-videos/fullhd_1786195070432.mp4
17,2026-08-26,19:49,"🌸 Ghé Susi Hair Salon - Chuyên Uốn Layer để cảm nhận sự khác biệt trong từng đường kéo, từng lọn tóc.
📍 Đặt lịch ngay hôm nay nhé!",,,/var/www/fb-marketing-app/data/schedule-videos/fullhd_1786195795072.mp4
17,2026-08-27,19:49,"💧 Chăm chút từng bước tại Susi Hair Salon - Chuyên Uốn Layer — từ gội, ủ đến tạo kiểu, không vội vàng.
💌 Inbox Susi Hair Salon - Chuyên Uốn Layer để được tư vấn miễn phí!",,,/var/www/fb-marketing-app/data/schedule-videos/fullhd_1786196047409.mp4
17,2026-08-28,19:49,"🎨 Một tông màu mới, một diện mạo mới cùng Susi Hair Salon - Chuyên Uốn Layer.
☎️ Gọi hotline để giữ giờ đẹp!",,,/var/www/fb-marketing-app/data/schedule-videos/fullhd_1786203117230.mp4
17,2026-08-29,19:49,"💁‍♀️ Stylist tại Susi Hair Salon - Chuyên Uốn Layer luôn lắng nghe trước khi bắt tay vào làm.
💬 Nhắn tin để stylist tư vấn riêng cho bạn!",,,/var/www/fb-marketing-app/data/schedule-videos/fullhd_1786204515702.mp4
17,2026-08-30,19:49,"🌤️ Đổi gió cho mái tóc cùng Susi Hair Salon - Chuyên Uốn Layer — nhẹ nhàng mà cuốn hút.
📍 Đặt lịch ngay hôm nay nhé!",,,/var/www/fb-marketing-app/data/schedule-videos/master_1786175670454.mp4
17,2026-08-31,19:49,"🧴 Susi Hair Salon - Chuyên Uốn Layer ưu tiên sản phẩm dưỡng an toàn cho tóc nhuộm/uốn.
💌 Inbox Susi Hair Salon - Chuyên Uốn Layer để được tư vấn miễn phí!",,,/var/www/fb-marketing-app/data/schedule-videos/salon_Chuy_n_ng_t_c_m_t_6_cut.mp4
17,2026-09-01,19:49,"✂️ Từng đường cắt tại Susi Hair Salon - Chuyên Uốn Layer đều có lý do — không làm qua loa.
☎️ Gọi hotline để giữ giờ đẹp!",,,/var/www/fb-marketing-app/data/schedule-videos/salon_Chuy_n_ng_t_c_m_t_7_cut.mp4
17,2026-09-02,19:49,"💆‍♀️ Thư giãn trọn vẹn trong lúc làm tóc tại Susi Hair Salon - Chuyên Uốn Layer.
💬 Nhắn tin để stylist tư vấn riêng cho bạn!",,,/var/www/fb-marketing-app/data/schedule-videos/salon_N_c_i_th_n_th_ng_5_cut.mp4
17,2026-09-03,19:49,"🌟 Một buổi làm tóc, một lần tự tin hơn — cùng Susi Hair Salon - Chuyên Uốn Layer.
📍 Đặt lịch ngay hôm nay nhé!",,,/var/www/fb-marketing-app/data/schedule-videos/salon_Ng_c_nh_n_t_nhi_n_2_cut.mp4
17,2026-09-04,19:49,"📸 Khoảnh khắc thật tại Susi Hair Salon - Chuyên Uốn Layer, không dàn dựng.
💌 Inbox Susi Hair Salon - Chuyên Uốn Layer để được tư vấn miễn phí!",,,/var/www/fb-marketing-app/data/schedule-videos/salon_Nh_n_qua_vai_6_cut.mp4
17,2026-09-05,19:49,"🩷 Susi Hair Salon - Chuyên Uốn Layer — nơi mỗi mái tóc đều được chăm như lần đầu.
☎️ Gọi hotline để giữ giờ đẹp!",,,/var/www/fb-marketing-app/data/schedule-videos/salon_Salon_-_Ch_nh_t_c_1_7_cut.mp4
17,2026-09-06,19:49,"🍃 Nhẹ nhàng, tự nhiên, đúng chất Susi Hair Salon - Chuyên Uốn Layer.
💬 Nhắn tin để stylist tư vấn riêng cho bạn!",,,/var/www/fb-marketing-app/data/schedule-videos/salon_Salon_-_Ch_nh_t_c_1_8_cut.mp4
17,2026-09-07,19:49,"💇‍♀️ Một khoảnh khắc làm tóc tại Susi Hair Salon - Chuyên Uốn Layer — nhẹ nhàng, tự nhiên, đúng phong cách bạn thích.
📍 Đặt lịch ngay hôm nay nhé!",,,/var/www/fb-marketing-app/data/schedule-videos/salon_Salon_-_Ch_nh_t_c_2_8_cut.mp4
17,2026-09-08,19:49,"✨ Susi Hair Salon - Chuyên Uốn Layer luôn chú trọng từng chi tiết nhỏ để mái tóc bạn lên form đẹp nhất.
💌 Inbox Susi Hair Salon - Chuyên Uốn Layer để được tư vấn miễn phí!",,,/var/www/fb-marketing-app/data/schedule-videos/salon_Salon_-_Ch_nh_t_c_2_9_cut.mp4
16,2026-08-10,20:12,"💇‍♀️ Một khoảnh khắc làm tóc tại Susi Hair - Chuyên Layer — nhẹ nhàng, tự nhiên, đúng phong cách bạn thích.
💌 Inbox Susi Hair - Chuyên Layer để được tư vấn miễn phí!",,,/var/www/fb-marketing-app/data/schedule-videos/final_1786181766533.mp4
16,2026-08-11,20:12,"✨ Susi Hair - Chuyên Layer luôn chú trọng từng chi tiết nhỏ để mái tóc bạn lên form đẹp nhất.
☎️ Gọi hotline để giữ giờ đẹp!",,,/var/www/fb-marketing-app/data/schedule-videos/final_1786186507562.mp4
16,2026-08-12,20:12,"🌸 Ghé Susi Hair - Chuyên Layer để cảm nhận sự khác biệt trong từng đường kéo, từng lọn tóc.
💬 Nhắn tin để stylist tư vấn riêng cho bạn!",,,/var/www/fb-marketing-app/data/schedule-videos/final_1786192066925.mp4
16,2026-08-13,20:12,"💧 Chăm chút từng bước tại Susi Hair - Chuyên Layer — từ gội, ủ đến tạo kiểu, không vội vàng.
📍 Đặt lịch ngay hôm nay nhé!",,,/var/www/fb-marketing-app/data/schedule-videos/final_1786192503392.mp4
16,2026-08-14,20:12,"🎨 Một tông màu mới, một diện mạo mới cùng Susi Hair - Chuyên Layer.
💌 Inbox Susi Hair - Chuyên Layer để được tư vấn miễn phí!",,,/var/www/fb-marketing-app/data/schedule-videos/final_1786192874824.mp4
16,2026-08-15,20:12,"💁‍♀️ Stylist tại Susi Hair - Chuyên Layer luôn lắng nghe trước khi bắt tay vào làm.
☎️ Gọi hotline để giữ giờ đẹp!",,,/var/www/fb-marketing-app/data/schedule-videos/final_1786193562054.mp4
16,2026-08-16,20:12,"🌤️ Đổi gió cho mái tóc cùng Susi Hair - Chuyên Layer — nhẹ nhàng mà cuốn hút.
💬 Nhắn tin để stylist tư vấn riêng cho bạn!",,,/var/www/fb-marketing-app/data/schedule-videos/final_1786194978037.mp4
16,2026-08-17,20:12,"🧴 Susi Hair - Chuyên Layer ưu tiên sản phẩm dưỡng an toàn cho tóc nhuộm/uốn.
📍 Đặt lịch ngay hôm nay nhé!",,,/var/www/fb-marketing-app/data/schedule-videos/final_1786195873283.mp4
16,2026-08-18,20:12,"✂️ Từng đường cắt tại Susi Hair - Chuyên Layer đều có lý do — không làm qua loa.
💌 Inbox Susi Hair - Chuyên Layer để được tư vấn miễn phí!",,,/var/www/fb-marketing-app/data/schedule-videos/final_1786202807893.mp4
16,2026-08-19,20:12,"💆‍♀️ Thư giãn trọn vẹn trong lúc làm tóc tại Susi Hair - Chuyên Layer.
☎️ Gọi hotline để giữ giờ đẹp!",,,/var/www/fb-marketing-app/data/schedule-videos/final_1786204378507.mp4
16,2026-08-20,20:12,"🌟 Một buổi làm tóc, một lần tự tin hơn — cùng Susi Hair - Chuyên Layer.
💬 Nhắn tin để stylist tư vấn riêng cho bạn!",,,/var/www/fb-marketing-app/data/schedule-videos/final_1786204993148.mp4
16,2026-08-21,20:12,"📸 Khoảnh khắc thật tại Susi Hair - Chuyên Layer, không dàn dựng.
📍 Đặt lịch ngay hôm nay nhé!",,,/var/www/fb-marketing-app/data/schedule-videos/fullhd_1786185645789.mp4
16,2026-08-22,20:12,"🩷 Susi Hair - Chuyên Layer — nơi mỗi mái tóc đều được chăm như lần đầu.
💌 Inbox Susi Hair - Chuyên Layer để được tư vấn miễn phí!",,,/var/www/fb-marketing-app/data/schedule-videos/fullhd_1786186635195.mp4
16,2026-08-23,20:12,"🍃 Nhẹ nhàng, tự nhiên, đúng chất Susi Hair - Chuyên Layer.
☎️ Gọi hotline để giữ giờ đẹp!",,,/var/www/fb-marketing-app/data/schedule-videos/fullhd_1786193679247.mp4
16,2026-08-24,20:12,"💇‍♀️ Một khoảnh khắc làm tóc tại Susi Hair - Chuyên Layer — nhẹ nhàng, tự nhiên, đúng phong cách bạn thích.
💬 Nhắn tin để stylist tư vấn riêng cho bạn!",,,/var/www/fb-marketing-app/data/schedule-videos/fullhd_1786195070432.mp4
16,2026-08-25,20:12,"✨ Susi Hair - Chuyên Layer luôn chú trọng từng chi tiết nhỏ để mái tóc bạn lên form đẹp nhất.
📍 Đặt lịch ngay hôm nay nhé!",,,/var/www/fb-marketing-app/data/schedule-videos/fullhd_1786195795072.mp4
16,2026-08-26,20:12,"🌸 Ghé Susi Hair - Chuyên Layer để cảm nhận sự khác biệt trong từng đường kéo, từng lọn tóc.
💌 Inbox Susi Hair - Chuyên Layer để được tư vấn miễn phí!",,,/var/www/fb-marketing-app/data/schedule-videos/fullhd_1786196047409.mp4
16,2026-08-27,20:12,"💧 Chăm chút từng bước tại Susi Hair - Chuyên Layer — từ gội, ủ đến tạo kiểu, không vội vàng.
☎️ Gọi hotline để giữ giờ đẹp!",,,/var/www/fb-marketing-app/data/schedule-videos/fullhd_1786203117230.mp4
16,2026-08-28,20:12,"🎨 Một tông màu mới, một diện mạo mới cùng Susi Hair - Chuyên Layer.
💬 Nhắn tin để stylist tư vấn riêng cho bạn!",,,/var/www/fb-marketing-app/data/schedule-videos/fullhd_1786204515702.mp4
16,2026-08-29,20:12,"💁‍♀️ Stylist tại Susi Hair - Chuyên Layer luôn lắng nghe trước khi bắt tay vào làm.
📍 Đặt lịch ngay hôm nay nhé!",,,/var/www/fb-marketing-app/data/schedule-videos/master_1786175670454.mp4
16,2026-08-30,20:12,"🌤️ Đổi gió cho mái tóc cùng Susi Hair - Chuyên Layer — nhẹ nhàng mà cuốn hút.
💌 Inbox Susi Hair - Chuyên Layer để được tư vấn miễn phí!",,,/var/www/fb-marketing-app/data/schedule-videos/salon_Chuy_n_ng_t_c_m_t_6_cut.mp4
16,2026-08-31,20:12,"🧴 Susi Hair - Chuyên Layer ưu tiên sản phẩm dưỡng an toàn cho tóc nhuộm/uốn.
☎️ Gọi hotline để giữ giờ đẹp!",,,/var/www/fb-marketing-app/data/schedule-videos/salon_Chuy_n_ng_t_c_m_t_7_cut.mp4
16,2026-09-01,20:12,"✂️ Từng đường cắt tại Susi Hair - Chuyên Layer đều có lý do — không làm qua loa.
💬 Nhắn tin để stylist tư vấn riêng cho bạn!",,,/var/www/fb-marketing-app/data/schedule-videos/salon_N_c_i_th_n_th_ng_5_cut.mp4
16,2026-09-02,20:12,"💆‍♀️ Thư giãn trọn vẹn trong lúc làm tóc tại Susi Hair - Chuyên Layer.
📍 Đặt lịch ngay hôm nay nhé!",,,/var/www/fb-marketing-app/data/schedule-videos/salon_Ng_c_nh_n_t_nhi_n_2_cut.mp4
16,2026-09-03,20:12,"🌟 Một buổi làm tóc, một lần tự tin hơn — cùng Susi Hair - Chuyên Layer.
💌 Inbox Susi Hair - Chuyên Layer để được tư vấn miễn phí!",,,/var/www/fb-marketing-app/data/schedule-videos/salon_Nh_n_qua_vai_6_cut.mp4
16,2026-09-04,20:12,"📸 Khoảnh khắc thật tại Susi Hair - Chuyên Layer, không dàn dựng.
☎️ Gọi hotline để giữ giờ đẹp!",,,/var/www/fb-marketing-app/data/schedule-videos/salon_Salon_-_Ch_nh_t_c_1_7_cut.mp4
16,2026-09-05,20:12,"🩷 Susi Hair - Chuyên Layer — nơi mỗi mái tóc đều được chăm như lần đầu.
💬 Nhắn tin để stylist tư vấn riêng cho bạn!",,,/var/www/fb-marketing-app/data/schedule-videos/salon_Salon_-_Ch_nh_t_c_1_8_cut.mp4
16,2026-09-06,20:12,"🍃 Nhẹ nhàng, tự nhiên, đúng chất Susi Hair - Chuyên Layer.
📍 Đặt lịch ngay hôm nay nhé!",,,/var/www/fb-marketing-app/data/schedule-videos/salon_Salon_-_Ch_nh_t_c_2_8_cut.mp4
16,2026-09-07,20:12,"💇‍♀️ Một khoảnh khắc làm tóc tại Susi Hair - Chuyên Layer — nhẹ nhàng, tự nhiên, đúng phong cách bạn thích.
💌 Inbox Susi Hair - Chuyên Layer để được tư vấn miễn phí!",,,/var/www/fb-marketing-app/data/schedule-videos/salon_Salon_-_Ch_nh_t_c_2_9_cut.mp4
16,2026-09-08,20:12,"✨ Susi Hair - Chuyên Layer luôn chú trọng từng chi tiết nhỏ để mái tóc bạn lên form đẹp nhất.
☎️ Gọi hotline để giữ giờ đẹp!",,,/var/www/fb-marketing-app/data/schedule-videos/salon_Th_n_th_i_sang_tr_ng_9_cut.mp4
15,2026-08-10,19:04,"💇‍♀️ Một khoảnh khắc làm tóc tại Susi Hair Salon Vũ Phạm Hàm — nhẹ nhàng, tự nhiên, đúng phong cách bạn thích.
☎️ Gọi hotline để giữ giờ đẹp!",,,/var/www/fb-marketing-app/data/schedule-videos/final_1786186507562.mp4
15,2026-08-11,19:04,"✨ Susi Hair Salon Vũ Phạm Hàm luôn chú trọng từng chi tiết nhỏ để mái tóc bạn lên form đẹp nhất.
💬 Nhắn tin để stylist tư vấn riêng cho bạn!",,,/var/www/fb-marketing-app/data/schedule-videos/final_1786192066925.mp4
15,2026-08-12,19:04,"🌸 Ghé Susi Hair Salon Vũ Phạm Hàm để cảm nhận sự khác biệt trong từng đường kéo, từng lọn tóc.
📍 Đặt lịch ngay hôm nay nhé!",,,/var/www/fb-marketing-app/data/schedule-videos/final_1786192503392.mp4
15,2026-08-13,19:04,"💧 Chăm chút từng bước tại Susi Hair Salon Vũ Phạm Hàm — từ gội, ủ đến tạo kiểu, không vội vàng.
💌 Inbox Susi Hair Salon Vũ Phạm Hàm để được tư vấn miễn phí!",,,/var/www/fb-marketing-app/data/schedule-videos/final_1786192874824.mp4
15,2026-08-14,19:04,"🎨 Một tông màu mới, một diện mạo mới cùng Susi Hair Salon Vũ Phạm Hàm.
☎️ Gọi hotline để giữ giờ đẹp!",,,/var/www/fb-marketing-app/data/schedule-videos/final_1786193562054.mp4
15,2026-08-15,19:04,"💁‍♀️ Stylist tại Susi Hair Salon Vũ Phạm Hàm luôn lắng nghe trước khi bắt tay vào làm.
💬 Nhắn tin để stylist tư vấn riêng cho bạn!",,,/var/www/fb-marketing-app/data/schedule-videos/final_1786194978037.mp4
15,2026-08-16,19:04,"🌤️ Đổi gió cho mái tóc cùng Susi Hair Salon Vũ Phạm Hàm — nhẹ nhàng mà cuốn hút.
📍 Đặt lịch ngay hôm nay nhé!",,,/var/www/fb-marketing-app/data/schedule-videos/final_1786195873283.mp4
15,2026-08-17,19:04,"🧴 Susi Hair Salon Vũ Phạm Hàm ưu tiên sản phẩm dưỡng an toàn cho tóc nhuộm/uốn.
💌 Inbox Susi Hair Salon Vũ Phạm Hàm để được tư vấn miễn phí!",,,/var/www/fb-marketing-app/data/schedule-videos/final_1786202807893.mp4
15,2026-08-18,19:04,"✂️ Từng đường cắt tại Susi Hair Salon Vũ Phạm Hàm đều có lý do — không làm qua loa.
☎️ Gọi hotline để giữ giờ đẹp!",,,/var/www/fb-marketing-app/data/schedule-videos/final_1786204378507.mp4
15,2026-08-19,19:04,"💆‍♀️ Thư giãn trọn vẹn trong lúc làm tóc tại Susi Hair Salon Vũ Phạm Hàm.
💬 Nhắn tin để stylist tư vấn riêng cho bạn!",,,/var/www/fb-marketing-app/data/schedule-videos/final_1786204993148.mp4
15,2026-08-20,19:04,"🌟 Một buổi làm tóc, một lần tự tin hơn — cùng Susi Hair Salon Vũ Phạm Hàm.
📍 Đặt lịch ngay hôm nay nhé!",,,/var/www/fb-marketing-app/data/schedule-videos/fullhd_1786185645789.mp4
15,2026-08-21,19:04,"📸 Khoảnh khắc thật tại Susi Hair Salon Vũ Phạm Hàm, không dàn dựng.
💌 Inbox Susi Hair Salon Vũ Phạm Hàm để được tư vấn miễn phí!",,,/var/www/fb-marketing-app/data/schedule-videos/fullhd_1786186635195.mp4
15,2026-08-22,19:04,"🩷 Susi Hair Salon Vũ Phạm Hàm — nơi mỗi mái tóc đều được chăm như lần đầu.
☎️ Gọi hotline để giữ giờ đẹp!",,,/var/www/fb-marketing-app/data/schedule-videos/fullhd_1786193679247.mp4
15,2026-08-23,19:04,"🍃 Nhẹ nhàng, tự nhiên, đúng chất Susi Hair Salon Vũ Phạm Hàm.
💬 Nhắn tin để stylist tư vấn riêng cho bạn!",,,/var/www/fb-marketing-app/data/schedule-videos/fullhd_1786195070432.mp4
15,2026-08-24,19:04,"💇‍♀️ Một khoảnh khắc làm tóc tại Susi Hair Salon Vũ Phạm Hàm — nhẹ nhàng, tự nhiên, đúng phong cách bạn thích.
📍 Đặt lịch ngay hôm nay nhé!",,,/var/www/fb-marketing-app/data/schedule-videos/fullhd_1786195795072.mp4
15,2026-08-25,19:04,"✨ Susi Hair Salon Vũ Phạm Hàm luôn chú trọng từng chi tiết nhỏ để mái tóc bạn lên form đẹp nhất.
💌 Inbox Susi Hair Salon Vũ Phạm Hàm để được tư vấn miễn phí!",,,/var/www/fb-marketing-app/data/schedule-videos/fullhd_1786196047409.mp4
15,2026-08-26,19:04,"🌸 Ghé Susi Hair Salon Vũ Phạm Hàm để cảm nhận sự khác biệt trong từng đường kéo, từng lọn tóc.
☎️ Gọi hotline để giữ giờ đẹp!",,,/var/www/fb-marketing-app/data/schedule-videos/fullhd_1786203117230.mp4
15,2026-08-27,19:04,"💧 Chăm chút từng bước tại Susi Hair Salon Vũ Phạm Hàm — từ gội, ủ đến tạo kiểu, không vội vàng.
💬 Nhắn tin để stylist tư vấn riêng cho bạn!",,,/var/www/fb-marketing-app/data/schedule-videos/fullhd_1786204515702.mp4
15,2026-08-28,19:04,"🎨 Một tông màu mới, một diện mạo mới cùng Susi Hair Salon Vũ Phạm Hàm.
📍 Đặt lịch ngay hôm nay nhé!",,,/var/www/fb-marketing-app/data/schedule-videos/master_1786175670454.mp4
15,2026-08-29,19:04,"💁‍♀️ Stylist tại Susi Hair Salon Vũ Phạm Hàm luôn lắng nghe trước khi bắt tay vào làm.
💌 Inbox Susi Hair Salon Vũ Phạm Hàm để được tư vấn miễn phí!",,,/var/www/fb-marketing-app/data/schedule-videos/salon_Chuy_n_ng_t_c_m_t_6_cut.mp4
15,2026-08-30,19:04,"🌤️ Đổi gió cho mái tóc cùng Susi Hair Salon Vũ Phạm Hàm — nhẹ nhàng mà cuốn hút.
☎️ Gọi hotline để giữ giờ đẹp!",,,/var/www/fb-marketing-app/data/schedule-videos/salon_Chuy_n_ng_t_c_m_t_7_cut.mp4
15,2026-08-31,19:04,"🧴 Susi Hair Salon Vũ Phạm Hàm ưu tiên sản phẩm dưỡng an toàn cho tóc nhuộm/uốn.
💬 Nhắn tin để stylist tư vấn riêng cho bạn!",,,/var/www/fb-marketing-app/data/schedule-videos/salon_N_c_i_th_n_th_ng_5_cut.mp4
15,2026-09-01,19:04,"✂️ Từng đường cắt tại Susi Hair Salon Vũ Phạm Hàm đều có lý do — không làm qua loa.
📍 Đặt lịch ngay hôm nay nhé!",,,/var/www/fb-marketing-app/data/schedule-videos/salon_Ng_c_nh_n_t_nhi_n_2_cut.mp4
15,2026-09-02,19:04,"💆‍♀️ Thư giãn trọn vẹn trong lúc làm tóc tại Susi Hair Salon Vũ Phạm Hàm.
💌 Inbox Susi Hair Salon Vũ Phạm Hàm để được tư vấn miễn phí!",,,/var/www/fb-marketing-app/data/schedule-videos/salon_Nh_n_qua_vai_6_cut.mp4
15,2026-09-03,19:04,"🌟 Một buổi làm tóc, một lần tự tin hơn — cùng Susi Hair Salon Vũ Phạm Hàm.
☎️ Gọi hotline để giữ giờ đẹp!",,,/var/www/fb-marketing-app/data/schedule-videos/salon_Salon_-_Ch_nh_t_c_1_7_cut.mp4
15,2026-09-04,19:04,"📸 Khoảnh khắc thật tại Susi Hair Salon Vũ Phạm Hàm, không dàn dựng.
💬 Nhắn tin để stylist tư vấn riêng cho bạn!",,,/var/www/fb-marketing-app/data/schedule-videos/salon_Salon_-_Ch_nh_t_c_1_8_cut.mp4
15,2026-09-05,19:04,"🩷 Susi Hair Salon Vũ Phạm Hàm — nơi mỗi mái tóc đều được chăm như lần đầu.
📍 Đặt lịch ngay hôm nay nhé!",,,/var/www/fb-marketing-app/data/schedule-videos/salon_Salon_-_Ch_nh_t_c_2_8_cut.mp4
15,2026-09-06,19:04,"🍃 Nhẹ nhàng, tự nhiên, đúng chất Susi Hair Salon Vũ Phạm Hàm.
💌 Inbox Susi Hair Salon Vũ Phạm Hàm để được tư vấn miễn phí!",,,/var/www/fb-marketing-app/data/schedule-videos/salon_Salon_-_Ch_nh_t_c_2_9_cut.mp4
15,2026-09-07,19:04,"💇‍♀️ Một khoảnh khắc làm tóc tại Susi Hair Salon Vũ Phạm Hàm — nhẹ nhàng, tự nhiên, đúng phong cách bạn thích.
☎️ Gọi hotline để giữ giờ đẹp!",,,/var/www/fb-marketing-app/data/schedule-videos/salon_Th_n_th_i_sang_tr_ng_9_cut.mp4
15,2026-09-08,19:04,"✨ Susi Hair Salon Vũ Phạm Hàm luôn chú trọng từng chi tiết nhỏ để mái tóc bạn lên form đẹp nhất.
💬 Nhắn tin để stylist tư vấn riêng cho bạn!",,,/var/www/fb-marketing-app/data/schedule-videos/salon_Vu_t_t_c_duy_n_d_ng_4_cut.mp4
14,2026-08-10,19:27,"💇‍♀️ Một khoảnh khắc làm tóc tại SUSI HAIR SALON — nhẹ nhàng, tự nhiên, đúng phong cách bạn thích.
💬 Nhắn tin để stylist tư vấn riêng cho bạn!",,,/var/www/fb-marketing-app/data/schedule-videos/final_1786192066925.mp4
14,2026-08-11,19:27,"✨ SUSI HAIR SALON luôn chú trọng từng chi tiết nhỏ để mái tóc bạn lên form đẹp nhất.
📍 Đặt lịch ngay hôm nay nhé!",,,/var/www/fb-marketing-app/data/schedule-videos/final_1786192503392.mp4
14,2026-08-12,19:27,"🌸 Ghé SUSI HAIR SALON để cảm nhận sự khác biệt trong từng đường kéo, từng lọn tóc.
💌 Inbox SUSI HAIR SALON để được tư vấn miễn phí!",,,/var/www/fb-marketing-app/data/schedule-videos/final_1786192874824.mp4
14,2026-08-13,19:27,"💧 Chăm chút từng bước tại SUSI HAIR SALON — từ gội, ủ đến tạo kiểu, không vội vàng.
☎️ Gọi hotline để giữ giờ đẹp!",,,/var/www/fb-marketing-app/data/schedule-videos/final_1786193562054.mp4
14,2026-08-14,19:27,"🎨 Một tông màu mới, một diện mạo mới cùng SUSI HAIR SALON.
💬 Nhắn tin để stylist tư vấn riêng cho bạn!",,,/var/www/fb-marketing-app/data/schedule-videos/final_1786194978037.mp4
14,2026-08-15,19:27,"💁‍♀️ Stylist tại SUSI HAIR SALON luôn lắng nghe trước khi bắt tay vào làm.
📍 Đặt lịch ngay hôm nay nhé!",,,/var/www/fb-marketing-app/data/schedule-videos/final_1786195873283.mp4
14,2026-08-16,19:27,"🌤️ Đổi gió cho mái tóc cùng SUSI HAIR SALON — nhẹ nhàng mà cuốn hút.
💌 Inbox SUSI HAIR SALON để được tư vấn miễn phí!",,,/var/www/fb-marketing-app/data/schedule-videos/final_1786202807893.mp4
14,2026-08-17,19:27,"🧴 SUSI HAIR SALON ưu tiên sản phẩm dưỡng an toàn cho tóc nhuộm/uốn.
☎️ Gọi hotline để giữ giờ đẹp!",,,/var/www/fb-marketing-app/data/schedule-videos/final_1786204378507.mp4
14,2026-08-18,19:27,"✂️ Từng đường cắt tại SUSI HAIR SALON đều có lý do — không làm qua loa.
💬 Nhắn tin để stylist tư vấn riêng cho bạn!",,,/var/www/fb-marketing-app/data/schedule-videos/final_1786204993148.mp4
14,2026-08-19,19:27,"💆‍♀️ Thư giãn trọn vẹn trong lúc làm tóc tại SUSI HAIR SALON.
📍 Đặt lịch ngay hôm nay nhé!",,,/var/www/fb-marketing-app/data/schedule-videos/fullhd_1786185645789.mp4
14,2026-08-20,19:27,"🌟 Một buổi làm tóc, một lần tự tin hơn — cùng SUSI HAIR SALON.
💌 Inbox SUSI HAIR SALON để được tư vấn miễn phí!",,,/var/www/fb-marketing-app/data/schedule-videos/fullhd_1786186635195.mp4
14,2026-08-21,19:27,"📸 Khoảnh khắc thật tại SUSI HAIR SALON, không dàn dựng.
☎️ Gọi hotline để giữ giờ đẹp!",,,/var/www/fb-marketing-app/data/schedule-videos/fullhd_1786193679247.mp4
14,2026-08-22,19:27,"🩷 SUSI HAIR SALON — nơi mỗi mái tóc đều được chăm như lần đầu.
💬 Nhắn tin để stylist tư vấn riêng cho bạn!",,,/var/www/fb-marketing-app/data/schedule-videos/fullhd_1786195070432.mp4
14,2026-08-23,19:27,"🍃 Nhẹ nhàng, tự nhiên, đúng chất SUSI HAIR SALON.
📍 Đặt lịch ngay hôm nay nhé!",,,/var/www/fb-marketing-app/data/schedule-videos/fullhd_1786195795072.mp4
14,2026-08-24,19:27,"💇‍♀️ Một khoảnh khắc làm tóc tại SUSI HAIR SALON — nhẹ nhàng, tự nhiên, đúng phong cách bạn thích.
💌 Inbox SUSI HAIR SALON để được tư vấn miễn phí!",,,/var/www/fb-marketing-app/data/schedule-videos/fullhd_1786196047409.mp4
14,2026-08-25,19:27,"✨ SUSI HAIR SALON luôn chú trọng từng chi tiết nhỏ để mái tóc bạn lên form đẹp nhất.
☎️ Gọi hotline để giữ giờ đẹp!",,,/var/www/fb-marketing-app/data/schedule-videos/fullhd_1786203117230.mp4
14,2026-08-26,19:27,"🌸 Ghé SUSI HAIR SALON để cảm nhận sự khác biệt trong từng đường kéo, từng lọn tóc.
💬 Nhắn tin để stylist tư vấn riêng cho bạn!",,,/var/www/fb-marketing-app/data/schedule-videos/fullhd_1786204515702.mp4
14,2026-08-27,19:27,"💧 Chăm chút từng bước tại SUSI HAIR SALON — từ gội, ủ đến tạo kiểu, không vội vàng.
📍 Đặt lịch ngay hôm nay nhé!",,,/var/www/fb-marketing-app/data/schedule-videos/master_1786175670454.mp4
14,2026-08-28,19:27,"🎨 Một tông màu mới, một diện mạo mới cùng SUSI HAIR SALON.
💌 Inbox SUSI HAIR SALON để được tư vấn miễn phí!",,,/var/www/fb-marketing-app/data/schedule-videos/salon_Chuy_n_ng_t_c_m_t_6_cut.mp4
14,2026-08-29,19:27,"💁‍♀️ Stylist tại SUSI HAIR SALON luôn lắng nghe trước khi bắt tay vào làm.
☎️ Gọi hotline để giữ giờ đẹp!",,,/var/www/fb-marketing-app/data/schedule-videos/salon_Chuy_n_ng_t_c_m_t_7_cut.mp4
14,2026-08-30,19:27,"🌤️ Đổi gió cho mái tóc cùng SUSI HAIR SALON — nhẹ nhàng mà cuốn hút.
💬 Nhắn tin để stylist tư vấn riêng cho bạn!",,,/var/www/fb-marketing-app/data/schedule-videos/salon_N_c_i_th_n_th_ng_5_cut.mp4
14,2026-08-31,19:27,"🧴 SUSI HAIR SALON ưu tiên sản phẩm dưỡng an toàn cho tóc nhuộm/uốn.
📍 Đặt lịch ngay hôm nay nhé!",,,/var/www/fb-marketing-app/data/schedule-videos/salon_Ng_c_nh_n_t_nhi_n_2_cut.mp4
14,2026-09-01,19:27,"✂️ Từng đường cắt tại SUSI HAIR SALON đều có lý do — không làm qua loa.
💌 Inbox SUSI HAIR SALON để được tư vấn miễn phí!",,,/var/www/fb-marketing-app/data/schedule-videos/salon_Nh_n_qua_vai_6_cut.mp4
14,2026-09-02,19:27,"💆‍♀️ Thư giãn trọn vẹn trong lúc làm tóc tại SUSI HAIR SALON.
☎️ Gọi hotline để giữ giờ đẹp!",,,/var/www/fb-marketing-app/data/schedule-videos/salon_Salon_-_Ch_nh_t_c_1_7_cut.mp4
14,2026-09-03,19:27,"🌟 Một buổi làm tóc, một lần tự tin hơn — cùng SUSI HAIR SALON.
💬 Nhắn tin để stylist tư vấn riêng cho bạn!",,,/var/www/fb-marketing-app/data/schedule-videos/salon_Salon_-_Ch_nh_t_c_1_8_cut.mp4
14,2026-09-04,19:27,"📸 Khoảnh khắc thật tại SUSI HAIR SALON, không dàn dựng.
📍 Đặt lịch ngay hôm nay nhé!",,,/var/www/fb-marketing-app/data/schedule-videos/salon_Salon_-_Ch_nh_t_c_2_8_cut.mp4
14,2026-09-05,19:27,"🩷 SUSI HAIR SALON — nơi mỗi mái tóc đều được chăm như lần đầu.
💌 Inbox SUSI HAIR SALON để được tư vấn miễn phí!",,,/var/www/fb-marketing-app/data/schedule-videos/salon_Salon_-_Ch_nh_t_c_2_9_cut.mp4
14,2026-09-06,19:27,"🍃 Nhẹ nhàng, tự nhiên, đúng chất SUSI HAIR SALON.
☎️ Gọi hotline để giữ giờ đẹp!",,,/var/www/fb-marketing-app/data/schedule-videos/salon_Th_n_th_i_sang_tr_ng_9_cut.mp4
14,2026-09-07,19:27,"💇‍♀️ Một khoảnh khắc làm tóc tại SUSI HAIR SALON — nhẹ nhàng, tự nhiên, đúng phong cách bạn thích.
💬 Nhắn tin để stylist tư vấn riêng cho bạn!",,,/var/www/fb-marketing-app/data/schedule-videos/salon_Vu_t_t_c_duy_n_d_ng_4_cut.mp4
14,2026-09-08,19:27,"✨ SUSI HAIR SALON luôn chú trọng từng chi tiết nhỏ để mái tóc bạn lên form đẹp nhất.
📍 Đặt lịch ngay hôm nay nhé!",,,/var/www/fb-marketing-app/data/schedule-videos/salon_Xoay_m_t_g_c_nghi_ng_3_cut.mp4
13,2026-08-10,19:50,"💇‍♀️ Một khoảnh khắc làm tóc tại Susi hair cầu giấy — nhẹ nhàng, tự nhiên, đúng phong cách bạn thích.
📍 Đặt lịch ngay hôm nay nhé!",,,/var/www/fb-marketing-app/data/schedule-videos/final_1786192503392.mp4
13,2026-08-11,19:50,"✨ Susi hair cầu giấy luôn chú trọng từng chi tiết nhỏ để mái tóc bạn lên form đẹp nhất.
💌 Inbox Susi hair cầu giấy để được tư vấn miễn phí!",,,/var/www/fb-marketing-app/data/schedule-videos/final_1786192874824.mp4
13,2026-08-12,19:50,"🌸 Ghé Susi hair cầu giấy để cảm nhận sự khác biệt trong từng đường kéo, từng lọn tóc.
☎️ Gọi hotline để giữ giờ đẹp!",,,/var/www/fb-marketing-app/data/schedule-videos/final_1786193562054.mp4
13,2026-08-13,19:50,"💧 Chăm chút từng bước tại Susi hair cầu giấy — từ gội, ủ đến tạo kiểu, không vội vàng.
💬 Nhắn tin để stylist tư vấn riêng cho bạn!",,,/var/www/fb-marketing-app/data/schedule-videos/final_1786194978037.mp4
13,2026-08-14,19:50,"🎨 Một tông màu mới, một diện mạo mới cùng Susi hair cầu giấy.
📍 Đặt lịch ngay hôm nay nhé!",,,/var/www/fb-marketing-app/data/schedule-videos/final_1786195873283.mp4
13,2026-08-15,19:50,"💁‍♀️ Stylist tại Susi hair cầu giấy luôn lắng nghe trước khi bắt tay vào làm.
💌 Inbox Susi hair cầu giấy để được tư vấn miễn phí!",,,/var/www/fb-marketing-app/data/schedule-videos/final_1786202807893.mp4
13,2026-08-16,19:50,"🌤️ Đổi gió cho mái tóc cùng Susi hair cầu giấy — nhẹ nhàng mà cuốn hút.
☎️ Gọi hotline để giữ giờ đẹp!",,,/var/www/fb-marketing-app/data/schedule-videos/final_1786204378507.mp4
13,2026-08-17,19:50,"🧴 Susi hair cầu giấy ưu tiên sản phẩm dưỡng an toàn cho tóc nhuộm/uốn.
💬 Nhắn tin để stylist tư vấn riêng cho bạn!",,,/var/www/fb-marketing-app/data/schedule-videos/final_1786204993148.mp4
13,2026-08-18,19:50,"✂️ Từng đường cắt tại Susi hair cầu giấy đều có lý do — không làm qua loa.
📍 Đặt lịch ngay hôm nay nhé!",,,/var/www/fb-marketing-app/data/schedule-videos/fullhd_1786185645789.mp4
13,2026-08-19,19:50,"💆‍♀️ Thư giãn trọn vẹn trong lúc làm tóc tại Susi hair cầu giấy.
💌 Inbox Susi hair cầu giấy để được tư vấn miễn phí!",,,/var/www/fb-marketing-app/data/schedule-videos/fullhd_1786186635195.mp4
13,2026-08-20,19:50,"🌟 Một buổi làm tóc, một lần tự tin hơn — cùng Susi hair cầu giấy.
☎️ Gọi hotline để giữ giờ đẹp!",,,/var/www/fb-marketing-app/data/schedule-videos/fullhd_1786193679247.mp4
13,2026-08-21,19:50,"📸 Khoảnh khắc thật tại Susi hair cầu giấy, không dàn dựng.
💬 Nhắn tin để stylist tư vấn riêng cho bạn!",,,/var/www/fb-marketing-app/data/schedule-videos/fullhd_1786195070432.mp4
13,2026-08-22,19:50,"🩷 Susi hair cầu giấy — nơi mỗi mái tóc đều được chăm như lần đầu.
📍 Đặt lịch ngay hôm nay nhé!",,,/var/www/fb-marketing-app/data/schedule-videos/fullhd_1786195795072.mp4
13,2026-08-23,19:50,"🍃 Nhẹ nhàng, tự nhiên, đúng chất Susi hair cầu giấy.
💌 Inbox Susi hair cầu giấy để được tư vấn miễn phí!",,,/var/www/fb-marketing-app/data/schedule-videos/fullhd_1786196047409.mp4
13,2026-08-24,19:50,"💇‍♀️ Một khoảnh khắc làm tóc tại Susi hair cầu giấy — nhẹ nhàng, tự nhiên, đúng phong cách bạn thích.
☎️ Gọi hotline để giữ giờ đẹp!",,,/var/www/fb-marketing-app/data/schedule-videos/fullhd_1786203117230.mp4
13,2026-08-25,19:50,"✨ Susi hair cầu giấy luôn chú trọng từng chi tiết nhỏ để mái tóc bạn lên form đẹp nhất.
💬 Nhắn tin để stylist tư vấn riêng cho bạn!",,,/var/www/fb-marketing-app/data/schedule-videos/fullhd_1786204515702.mp4
13,2026-08-26,19:50,"🌸 Ghé Susi hair cầu giấy để cảm nhận sự khác biệt trong từng đường kéo, từng lọn tóc.
📍 Đặt lịch ngay hôm nay nhé!",,,/var/www/fb-marketing-app/data/schedule-videos/master_1786175670454.mp4
13,2026-08-27,19:50,"💧 Chăm chút từng bước tại Susi hair cầu giấy — từ gội, ủ đến tạo kiểu, không vội vàng.
💌 Inbox Susi hair cầu giấy để được tư vấn miễn phí!",,,/var/www/fb-marketing-app/data/schedule-videos/salon_Chuy_n_ng_t_c_m_t_6_cut.mp4
13,2026-08-28,19:50,"🎨 Một tông màu mới, một diện mạo mới cùng Susi hair cầu giấy.
☎️ Gọi hotline để giữ giờ đẹp!",,,/var/www/fb-marketing-app/data/schedule-videos/salon_Chuy_n_ng_t_c_m_t_7_cut.mp4
13,2026-08-29,19:50,"💁‍♀️ Stylist tại Susi hair cầu giấy luôn lắng nghe trước khi bắt tay vào làm.
💬 Nhắn tin để stylist tư vấn riêng cho bạn!",,,/var/www/fb-marketing-app/data/schedule-videos/salon_N_c_i_th_n_th_ng_5_cut.mp4
13,2026-08-30,19:50,"🌤️ Đổi gió cho mái tóc cùng Susi hair cầu giấy — nhẹ nhàng mà cuốn hút.
📍 Đặt lịch ngay hôm nay nhé!",,,/var/www/fb-marketing-app/data/schedule-videos/salon_Ng_c_nh_n_t_nhi_n_2_cut.mp4
13,2026-08-31,19:50,"🧴 Susi hair cầu giấy ưu tiên sản phẩm dưỡng an toàn cho tóc nhuộm/uốn.
💌 Inbox Susi hair cầu giấy để được tư vấn miễn phí!",,,/var/www/fb-marketing-app/data/schedule-videos/salon_Nh_n_qua_vai_6_cut.mp4
13,2026-09-01,19:50,"✂️ Từng đường cắt tại Susi hair cầu giấy đều có lý do — không làm qua loa.
☎️ Gọi hotline để giữ giờ đẹp!",,,/var/www/fb-marketing-app/data/schedule-videos/salon_Salon_-_Ch_nh_t_c_1_7_cut.mp4
13,2026-09-02,19:50,"💆‍♀️ Thư giãn trọn vẹn trong lúc làm tóc tại Susi hair cầu giấy.
💬 Nhắn tin để stylist tư vấn riêng cho bạn!",,,/var/www/fb-marketing-app/data/schedule-videos/salon_Salon_-_Ch_nh_t_c_1_8_cut.mp4
13,2026-09-03,19:50,"🌟 Một buổi làm tóc, một lần tự tin hơn — cùng Susi hair cầu giấy.
📍 Đặt lịch ngay hôm nay nhé!",,,/var/www/fb-marketing-app/data/schedule-videos/salon_Salon_-_Ch_nh_t_c_2_8_cut.mp4
13,2026-09-04,19:50,"📸 Khoảnh khắc thật tại Susi hair cầu giấy, không dàn dựng.
💌 Inbox Susi hair cầu giấy để được tư vấn miễn phí!",,,/var/www/fb-marketing-app/data/schedule-videos/salon_Salon_-_Ch_nh_t_c_2_9_cut.mp4
13,2026-09-05,19:50,"🩷 Susi hair cầu giấy — nơi mỗi mái tóc đều được chăm như lần đầu.
☎️ Gọi hotline để giữ giờ đẹp!",,,/var/www/fb-marketing-app/data/schedule-videos/salon_Th_n_th_i_sang_tr_ng_9_cut.mp4
13,2026-09-06,19:50,"🍃 Nhẹ nhàng, tự nhiên, đúng chất Susi hair cầu giấy.
💬 Nhắn tin để stylist tư vấn riêng cho bạn!",,,/var/www/fb-marketing-app/data/schedule-videos/salon_Vu_t_t_c_duy_n_d_ng_4_cut.mp4
13,2026-09-07,19:50,"💇‍♀️ Một khoảnh khắc làm tóc tại Susi hair cầu giấy — nhẹ nhàng, tự nhiên, đúng phong cách bạn thích.
📍 Đặt lịch ngay hôm nay nhé!",,,/var/www/fb-marketing-app/data/schedule-videos/salon_Xoay_m_t_g_c_nghi_ng_3_cut.mp4
13,2026-09-08,19:50,"✨ Susi hair cầu giấy luôn chú trọng từng chi tiết nhỏ để mái tóc bạn lên form đẹp nhất.
💌 Inbox Susi hair cầu giấy để được tư vấn miễn phí!",,,/var/www/fb-marketing-app/data/schedule-videos/salon_nh_nh_n_d_u_d_ng_1_cut.mp4
12,2026-08-10,20:13,"💇‍♀️ Một khoảnh khắc làm tóc tại Tóc Đẹp cầu Giấy — nhẹ nhàng, tự nhiên, đúng phong cách bạn thích.
💌 Inbox Tóc Đẹp cầu Giấy để được tư vấn miễn phí!",,,/var/www/fb-marketing-app/data/schedule-videos/final_1786192874824.mp4
12,2026-08-11,20:13,"✨ Tóc Đẹp cầu Giấy luôn chú trọng từng chi tiết nhỏ để mái tóc bạn lên form đẹp nhất.
☎️ Gọi hotline để giữ giờ đẹp!",,,/var/www/fb-marketing-app/data/schedule-videos/final_1786193562054.mp4
12,2026-08-12,20:13,"🌸 Ghé Tóc Đẹp cầu Giấy để cảm nhận sự khác biệt trong từng đường kéo, từng lọn tóc.
💬 Nhắn tin để stylist tư vấn riêng cho bạn!",,,/var/www/fb-marketing-app/data/schedule-videos/final_1786194978037.mp4
12,2026-08-13,20:13,"💧 Chăm chút từng bước tại Tóc Đẹp cầu Giấy — từ gội, ủ đến tạo kiểu, không vội vàng.
📍 Đặt lịch ngay hôm nay nhé!",,,/var/www/fb-marketing-app/data/schedule-videos/final_1786195873283.mp4
12,2026-08-14,20:13,"🎨 Một tông màu mới, một diện mạo mới cùng Tóc Đẹp cầu Giấy.
💌 Inbox Tóc Đẹp cầu Giấy để được tư vấn miễn phí!",,,/var/www/fb-marketing-app/data/schedule-videos/final_1786202807893.mp4
12,2026-08-15,20:13,"💁‍♀️ Stylist tại Tóc Đẹp cầu Giấy luôn lắng nghe trước khi bắt tay vào làm.
☎️ Gọi hotline để giữ giờ đẹp!",,,/var/www/fb-marketing-app/data/schedule-videos/final_1786204378507.mp4
12,2026-08-16,20:13,"🌤️ Đổi gió cho mái tóc cùng Tóc Đẹp cầu Giấy — nhẹ nhàng mà cuốn hút.
💬 Nhắn tin để stylist tư vấn riêng cho bạn!",,,/var/www/fb-marketing-app/data/schedule-videos/final_1786204993148.mp4
12,2026-08-17,20:13,"🧴 Tóc Đẹp cầu Giấy ưu tiên sản phẩm dưỡng an toàn cho tóc nhuộm/uốn.
📍 Đặt lịch ngay hôm nay nhé!",,,/var/www/fb-marketing-app/data/schedule-videos/fullhd_1786185645789.mp4
12,2026-08-18,20:13,"✂️ Từng đường cắt tại Tóc Đẹp cầu Giấy đều có lý do — không làm qua loa.
💌 Inbox Tóc Đẹp cầu Giấy để được tư vấn miễn phí!",,,/var/www/fb-marketing-app/data/schedule-videos/fullhd_1786186635195.mp4
12,2026-08-19,20:13,"💆‍♀️ Thư giãn trọn vẹn trong lúc làm tóc tại Tóc Đẹp cầu Giấy.
☎️ Gọi hotline để giữ giờ đẹp!",,,/var/www/fb-marketing-app/data/schedule-videos/fullhd_1786193679247.mp4
12,2026-08-20,20:13,"🌟 Một buổi làm tóc, một lần tự tin hơn — cùng Tóc Đẹp cầu Giấy.
💬 Nhắn tin để stylist tư vấn riêng cho bạn!",,,/var/www/fb-marketing-app/data/schedule-videos/fullhd_1786195070432.mp4
12,2026-08-21,20:13,"📸 Khoảnh khắc thật tại Tóc Đẹp cầu Giấy, không dàn dựng.
📍 Đặt lịch ngay hôm nay nhé!",,,/var/www/fb-marketing-app/data/schedule-videos/fullhd_1786195795072.mp4
12,2026-08-22,20:13,"🩷 Tóc Đẹp cầu Giấy — nơi mỗi mái tóc đều được chăm như lần đầu.
💌 Inbox Tóc Đẹp cầu Giấy để được tư vấn miễn phí!",,,/var/www/fb-marketing-app/data/schedule-videos/fullhd_1786196047409.mp4
12,2026-08-23,20:13,"🍃 Nhẹ nhàng, tự nhiên, đúng chất Tóc Đẹp cầu Giấy.
☎️ Gọi hotline để giữ giờ đẹp!",,,/var/www/fb-marketing-app/data/schedule-videos/fullhd_1786203117230.mp4
12,2026-08-24,20:13,"💇‍♀️ Một khoảnh khắc làm tóc tại Tóc Đẹp cầu Giấy — nhẹ nhàng, tự nhiên, đúng phong cách bạn thích.
💬 Nhắn tin để stylist tư vấn riêng cho bạn!",,,/var/www/fb-marketing-app/data/schedule-videos/fullhd_1786204515702.mp4
12,2026-08-25,20:13,"✨ Tóc Đẹp cầu Giấy luôn chú trọng từng chi tiết nhỏ để mái tóc bạn lên form đẹp nhất.
📍 Đặt lịch ngay hôm nay nhé!",,,/var/www/fb-marketing-app/data/schedule-videos/master_1786175670454.mp4
12,2026-08-26,20:13,"🌸 Ghé Tóc Đẹp cầu Giấy để cảm nhận sự khác biệt trong từng đường kéo, từng lọn tóc.
💌 Inbox Tóc Đẹp cầu Giấy để được tư vấn miễn phí!",,,/var/www/fb-marketing-app/data/schedule-videos/salon_Chuy_n_ng_t_c_m_t_6_cut.mp4
12,2026-08-27,20:13,"💧 Chăm chút từng bước tại Tóc Đẹp cầu Giấy — từ gội, ủ đến tạo kiểu, không vội vàng.
☎️ Gọi hotline để giữ giờ đẹp!",,,/var/www/fb-marketing-app/data/schedule-videos/salon_Chuy_n_ng_t_c_m_t_7_cut.mp4
12,2026-08-28,20:13,"🎨 Một tông màu mới, một diện mạo mới cùng Tóc Đẹp cầu Giấy.
💬 Nhắn tin để stylist tư vấn riêng cho bạn!",,,/var/www/fb-marketing-app/data/schedule-videos/salon_N_c_i_th_n_th_ng_5_cut.mp4
12,2026-08-29,20:13,"💁‍♀️ Stylist tại Tóc Đẹp cầu Giấy luôn lắng nghe trước khi bắt tay vào làm.
📍 Đặt lịch ngay hôm nay nhé!",,,/var/www/fb-marketing-app/data/schedule-videos/salon_Ng_c_nh_n_t_nhi_n_2_cut.mp4
12,2026-08-30,20:13,"🌤️ Đổi gió cho mái tóc cùng Tóc Đẹp cầu Giấy — nhẹ nhàng mà cuốn hút.
💌 Inbox Tóc Đẹp cầu Giấy để được tư vấn miễn phí!",,,/var/www/fb-marketing-app/data/schedule-videos/salon_Nh_n_qua_vai_6_cut.mp4
12,2026-08-31,20:13,"🧴 Tóc Đẹp cầu Giấy ưu tiên sản phẩm dưỡng an toàn cho tóc nhuộm/uốn.
☎️ Gọi hotline để giữ giờ đẹp!",,,/var/www/fb-marketing-app/data/schedule-videos/salon_Salon_-_Ch_nh_t_c_1_7_cut.mp4
12,2026-09-01,20:13,"✂️ Từng đường cắt tại Tóc Đẹp cầu Giấy đều có lý do — không làm qua loa.
💬 Nhắn tin để stylist tư vấn riêng cho bạn!",,,/var/www/fb-marketing-app/data/schedule-videos/salon_Salon_-_Ch_nh_t_c_1_8_cut.mp4
12,2026-09-02,20:13,"💆‍♀️ Thư giãn trọn vẹn trong lúc làm tóc tại Tóc Đẹp cầu Giấy.
📍 Đặt lịch ngay hôm nay nhé!",,,/var/www/fb-marketing-app/data/schedule-videos/salon_Salon_-_Ch_nh_t_c_2_8_cut.mp4
12,2026-09-03,20:13,"🌟 Một buổi làm tóc, một lần tự tin hơn — cùng Tóc Đẹp cầu Giấy.
💌 Inbox Tóc Đẹp cầu Giấy để được tư vấn miễn phí!",,,/var/www/fb-marketing-app/data/schedule-videos/salon_Salon_-_Ch_nh_t_c_2_9_cut.mp4
12,2026-09-04,20:13,"📸 Khoảnh khắc thật tại Tóc Đẹp cầu Giấy, không dàn dựng.
☎️ Gọi hotline để giữ giờ đẹp!",,,/var/www/fb-marketing-app/data/schedule-videos/salon_Th_n_th_i_sang_tr_ng_9_cut.mp4
12,2026-09-05,20:13,"🩷 Tóc Đẹp cầu Giấy — nơi mỗi mái tóc đều được chăm như lần đầu.
💬 Nhắn tin để stylist tư vấn riêng cho bạn!",,,/var/www/fb-marketing-app/data/schedule-videos/salon_Vu_t_t_c_duy_n_d_ng_4_cut.mp4
12,2026-09-06,20:13,"🍃 Nhẹ nhàng, tự nhiên, đúng chất Tóc Đẹp cầu Giấy.
📍 Đặt lịch ngay hôm nay nhé!",,,/var/www/fb-marketing-app/data/schedule-videos/salon_Xoay_m_t_g_c_nghi_ng_3_cut.mp4
12,2026-09-07,20:13,"💇‍♀️ Một khoảnh khắc làm tóc tại Tóc Đẹp cầu Giấy — nhẹ nhàng, tự nhiên, đúng phong cách bạn thích.
💌 Inbox Tóc Đẹp cầu Giấy để được tư vấn miễn phí!",,,/var/www/fb-marketing-app/data/schedule-videos/salon_nh_nh_n_d_u_d_ng_1_cut.mp4
12,2026-09-08,20:13,"✨ Tóc Đẹp cầu Giấy luôn chú trọng từng chi tiết nhỏ để mái tóc bạn lên form đẹp nhất.
☎️ Gọi hotline để giữ giờ đẹp!",,,/var/www/fb-marketing-app/data/schedule-videos/final_1786178553099.mp4
11,2026-08-10,19:05,"💇‍♀️ Một khoảnh khắc làm tóc tại Chuyên Xoăn Sóng Cầu Giấy — nhẹ nhàng, tự nhiên, đúng phong cách bạn thích.
☎️ Gọi hotline để giữ giờ đẹp!",,,/var/www/fb-marketing-app/data/schedule-videos/final_1786193562054.mp4
11,2026-08-11,19:05,"✨ Chuyên Xoăn Sóng Cầu Giấy luôn chú trọng từng chi tiết nhỏ để mái tóc bạn lên form đẹp nhất.
💬 Nhắn tin để stylist tư vấn riêng cho bạn!",,,/var/www/fb-marketing-app/data/schedule-videos/final_1786194978037.mp4
11,2026-08-12,19:05,"🌸 Ghé Chuyên Xoăn Sóng Cầu Giấy để cảm nhận sự khác biệt trong từng đường kéo, từng lọn tóc.
📍 Đặt lịch ngay hôm nay nhé!",,,/var/www/fb-marketing-app/data/schedule-videos/final_1786195873283.mp4
11,2026-08-13,19:05,"💧 Chăm chút từng bước tại Chuyên Xoăn Sóng Cầu Giấy — từ gội, ủ đến tạo kiểu, không vội vàng.
💌 Inbox Chuyên Xoăn Sóng Cầu Giấy để được tư vấn miễn phí!",,,/var/www/fb-marketing-app/data/schedule-videos/final_1786202807893.mp4
11,2026-08-14,19:05,"🎨 Một tông màu mới, một diện mạo mới cùng Chuyên Xoăn Sóng Cầu Giấy.
☎️ Gọi hotline để giữ giờ đẹp!",,,/var/www/fb-marketing-app/data/schedule-videos/final_1786204378507.mp4
11,2026-08-15,19:05,"💁‍♀️ Stylist tại Chuyên Xoăn Sóng Cầu Giấy luôn lắng nghe trước khi bắt tay vào làm.
💬 Nhắn tin để stylist tư vấn riêng cho bạn!",,,/var/www/fb-marketing-app/data/schedule-videos/final_1786204993148.mp4
11,2026-08-16,19:05,"🌤️ Đổi gió cho mái tóc cùng Chuyên Xoăn Sóng Cầu Giấy — nhẹ nhàng mà cuốn hút.
📍 Đặt lịch ngay hôm nay nhé!",,,/var/www/fb-marketing-app/data/schedule-videos/fullhd_1786185645789.mp4
11,2026-08-17,19:05,"🧴 Chuyên Xoăn Sóng Cầu Giấy ưu tiên sản phẩm dưỡng an toàn cho tóc nhuộm/uốn.
💌 Inbox Chuyên Xoăn Sóng Cầu Giấy để được tư vấn miễn phí!",,,/var/www/fb-marketing-app/data/schedule-videos/fullhd_1786186635195.mp4
11,2026-08-18,19:05,"✂️ Từng đường cắt tại Chuyên Xoăn Sóng Cầu Giấy đều có lý do — không làm qua loa.
☎️ Gọi hotline để giữ giờ đẹp!",,,/var/www/fb-marketing-app/data/schedule-videos/fullhd_1786193679247.mp4
11,2026-08-19,19:05,"💆‍♀️ Thư giãn trọn vẹn trong lúc làm tóc tại Chuyên Xoăn Sóng Cầu Giấy.
💬 Nhắn tin để stylist tư vấn riêng cho bạn!",,,/var/www/fb-marketing-app/data/schedule-videos/fullhd_1786195070432.mp4
11,2026-08-20,19:05,"🌟 Một buổi làm tóc, một lần tự tin hơn — cùng Chuyên Xoăn Sóng Cầu Giấy.
📍 Đặt lịch ngay hôm nay nhé!",,,/var/www/fb-marketing-app/data/schedule-videos/fullhd_1786195795072.mp4
11,2026-08-21,19:05,"📸 Khoảnh khắc thật tại Chuyên Xoăn Sóng Cầu Giấy, không dàn dựng.
💌 Inbox Chuyên Xoăn Sóng Cầu Giấy để được tư vấn miễn phí!",,,/var/www/fb-marketing-app/data/schedule-videos/fullhd_1786196047409.mp4
11,2026-08-22,19:05,"🩷 Chuyên Xoăn Sóng Cầu Giấy — nơi mỗi mái tóc đều được chăm như lần đầu.
☎️ Gọi hotline để giữ giờ đẹp!",,,/var/www/fb-marketing-app/data/schedule-videos/fullhd_1786203117230.mp4
11,2026-08-23,19:05,"🍃 Nhẹ nhàng, tự nhiên, đúng chất Chuyên Xoăn Sóng Cầu Giấy.
💬 Nhắn tin để stylist tư vấn riêng cho bạn!",,,/var/www/fb-marketing-app/data/schedule-videos/fullhd_1786204515702.mp4
11,2026-08-24,19:05,"💇‍♀️ Một khoảnh khắc làm tóc tại Chuyên Xoăn Sóng Cầu Giấy — nhẹ nhàng, tự nhiên, đúng phong cách bạn thích.
📍 Đặt lịch ngay hôm nay nhé!",,,/var/www/fb-marketing-app/data/schedule-videos/master_1786175670454.mp4
11,2026-08-25,19:05,"✨ Chuyên Xoăn Sóng Cầu Giấy luôn chú trọng từng chi tiết nhỏ để mái tóc bạn lên form đẹp nhất.
💌 Inbox Chuyên Xoăn Sóng Cầu Giấy để được tư vấn miễn phí!",,,/var/www/fb-marketing-app/data/schedule-videos/salon_Chuy_n_ng_t_c_m_t_6_cut.mp4
11,2026-08-26,19:05,"🌸 Ghé Chuyên Xoăn Sóng Cầu Giấy để cảm nhận sự khác biệt trong từng đường kéo, từng lọn tóc.
☎️ Gọi hotline để giữ giờ đẹp!",,,/var/www/fb-marketing-app/data/schedule-videos/salon_Chuy_n_ng_t_c_m_t_7_cut.mp4
11,2026-08-27,19:05,"💧 Chăm chút từng bước tại Chuyên Xoăn Sóng Cầu Giấy — từ gội, ủ đến tạo kiểu, không vội vàng.
💬 Nhắn tin để stylist tư vấn riêng cho bạn!",,,/var/www/fb-marketing-app/data/schedule-videos/salon_N_c_i_th_n_th_ng_5_cut.mp4
11,2026-08-28,19:05,"🎨 Một tông màu mới, một diện mạo mới cùng Chuyên Xoăn Sóng Cầu Giấy.
📍 Đặt lịch ngay hôm nay nhé!",,,/var/www/fb-marketing-app/data/schedule-videos/salon_Ng_c_nh_n_t_nhi_n_2_cut.mp4
11,2026-08-29,19:05,"💁‍♀️ Stylist tại Chuyên Xoăn Sóng Cầu Giấy luôn lắng nghe trước khi bắt tay vào làm.
💌 Inbox Chuyên Xoăn Sóng Cầu Giấy để được tư vấn miễn phí!",,,/var/www/fb-marketing-app/data/schedule-videos/salon_Nh_n_qua_vai_6_cut.mp4
11,2026-08-30,19:05,"🌤️ Đổi gió cho mái tóc cùng Chuyên Xoăn Sóng Cầu Giấy — nhẹ nhàng mà cuốn hút.
☎️ Gọi hotline để giữ giờ đẹp!",,,/var/www/fb-marketing-app/data/schedule-videos/salon_Salon_-_Ch_nh_t_c_1_7_cut.mp4
11,2026-08-31,19:05,"🧴 Chuyên Xoăn Sóng Cầu Giấy ưu tiên sản phẩm dưỡng an toàn cho tóc nhuộm/uốn.
💬 Nhắn tin để stylist tư vấn riêng cho bạn!",,,/var/www/fb-marketing-app/data/schedule-videos/salon_Salon_-_Ch_nh_t_c_1_8_cut.mp4
11,2026-09-01,19:05,"✂️ Từng đường cắt tại Chuyên Xoăn Sóng Cầu Giấy đều có lý do — không làm qua loa.
📍 Đặt lịch ngay hôm nay nhé!",,,/var/www/fb-marketing-app/data/schedule-videos/salon_Salon_-_Ch_nh_t_c_2_8_cut.mp4
11,2026-09-02,19:05,"💆‍♀️ Thư giãn trọn vẹn trong lúc làm tóc tại Chuyên Xoăn Sóng Cầu Giấy.
💌 Inbox Chuyên Xoăn Sóng Cầu Giấy để được tư vấn miễn phí!",,,/var/www/fb-marketing-app/data/schedule-videos/salon_Salon_-_Ch_nh_t_c_2_9_cut.mp4
11,2026-09-03,19:05,"🌟 Một buổi làm tóc, một lần tự tin hơn — cùng Chuyên Xoăn Sóng Cầu Giấy.
☎️ Gọi hotline để giữ giờ đẹp!",,,/var/www/fb-marketing-app/data/schedule-videos/salon_Th_n_th_i_sang_tr_ng_9_cut.mp4
11,2026-09-04,19:05,"📸 Khoảnh khắc thật tại Chuyên Xoăn Sóng Cầu Giấy, không dàn dựng.
💬 Nhắn tin để stylist tư vấn riêng cho bạn!",,,/var/www/fb-marketing-app/data/schedule-videos/salon_Vu_t_t_c_duy_n_d_ng_4_cut.mp4
11,2026-09-05,19:05,"🩷 Chuyên Xoăn Sóng Cầu Giấy — nơi mỗi mái tóc đều được chăm như lần đầu.
📍 Đặt lịch ngay hôm nay nhé!",,,/var/www/fb-marketing-app/data/schedule-videos/salon_Xoay_m_t_g_c_nghi_ng_3_cut.mp4
11,2026-09-06,19:05,"🍃 Nhẹ nhàng, tự nhiên, đúng chất Chuyên Xoăn Sóng Cầu Giấy.
💌 Inbox Chuyên Xoăn Sóng Cầu Giấy để được tư vấn miễn phí!",,,/var/www/fb-marketing-app/data/schedule-videos/salon_nh_nh_n_d_u_d_ng_1_cut.mp4
11,2026-09-07,19:05,"💇‍♀️ Một khoảnh khắc làm tóc tại Chuyên Xoăn Sóng Cầu Giấy — nhẹ nhàng, tự nhiên, đúng phong cách bạn thích.
☎️ Gọi hotline để giữ giờ đẹp!",,,/var/www/fb-marketing-app/data/schedule-videos/final_1786178553099.mp4
11,2026-09-08,19:05,"✨ Chuyên Xoăn Sóng Cầu Giấy luôn chú trọng từng chi tiết nhỏ để mái tóc bạn lên form đẹp nhất.
💬 Nhắn tin để stylist tư vấn riêng cho bạn!",,,/var/www/fb-marketing-app/data/schedule-videos/final_1786181766533.mp4
10,2026-08-10,19:28,"💈 Một buổi cắt tóc gọn gàng, chỉn chu tại Nam Hair studio Cầu giấy.
💬 Nhắn tin để được tư vấn kiểu phù hợp!",,,/var/www/fb-marketing-app/data/schedule-videos/final_1786194978037.mp4
10,2026-08-11,19:28,"✂️ Đường kéo dứt khoát, tay nghề vững tại Nam Hair studio Cầu giấy.
📍 Đặt lịch ngay hôm nay nhé anh em!",,,/var/www/fb-marketing-app/data/schedule-videos/final_1786195873283.mp4
10,2026-08-12,19:28,"🔥 Đổi kiểu đầu mới cùng Nam Hair studio Cầu giấy — gọn mà vẫn có nét riêng.
💌 Inbox Nam Hair studio Cầu giấy để được tư vấn nhanh!",,,/var/www/fb-marketing-app/data/schedule-videos/final_1786202807893.mp4
10,2026-08-13,19:28,"💪 Nam Hair studio Cầu giấy — nhanh, gọn, đúng ý anh em.
☎️ Gọi hotline đặt lịch trong hôm nay!",,,/var/www/fb-marketing-app/data/schedule-videos/final_1786204378507.mp4
10,2026-08-14,19:28,"🪒 Từ cắt đến tạo kiểu, Nam Hair studio Cầu giấy lo trọn gói.
💬 Nhắn tin để được tư vấn kiểu phù hợp!",,,/var/www/fb-marketing-app/data/schedule-videos/final_1786204993148.mp4
10,2026-08-15,19:28,"😎 Diện mạo mới, tự tin hơn cùng Nam Hair studio Cầu giấy.
📍 Đặt lịch ngay hôm nay nhé anh em!",,,/var/www/fb-marketing-app/data/schedule-videos/fullhd_1786185645789.mp4
10,2026-08-16,19:28,"💇‍♂️ Barber tại Nam Hair studio Cầu giấy luôn hỏi kỹ trước khi cắt.
💌 Inbox Nam Hair studio Cầu giấy để được tư vấn nhanh!",,,/var/www/fb-marketing-app/data/schedule-videos/fullhd_1786186635195.mp4
10,2026-08-17,19:28,"⚡ Ghé Nam Hair studio Cầu giấy tranh thủ giờ rảnh, không phải chờ lâu.
☎️ Gọi hotline đặt lịch trong hôm nay!",,,/var/www/fb-marketing-app/data/schedule-videos/fullhd_1786193679247.mp4
10,2026-08-18,19:28,"🧴 Nam Hair studio Cầu giấy dùng sản phẩm chăm sóc tóc/da đầu chuyên cho nam.
💬 Nhắn tin để được tư vấn kiểu phù hợp!",,,/var/www/fb-marketing-app/data/schedule-videos/fullhd_1786195070432.mp4
10,2026-08-19,19:28,"🎬 Khoảnh khắc thật tại Nam Hair studio Cầu giấy, không dàn dựng.
📍 Đặt lịch ngay hôm nay nhé anh em!",,,/var/www/fb-marketing-app/data/schedule-videos/fullhd_1786195795072.mp4
10,2026-08-20,19:28,"👊 Gọn gàng, chuyên nghiệp — đúng chất Nam Hair studio Cầu giấy.
💌 Inbox Nam Hair studio Cầu giấy để được tư vấn nhanh!",,,/var/www/fb-marketing-app/data/schedule-videos/fullhd_1786196047409.mp4
10,2026-08-21,19:28,"🌆 Một buổi chiều làm mới đầu tóc tại Nam Hair studio Cầu giấy.
☎️ Gọi hotline đặt lịch trong hôm nay!",,,/var/www/fb-marketing-app/data/schedule-videos/fullhd_1786203117230.mp4
10,2026-08-22,19:28,"💈 Một buổi cắt tóc gọn gàng, chỉn chu tại Nam Hair studio Cầu giấy.
💬 Nhắn tin để được tư vấn kiểu phù hợp!",,,/var/www/fb-marketing-app/data/schedule-videos/fullhd_1786204515702.mp4
10,2026-08-23,19:28,"✂️ Đường kéo dứt khoát, tay nghề vững tại Nam Hair studio Cầu giấy.
📍 Đặt lịch ngay hôm nay nhé anh em!",,,/var/www/fb-marketing-app/data/schedule-videos/master_1786175670454.mp4
10,2026-08-24,19:28,"🔥 Đổi kiểu đầu mới cùng Nam Hair studio Cầu giấy — gọn mà vẫn có nét riêng.
💌 Inbox Nam Hair studio Cầu giấy để được tư vấn nhanh!",,,/var/www/fb-marketing-app/data/schedule-videos/salon_Chuy_n_ng_t_c_m_t_6_cut.mp4
10,2026-08-25,19:28,"💪 Nam Hair studio Cầu giấy — nhanh, gọn, đúng ý anh em.
☎️ Gọi hotline đặt lịch trong hôm nay!",,,/var/www/fb-marketing-app/data/schedule-videos/salon_Chuy_n_ng_t_c_m_t_7_cut.mp4
10,2026-08-26,19:28,"🪒 Từ cắt đến tạo kiểu, Nam Hair studio Cầu giấy lo trọn gói.
💬 Nhắn tin để được tư vấn kiểu phù hợp!",,,/var/www/fb-marketing-app/data/schedule-videos/salon_N_c_i_th_n_th_ng_5_cut.mp4
10,2026-08-27,19:28,"😎 Diện mạo mới, tự tin hơn cùng Nam Hair studio Cầu giấy.
📍 Đặt lịch ngay hôm nay nhé anh em!",,,/var/www/fb-marketing-app/data/schedule-videos/salon_Ng_c_nh_n_t_nhi_n_2_cut.mp4
10,2026-08-28,19:28,"💇‍♂️ Barber tại Nam Hair studio Cầu giấy luôn hỏi kỹ trước khi cắt.
💌 Inbox Nam Hair studio Cầu giấy để được tư vấn nhanh!",,,/var/www/fb-marketing-app/data/schedule-videos/salon_Nh_n_qua_vai_6_cut.mp4
10,2026-08-29,19:28,"⚡ Ghé Nam Hair studio Cầu giấy tranh thủ giờ rảnh, không phải chờ lâu.
☎️ Gọi hotline đặt lịch trong hôm nay!",,,/var/www/fb-marketing-app/data/schedule-videos/salon_Salon_-_Ch_nh_t_c_1_7_cut.mp4
10,2026-08-30,19:28,"🧴 Nam Hair studio Cầu giấy dùng sản phẩm chăm sóc tóc/da đầu chuyên cho nam.
💬 Nhắn tin để được tư vấn kiểu phù hợp!",,,/var/www/fb-marketing-app/data/schedule-videos/salon_Salon_-_Ch_nh_t_c_1_8_cut.mp4
10,2026-08-31,19:28,"🎬 Khoảnh khắc thật tại Nam Hair studio Cầu giấy, không dàn dựng.
📍 Đặt lịch ngay hôm nay nhé anh em!",,,/var/www/fb-marketing-app/data/schedule-videos/salon_Salon_-_Ch_nh_t_c_2_8_cut.mp4
10,2026-09-01,19:28,"👊 Gọn gàng, chuyên nghiệp — đúng chất Nam Hair studio Cầu giấy.
💌 Inbox Nam Hair studio Cầu giấy để được tư vấn nhanh!",,,/var/www/fb-marketing-app/data/schedule-videos/salon_Salon_-_Ch_nh_t_c_2_9_cut.mp4
10,2026-09-02,19:28,"🌆 Một buổi chiều làm mới đầu tóc tại Nam Hair studio Cầu giấy.
☎️ Gọi hotline đặt lịch trong hôm nay!",,,/var/www/fb-marketing-app/data/schedule-videos/salon_Th_n_th_i_sang_tr_ng_9_cut.mp4
10,2026-09-03,19:28,"💈 Một buổi cắt tóc gọn gàng, chỉn chu tại Nam Hair studio Cầu giấy.
💬 Nhắn tin để được tư vấn kiểu phù hợp!",,,/var/www/fb-marketing-app/data/schedule-videos/salon_Vu_t_t_c_duy_n_d_ng_4_cut.mp4
10,2026-09-04,19:28,"✂️ Đường kéo dứt khoát, tay nghề vững tại Nam Hair studio Cầu giấy.
📍 Đặt lịch ngay hôm nay nhé anh em!",,,/var/www/fb-marketing-app/data/schedule-videos/salon_Xoay_m_t_g_c_nghi_ng_3_cut.mp4
10,2026-09-05,19:28,"🔥 Đổi kiểu đầu mới cùng Nam Hair studio Cầu giấy — gọn mà vẫn có nét riêng.
💌 Inbox Nam Hair studio Cầu giấy để được tư vấn nhanh!",,,/var/www/fb-marketing-app/data/schedule-videos/salon_nh_nh_n_d_u_d_ng_1_cut.mp4
10,2026-09-06,19:28,"💪 Nam Hair studio Cầu giấy — nhanh, gọn, đúng ý anh em.
☎️ Gọi hotline đặt lịch trong hôm nay!",,,/var/www/fb-marketing-app/data/schedule-videos/final_1786178553099.mp4
10,2026-09-07,19:28,"🪒 Từ cắt đến tạo kiểu, Nam Hair studio Cầu giấy lo trọn gói.
💬 Nhắn tin để được tư vấn kiểu phù hợp!",,,/var/www/fb-marketing-app/data/schedule-videos/final_1786181766533.mp4
10,2026-09-08,19:28,"😎 Diện mạo mới, tự tin hơn cùng Nam Hair studio Cầu giấy.
📍 Đặt lịch ngay hôm nay nhé anh em!",,,/var/www/fb-marketing-app/data/schedule-videos/final_1786186507562.mp4
9,2026-08-10,19:51,"💈 Một buổi cắt tóc gọn gàng, chỉn chu tại Nam Hair Cầu Giấy- chuyên layer.
📍 Đặt lịch ngay hôm nay nhé anh em!",,,/var/www/fb-marketing-app/data/schedule-videos/final_1786195873283.mp4
9,2026-08-11,19:51,"✂️ Đường kéo dứt khoát, tay nghề vững tại Nam Hair Cầu Giấy- chuyên layer.
💌 Inbox Nam Hair Cầu Giấy- chuyên layer để được tư vấn nhanh!",,,/var/www/fb-marketing-app/data/schedule-videos/final_1786202807893.mp4
9,2026-08-12,19:51,"🔥 Đổi kiểu đầu mới cùng Nam Hair Cầu Giấy- chuyên layer — gọn mà vẫn có nét riêng.
☎️ Gọi hotline đặt lịch trong hôm nay!",,,/var/www/fb-marketing-app/data/schedule-videos/final_1786204378507.mp4
9,2026-08-13,19:51,"💪 Nam Hair Cầu Giấy- chuyên layer — nhanh, gọn, đúng ý anh em.
💬 Nhắn tin để được tư vấn kiểu phù hợp!",,,/var/www/fb-marketing-app/data/schedule-videos/final_1786204993148.mp4
9,2026-08-14,19:51,"🪒 Từ cắt đến tạo kiểu, Nam Hair Cầu Giấy- chuyên layer lo trọn gói.
📍 Đặt lịch ngay hôm nay nhé anh em!",,,/var/www/fb-marketing-app/data/schedule-videos/fullhd_1786185645789.mp4
9,2026-08-15,19:51,"😎 Diện mạo mới, tự tin hơn cùng Nam Hair Cầu Giấy- chuyên layer.
💌 Inbox Nam Hair Cầu Giấy- chuyên layer để được tư vấn nhanh!",,,/var/www/fb-marketing-app/data/schedule-videos/fullhd_1786186635195.mp4
9,2026-08-16,19:51,"💇‍♂️ Barber tại Nam Hair Cầu Giấy- chuyên layer luôn hỏi kỹ trước khi cắt.
☎️ Gọi hotline đặt lịch trong hôm nay!",,,/var/www/fb-marketing-app/data/schedule-videos/fullhd_1786193679247.mp4
9,2026-08-17,19:51,"⚡ Ghé Nam Hair Cầu Giấy- chuyên layer tranh thủ giờ rảnh, không phải chờ lâu.
💬 Nhắn tin để được tư vấn kiểu phù hợp!",,,/var/www/fb-marketing-app/data/schedule-videos/fullhd_1786195070432.mp4
9,2026-08-18,19:51,"🧴 Nam Hair Cầu Giấy- chuyên layer dùng sản phẩm chăm sóc tóc/da đầu chuyên cho nam.
📍 Đặt lịch ngay hôm nay nhé anh em!",,,/var/www/fb-marketing-app/data/schedule-videos/fullhd_1786195795072.mp4
9,2026-08-19,19:51,"🎬 Khoảnh khắc thật tại Nam Hair Cầu Giấy- chuyên layer, không dàn dựng.
💌 Inbox Nam Hair Cầu Giấy- chuyên layer để được tư vấn nhanh!",,,/var/www/fb-marketing-app/data/schedule-videos/fullhd_1786196047409.mp4
9,2026-08-20,19:51,"👊 Gọn gàng, chuyên nghiệp — đúng chất Nam Hair Cầu Giấy- chuyên layer.
☎️ Gọi hotline đặt lịch trong hôm nay!",,,/var/www/fb-marketing-app/data/schedule-videos/fullhd_1786203117230.mp4
9,2026-08-21,19:51,"🌆 Một buổi chiều làm mới đầu tóc tại Nam Hair Cầu Giấy- chuyên layer.
💬 Nhắn tin để được tư vấn kiểu phù hợp!",,,/var/www/fb-marketing-app/data/schedule-videos/fullhd_1786204515702.mp4
9,2026-08-22,19:51,"💈 Một buổi cắt tóc gọn gàng, chỉn chu tại Nam Hair Cầu Giấy- chuyên layer.
📍 Đặt lịch ngay hôm nay nhé anh em!",,,/var/www/fb-marketing-app/data/schedule-videos/master_1786175670454.mp4
9,2026-08-23,19:51,"✂️ Đường kéo dứt khoát, tay nghề vững tại Nam Hair Cầu Giấy- chuyên layer.
💌 Inbox Nam Hair Cầu Giấy- chuyên layer để được tư vấn nhanh!",,,/var/www/fb-marketing-app/data/schedule-videos/salon_Chuy_n_ng_t_c_m_t_6_cut.mp4
9,2026-08-24,19:51,"🔥 Đổi kiểu đầu mới cùng Nam Hair Cầu Giấy- chuyên layer — gọn mà vẫn có nét riêng.
☎️ Gọi hotline đặt lịch trong hôm nay!",,,/var/www/fb-marketing-app/data/schedule-videos/salon_Chuy_n_ng_t_c_m_t_7_cut.mp4
9,2026-08-25,19:51,"💪 Nam Hair Cầu Giấy- chuyên layer — nhanh, gọn, đúng ý anh em.
💬 Nhắn tin để được tư vấn kiểu phù hợp!",,,/var/www/fb-marketing-app/data/schedule-videos/salon_N_c_i_th_n_th_ng_5_cut.mp4
9,2026-08-26,19:51,"🪒 Từ cắt đến tạo kiểu, Nam Hair Cầu Giấy- chuyên layer lo trọn gói.
📍 Đặt lịch ngay hôm nay nhé anh em!",,,/var/www/fb-marketing-app/data/schedule-videos/salon_Ng_c_nh_n_t_nhi_n_2_cut.mp4
9,2026-08-27,19:51,"😎 Diện mạo mới, tự tin hơn cùng Nam Hair Cầu Giấy- chuyên layer.
💌 Inbox Nam Hair Cầu Giấy- chuyên layer để được tư vấn nhanh!",,,/var/www/fb-marketing-app/data/schedule-videos/salon_Nh_n_qua_vai_6_cut.mp4
9,2026-08-28,19:51,"💇‍♂️ Barber tại Nam Hair Cầu Giấy- chuyên layer luôn hỏi kỹ trước khi cắt.
☎️ Gọi hotline đặt lịch trong hôm nay!",,,/var/www/fb-marketing-app/data/schedule-videos/salon_Salon_-_Ch_nh_t_c_1_7_cut.mp4
9,2026-08-29,19:51,"⚡ Ghé Nam Hair Cầu Giấy- chuyên layer tranh thủ giờ rảnh, không phải chờ lâu.
💬 Nhắn tin để được tư vấn kiểu phù hợp!",,,/var/www/fb-marketing-app/data/schedule-videos/salon_Salon_-_Ch_nh_t_c_1_8_cut.mp4
9,2026-08-30,19:51,"🧴 Nam Hair Cầu Giấy- chuyên layer dùng sản phẩm chăm sóc tóc/da đầu chuyên cho nam.
📍 Đặt lịch ngay hôm nay nhé anh em!",,,/var/www/fb-marketing-app/data/schedule-videos/salon_Salon_-_Ch_nh_t_c_2_8_cut.mp4
9,2026-08-31,19:51,"🎬 Khoảnh khắc thật tại Nam Hair Cầu Giấy- chuyên layer, không dàn dựng.
💌 Inbox Nam Hair Cầu Giấy- chuyên layer để được tư vấn nhanh!",,,/var/www/fb-marketing-app/data/schedule-videos/salon_Salon_-_Ch_nh_t_c_2_9_cut.mp4
9,2026-09-01,19:51,"👊 Gọn gàng, chuyên nghiệp — đúng chất Nam Hair Cầu Giấy- chuyên layer.
☎️ Gọi hotline đặt lịch trong hôm nay!",,,/var/www/fb-marketing-app/data/schedule-videos/salon_Th_n_th_i_sang_tr_ng_9_cut.mp4
9,2026-09-02,19:51,"🌆 Một buổi chiều làm mới đầu tóc tại Nam Hair Cầu Giấy- chuyên layer.
💬 Nhắn tin để được tư vấn kiểu phù hợp!",,,/var/www/fb-marketing-app/data/schedule-videos/salon_Vu_t_t_c_duy_n_d_ng_4_cut.mp4
9,2026-09-03,19:51,"💈 Một buổi cắt tóc gọn gàng, chỉn chu tại Nam Hair Cầu Giấy- chuyên layer.
📍 Đặt lịch ngay hôm nay nhé anh em!",,,/var/www/fb-marketing-app/data/schedule-videos/salon_Xoay_m_t_g_c_nghi_ng_3_cut.mp4
9,2026-09-04,19:51,"✂️ Đường kéo dứt khoát, tay nghề vững tại Nam Hair Cầu Giấy- chuyên layer.
💌 Inbox Nam Hair Cầu Giấy- chuyên layer để được tư vấn nhanh!",,,/var/www/fb-marketing-app/data/schedule-videos/salon_nh_nh_n_d_u_d_ng_1_cut.mp4
9,2026-09-05,19:51,"🔥 Đổi kiểu đầu mới cùng Nam Hair Cầu Giấy- chuyên layer — gọn mà vẫn có nét riêng.
☎️ Gọi hotline đặt lịch trong hôm nay!",,,/var/www/fb-marketing-app/data/schedule-videos/final_1786178553099.mp4
9,2026-09-06,19:51,"💪 Nam Hair Cầu Giấy- chuyên layer — nhanh, gọn, đúng ý anh em.
💬 Nhắn tin để được tư vấn kiểu phù hợp!",,,/var/www/fb-marketing-app/data/schedule-videos/final_1786181766533.mp4
9,2026-09-07,19:51,"🪒 Từ cắt đến tạo kiểu, Nam Hair Cầu Giấy- chuyên layer lo trọn gói.
📍 Đặt lịch ngay hôm nay nhé anh em!",,,/var/www/fb-marketing-app/data/schedule-videos/final_1786186507562.mp4
9,2026-09-08,19:51,"😎 Diện mạo mới, tự tin hơn cùng Nam Hair Cầu Giấy- chuyên layer.
💌 Inbox Nam Hair Cầu Giấy- chuyên layer để được tư vấn nhanh!",,,/var/www/fb-marketing-app/data/schedule-videos/final_1786192066925.mp4
8,2026-08-10,20:14,"💈 Một buổi cắt tóc gọn gàng, chỉn chu tại Nam Hair Salon Cầu giấy.
💌 Inbox Nam Hair Salon Cầu giấy để được tư vấn nhanh!",,,/var/www/fb-marketing-app/data/schedule-videos/final_1786202807893.mp4
8,2026-08-11,20:14,"✂️ Đường kéo dứt khoát, tay nghề vững tại Nam Hair Salon Cầu giấy.
☎️ Gọi hotline đặt lịch trong hôm nay!",,,/var/www/fb-marketing-app/data/schedule-videos/final_1786204378507.mp4
8,2026-08-12,20:14,"🔥 Đổi kiểu đầu mới cùng Nam Hair Salon Cầu giấy — gọn mà vẫn có nét riêng.
💬 Nhắn tin để được tư vấn kiểu phù hợp!",,,/var/www/fb-marketing-app/data/schedule-videos/final_1786204993148.mp4
8,2026-08-13,20:14,"💪 Nam Hair Salon Cầu giấy — nhanh, gọn, đúng ý anh em.
📍 Đặt lịch ngay hôm nay nhé anh em!",,,/var/www/fb-marketing-app/data/schedule-videos/fullhd_1786185645789.mp4
8,2026-08-14,20:14,"🪒 Từ cắt đến tạo kiểu, Nam Hair Salon Cầu giấy lo trọn gói.
💌 Inbox Nam Hair Salon Cầu giấy để được tư vấn nhanh!",,,/var/www/fb-marketing-app/data/schedule-videos/fullhd_1786186635195.mp4
8,2026-08-15,20:14,"😎 Diện mạo mới, tự tin hơn cùng Nam Hair Salon Cầu giấy.
☎️ Gọi hotline đặt lịch trong hôm nay!",,,/var/www/fb-marketing-app/data/schedule-videos/fullhd_1786193679247.mp4
8,2026-08-16,20:14,"💇‍♂️ Barber tại Nam Hair Salon Cầu giấy luôn hỏi kỹ trước khi cắt.
💬 Nhắn tin để được tư vấn kiểu phù hợp!",,,/var/www/fb-marketing-app/data/schedule-videos/fullhd_1786195070432.mp4
8,2026-08-17,20:14,"⚡ Ghé Nam Hair Salon Cầu giấy tranh thủ giờ rảnh, không phải chờ lâu.
📍 Đặt lịch ngay hôm nay nhé anh em!",,,/var/www/fb-marketing-app/data/schedule-videos/fullhd_1786195795072.mp4
8,2026-08-18,20:14,"🧴 Nam Hair Salon Cầu giấy dùng sản phẩm chăm sóc tóc/da đầu chuyên cho nam.
💌 Inbox Nam Hair Salon Cầu giấy để được tư vấn nhanh!",,,/var/www/fb-marketing-app/data/schedule-videos/fullhd_1786196047409.mp4
8,2026-08-19,20:14,"🎬 Khoảnh khắc thật tại Nam Hair Salon Cầu giấy, không dàn dựng.
☎️ Gọi hotline đặt lịch trong hôm nay!",,,/var/www/fb-marketing-app/data/schedule-videos/fullhd_1786203117230.mp4
8,2026-08-20,20:14,"👊 Gọn gàng, chuyên nghiệp — đúng chất Nam Hair Salon Cầu giấy.
💬 Nhắn tin để được tư vấn kiểu phù hợp!",,,/var/www/fb-marketing-app/data/schedule-videos/fullhd_1786204515702.mp4
8,2026-08-21,20:14,"🌆 Một buổi chiều làm mới đầu tóc tại Nam Hair Salon Cầu giấy.
📍 Đặt lịch ngay hôm nay nhé anh em!",,,/var/www/fb-marketing-app/data/schedule-videos/master_1786175670454.mp4
8,2026-08-22,20:14,"💈 Một buổi cắt tóc gọn gàng, chỉn chu tại Nam Hair Salon Cầu giấy.
💌 Inbox Nam Hair Salon Cầu giấy để được tư vấn nhanh!",,,/var/www/fb-marketing-app/data/schedule-videos/salon_Chuy_n_ng_t_c_m_t_6_cut.mp4
8,2026-08-23,20:14,"✂️ Đường kéo dứt khoát, tay nghề vững tại Nam Hair Salon Cầu giấy.
☎️ Gọi hotline đặt lịch trong hôm nay!",,,/var/www/fb-marketing-app/data/schedule-videos/salon_Chuy_n_ng_t_c_m_t_7_cut.mp4
8,2026-08-24,20:14,"🔥 Đổi kiểu đầu mới cùng Nam Hair Salon Cầu giấy — gọn mà vẫn có nét riêng.
💬 Nhắn tin để được tư vấn kiểu phù hợp!",,,/var/www/fb-marketing-app/data/schedule-videos/salon_N_c_i_th_n_th_ng_5_cut.mp4
8,2026-08-25,20:14,"💪 Nam Hair Salon Cầu giấy — nhanh, gọn, đúng ý anh em.
📍 Đặt lịch ngay hôm nay nhé anh em!",,,/var/www/fb-marketing-app/data/schedule-videos/salon_Ng_c_nh_n_t_nhi_n_2_cut.mp4
8,2026-08-26,20:14,"🪒 Từ cắt đến tạo kiểu, Nam Hair Salon Cầu giấy lo trọn gói.
💌 Inbox Nam Hair Salon Cầu giấy để được tư vấn nhanh!",,,/var/www/fb-marketing-app/data/schedule-videos/salon_Nh_n_qua_vai_6_cut.mp4
8,2026-08-27,20:14,"😎 Diện mạo mới, tự tin hơn cùng Nam Hair Salon Cầu giấy.
☎️ Gọi hotline đặt lịch trong hôm nay!",,,/var/www/fb-marketing-app/data/schedule-videos/salon_Salon_-_Ch_nh_t_c_1_7_cut.mp4
8,2026-08-28,20:14,"💇‍♂️ Barber tại Nam Hair Salon Cầu giấy luôn hỏi kỹ trước khi cắt.
💬 Nhắn tin để được tư vấn kiểu phù hợp!",,,/var/www/fb-marketing-app/data/schedule-videos/salon_Salon_-_Ch_nh_t_c_1_8_cut.mp4
8,2026-08-29,20:14,"⚡ Ghé Nam Hair Salon Cầu giấy tranh thủ giờ rảnh, không phải chờ lâu.
📍 Đặt lịch ngay hôm nay nhé anh em!",,,/var/www/fb-marketing-app/data/schedule-videos/salon_Salon_-_Ch_nh_t_c_2_8_cut.mp4
8,2026-08-30,20:14,"🧴 Nam Hair Salon Cầu giấy dùng sản phẩm chăm sóc tóc/da đầu chuyên cho nam.
💌 Inbox Nam Hair Salon Cầu giấy để được tư vấn nhanh!",,,/var/www/fb-marketing-app/data/schedule-videos/salon_Salon_-_Ch_nh_t_c_2_9_cut.mp4
8,2026-08-31,20:14,"🎬 Khoảnh khắc thật tại Nam Hair Salon Cầu giấy, không dàn dựng.
☎️ Gọi hotline đặt lịch trong hôm nay!",,,/var/www/fb-marketing-app/data/schedule-videos/salon_Th_n_th_i_sang_tr_ng_9_cut.mp4
8,2026-09-01,20:14,"👊 Gọn gàng, chuyên nghiệp — đúng chất Nam Hair Salon Cầu giấy.
💬 Nhắn tin để được tư vấn kiểu phù hợp!",,,/var/www/fb-marketing-app/data/schedule-videos/salon_Vu_t_t_c_duy_n_d_ng_4_cut.mp4
8,2026-09-02,20:14,"🌆 Một buổi chiều làm mới đầu tóc tại Nam Hair Salon Cầu giấy.
📍 Đặt lịch ngay hôm nay nhé anh em!",,,/var/www/fb-marketing-app/data/schedule-videos/salon_Xoay_m_t_g_c_nghi_ng_3_cut.mp4
8,2026-09-03,20:14,"💈 Một buổi cắt tóc gọn gàng, chỉn chu tại Nam Hair Salon Cầu giấy.
💌 Inbox Nam Hair Salon Cầu giấy để được tư vấn nhanh!",,,/var/www/fb-marketing-app/data/schedule-videos/salon_nh_nh_n_d_u_d_ng_1_cut.mp4
8,2026-09-04,20:14,"✂️ Đường kéo dứt khoát, tay nghề vững tại Nam Hair Salon Cầu giấy.
☎️ Gọi hotline đặt lịch trong hôm nay!",,,/var/www/fb-marketing-app/data/schedule-videos/final_1786178553099.mp4
8,2026-09-05,20:14,"🔥 Đổi kiểu đầu mới cùng Nam Hair Salon Cầu giấy — gọn mà vẫn có nét riêng.
💬 Nhắn tin để được tư vấn kiểu phù hợp!",,,/var/www/fb-marketing-app/data/schedule-videos/final_1786181766533.mp4
8,2026-09-06,20:14,"💪 Nam Hair Salon Cầu giấy — nhanh, gọn, đúng ý anh em.
📍 Đặt lịch ngay hôm nay nhé anh em!",,,/var/www/fb-marketing-app/data/schedule-videos/final_1786186507562.mp4
8,2026-09-07,20:14,"🪒 Từ cắt đến tạo kiểu, Nam Hair Salon Cầu giấy lo trọn gói.
💌 Inbox Nam Hair Salon Cầu giấy để được tư vấn nhanh!",,,/var/www/fb-marketing-app/data/schedule-videos/final_1786192066925.mp4
8,2026-09-08,20:14,"😎 Diện mạo mới, tự tin hơn cùng Nam Hair Salon Cầu giấy.
☎️ Gọi hotline đặt lịch trong hôm nay!",,,/var/www/fb-marketing-app/data/schedule-videos/final_1786192503392.mp4
7,2026-08-10,19:06,"💈 Một buổi cắt tóc gọn gàng, chỉn chu tại Nam Hair Khúc Thừa Dụ.
☎️ Gọi hotline đặt lịch trong hôm nay!",,,/var/www/fb-marketing-app/data/schedule-videos/final_1786204378507.mp4
7,2026-08-11,19:06,"✂️ Đường kéo dứt khoát, tay nghề vững tại Nam Hair Khúc Thừa Dụ.
💬 Nhắn tin để được tư vấn kiểu phù hợp!",,,/var/www/fb-marketing-app/data/schedule-videos/final_1786204993148.mp4
7,2026-08-12,19:06,"🔥 Đổi kiểu đầu mới cùng Nam Hair Khúc Thừa Dụ — gọn mà vẫn có nét riêng.
📍 Đặt lịch ngay hôm nay nhé anh em!",,,/var/www/fb-marketing-app/data/schedule-videos/fullhd_1786185645789.mp4
7,2026-08-13,19:06,"💪 Nam Hair Khúc Thừa Dụ — nhanh, gọn, đúng ý anh em.
💌 Inbox Nam Hair Khúc Thừa Dụ để được tư vấn nhanh!",,,/var/www/fb-marketing-app/data/schedule-videos/fullhd_1786186635195.mp4
7,2026-08-14,19:06,"🪒 Từ cắt đến tạo kiểu, Nam Hair Khúc Thừa Dụ lo trọn gói.
☎️ Gọi hotline đặt lịch trong hôm nay!",,,/var/www/fb-marketing-app/data/schedule-videos/fullhd_1786193679247.mp4
7,2026-08-15,19:06,"😎 Diện mạo mới, tự tin hơn cùng Nam Hair Khúc Thừa Dụ.
💬 Nhắn tin để được tư vấn kiểu phù hợp!",,,/var/www/fb-marketing-app/data/schedule-videos/fullhd_1786195070432.mp4
7,2026-08-16,19:06,"💇‍♂️ Barber tại Nam Hair Khúc Thừa Dụ luôn hỏi kỹ trước khi cắt.
📍 Đặt lịch ngay hôm nay nhé anh em!",,,/var/www/fb-marketing-app/data/schedule-videos/fullhd_1786195795072.mp4
7,2026-08-17,19:06,"⚡ Ghé Nam Hair Khúc Thừa Dụ tranh thủ giờ rảnh, không phải chờ lâu.
💌 Inbox Nam Hair Khúc Thừa Dụ để được tư vấn nhanh!",,,/var/www/fb-marketing-app/data/schedule-videos/fullhd_1786196047409.mp4
7,2026-08-18,19:06,"🧴 Nam Hair Khúc Thừa Dụ dùng sản phẩm chăm sóc tóc/da đầu chuyên cho nam.
☎️ Gọi hotline đặt lịch trong hôm nay!",,,/var/www/fb-marketing-app/data/schedule-videos/fullhd_1786203117230.mp4
7,2026-08-19,19:06,"🎬 Khoảnh khắc thật tại Nam Hair Khúc Thừa Dụ, không dàn dựng.
💬 Nhắn tin để được tư vấn kiểu phù hợp!",,,/var/www/fb-marketing-app/data/schedule-videos/fullhd_1786204515702.mp4
7,2026-08-20,19:06,"👊 Gọn gàng, chuyên nghiệp — đúng chất Nam Hair Khúc Thừa Dụ.
📍 Đặt lịch ngay hôm nay nhé anh em!",,,/var/www/fb-marketing-app/data/schedule-videos/master_1786175670454.mp4
7,2026-08-21,19:06,"🌆 Một buổi chiều làm mới đầu tóc tại Nam Hair Khúc Thừa Dụ.
💌 Inbox Nam Hair Khúc Thừa Dụ để được tư vấn nhanh!",,,/var/www/fb-marketing-app/data/schedule-videos/salon_Chuy_n_ng_t_c_m_t_6_cut.mp4
7,2026-08-22,19:06,"💈 Một buổi cắt tóc gọn gàng, chỉn chu tại Nam Hair Khúc Thừa Dụ.
☎️ Gọi hotline đặt lịch trong hôm nay!",,,/var/www/fb-marketing-app/data/schedule-videos/salon_Chuy_n_ng_t_c_m_t_7_cut.mp4
7,2026-08-23,19:06,"✂️ Đường kéo dứt khoát, tay nghề vững tại Nam Hair Khúc Thừa Dụ.
💬 Nhắn tin để được tư vấn kiểu phù hợp!",,,/var/www/fb-marketing-app/data/schedule-videos/salon_N_c_i_th_n_th_ng_5_cut.mp4
7,2026-08-24,19:06,"🔥 Đổi kiểu đầu mới cùng Nam Hair Khúc Thừa Dụ — gọn mà vẫn có nét riêng.
📍 Đặt lịch ngay hôm nay nhé anh em!",,,/var/www/fb-marketing-app/data/schedule-videos/salon_Ng_c_nh_n_t_nhi_n_2_cut.mp4
7,2026-08-25,19:06,"💪 Nam Hair Khúc Thừa Dụ — nhanh, gọn, đúng ý anh em.
💌 Inbox Nam Hair Khúc Thừa Dụ để được tư vấn nhanh!",,,/var/www/fb-marketing-app/data/schedule-videos/salon_Nh_n_qua_vai_6_cut.mp4
7,2026-08-26,19:06,"🪒 Từ cắt đến tạo kiểu, Nam Hair Khúc Thừa Dụ lo trọn gói.
☎️ Gọi hotline đặt lịch trong hôm nay!",,,/var/www/fb-marketing-app/data/schedule-videos/salon_Salon_-_Ch_nh_t_c_1_7_cut.mp4
7,2026-08-27,19:06,"😎 Diện mạo mới, tự tin hơn cùng Nam Hair Khúc Thừa Dụ.
💬 Nhắn tin để được tư vấn kiểu phù hợp!",,,/var/www/fb-marketing-app/data/schedule-videos/salon_Salon_-_Ch_nh_t_c_1_8_cut.mp4
7,2026-08-28,19:06,"💇‍♂️ Barber tại Nam Hair Khúc Thừa Dụ luôn hỏi kỹ trước khi cắt.
📍 Đặt lịch ngay hôm nay nhé anh em!",,,/var/www/fb-marketing-app/data/schedule-videos/salon_Salon_-_Ch_nh_t_c_2_8_cut.mp4
7,2026-08-29,19:06,"⚡ Ghé Nam Hair Khúc Thừa Dụ tranh thủ giờ rảnh, không phải chờ lâu.
💌 Inbox Nam Hair Khúc Thừa Dụ để được tư vấn nhanh!",,,/var/www/fb-marketing-app/data/schedule-videos/salon_Salon_-_Ch_nh_t_c_2_9_cut.mp4
7,2026-08-30,19:06,"🧴 Nam Hair Khúc Thừa Dụ dùng sản phẩm chăm sóc tóc/da đầu chuyên cho nam.
☎️ Gọi hotline đặt lịch trong hôm nay!",,,/var/www/fb-marketing-app/data/schedule-videos/salon_Th_n_th_i_sang_tr_ng_9_cut.mp4
7,2026-08-31,19:06,"🎬 Khoảnh khắc thật tại Nam Hair Khúc Thừa Dụ, không dàn dựng.
💬 Nhắn tin để được tư vấn kiểu phù hợp!",,,/var/www/fb-marketing-app/data/schedule-videos/salon_Vu_t_t_c_duy_n_d_ng_4_cut.mp4
7,2026-09-01,19:06,"👊 Gọn gàng, chuyên nghiệp — đúng chất Nam Hair Khúc Thừa Dụ.
📍 Đặt lịch ngay hôm nay nhé anh em!",,,/var/www/fb-marketing-app/data/schedule-videos/salon_Xoay_m_t_g_c_nghi_ng_3_cut.mp4
7,2026-09-02,19:06,"🌆 Một buổi chiều làm mới đầu tóc tại Nam Hair Khúc Thừa Dụ.
💌 Inbox Nam Hair Khúc Thừa Dụ để được tư vấn nhanh!",,,/var/www/fb-marketing-app/data/schedule-videos/salon_nh_nh_n_d_u_d_ng_1_cut.mp4
7,2026-09-03,19:06,"💈 Một buổi cắt tóc gọn gàng, chỉn chu tại Nam Hair Khúc Thừa Dụ.
☎️ Gọi hotline đặt lịch trong hôm nay!",,,/var/www/fb-marketing-app/data/schedule-videos/final_1786178553099.mp4
7,2026-09-04,19:06,"✂️ Đường kéo dứt khoát, tay nghề vững tại Nam Hair Khúc Thừa Dụ.
💬 Nhắn tin để được tư vấn kiểu phù hợp!",,,/var/www/fb-marketing-app/data/schedule-videos/final_1786181766533.mp4
7,2026-09-05,19:06,"🔥 Đổi kiểu đầu mới cùng Nam Hair Khúc Thừa Dụ — gọn mà vẫn có nét riêng.
📍 Đặt lịch ngay hôm nay nhé anh em!",,,/var/www/fb-marketing-app/data/schedule-videos/final_1786186507562.mp4
7,2026-09-06,19:06,"💪 Nam Hair Khúc Thừa Dụ — nhanh, gọn, đúng ý anh em.
💌 Inbox Nam Hair Khúc Thừa Dụ để được tư vấn nhanh!",,,/var/www/fb-marketing-app/data/schedule-videos/final_1786192066925.mp4
7,2026-09-07,19:06,"🪒 Từ cắt đến tạo kiểu, Nam Hair Khúc Thừa Dụ lo trọn gói.
☎️ Gọi hotline đặt lịch trong hôm nay!",,,/var/www/fb-marketing-app/data/schedule-videos/final_1786192503392.mp4
7,2026-09-08,19:06,"😎 Diện mạo mới, tự tin hơn cùng Nam Hair Khúc Thừa Dụ.
💬 Nhắn tin để được tư vấn kiểu phù hợp!",,,/var/www/fb-marketing-app/data/schedule-videos/final_1786192874824.mp4
6,2026-08-10,19:29,"💈 Một buổi cắt tóc gọn gàng, chỉn chu tại Nam Hair Chuyên Xoăn Bung.
💬 Nhắn tin để được tư vấn kiểu phù hợp!",,,/var/www/fb-marketing-app/data/schedule-videos/final_1786204993148.mp4
6,2026-08-11,19:29,"✂️ Đường kéo dứt khoát, tay nghề vững tại Nam Hair Chuyên Xoăn Bung.
📍 Đặt lịch ngay hôm nay nhé anh em!",,,/var/www/fb-marketing-app/data/schedule-videos/fullhd_1786185645789.mp4
6,2026-08-12,19:29,"🔥 Đổi kiểu đầu mới cùng Nam Hair Chuyên Xoăn Bung — gọn mà vẫn có nét riêng.
💌 Inbox Nam Hair Chuyên Xoăn Bung để được tư vấn nhanh!",,,/var/www/fb-marketing-app/data/schedule-videos/fullhd_1786186635195.mp4
6,2026-08-13,19:29,"💪 Nam Hair Chuyên Xoăn Bung — nhanh, gọn, đúng ý anh em.
☎️ Gọi hotline đặt lịch trong hôm nay!",,,/var/www/fb-marketing-app/data/schedule-videos/fullhd_1786193679247.mp4
6,2026-08-14,19:29,"🪒 Từ cắt đến tạo kiểu, Nam Hair Chuyên Xoăn Bung lo trọn gói.
💬 Nhắn tin để được tư vấn kiểu phù hợp!",,,/var/www/fb-marketing-app/data/schedule-videos/fullhd_1786195070432.mp4
6,2026-08-15,19:29,"😎 Diện mạo mới, tự tin hơn cùng Nam Hair Chuyên Xoăn Bung.
📍 Đặt lịch ngay hôm nay nhé anh em!",,,/var/www/fb-marketing-app/data/schedule-videos/fullhd_1786195795072.mp4
6,2026-08-16,19:29,"💇‍♂️ Barber tại Nam Hair Chuyên Xoăn Bung luôn hỏi kỹ trước khi cắt.
💌 Inbox Nam Hair Chuyên Xoăn Bung để được tư vấn nhanh!",,,/var/www/fb-marketing-app/data/schedule-videos/fullhd_1786196047409.mp4
6,2026-08-17,19:29,"⚡ Ghé Nam Hair Chuyên Xoăn Bung tranh thủ giờ rảnh, không phải chờ lâu.
☎️ Gọi hotline đặt lịch trong hôm nay!",,,/var/www/fb-marketing-app/data/schedule-videos/fullhd_1786203117230.mp4
6,2026-08-18,19:29,"🧴 Nam Hair Chuyên Xoăn Bung dùng sản phẩm chăm sóc tóc/da đầu chuyên cho nam.
💬 Nhắn tin để được tư vấn kiểu phù hợp!",,,/var/www/fb-marketing-app/data/schedule-videos/fullhd_1786204515702.mp4
6,2026-08-19,19:29,"🎬 Khoảnh khắc thật tại Nam Hair Chuyên Xoăn Bung, không dàn dựng.
📍 Đặt lịch ngay hôm nay nhé anh em!",,,/var/www/fb-marketing-app/data/schedule-videos/master_1786175670454.mp4
6,2026-08-20,19:29,"👊 Gọn gàng, chuyên nghiệp — đúng chất Nam Hair Chuyên Xoăn Bung.
💌 Inbox Nam Hair Chuyên Xoăn Bung để được tư vấn nhanh!",,,/var/www/fb-marketing-app/data/schedule-videos/salon_Chuy_n_ng_t_c_m_t_6_cut.mp4
6,2026-08-21,19:29,"🌆 Một buổi chiều làm mới đầu tóc tại Nam Hair Chuyên Xoăn Bung.
☎️ Gọi hotline đặt lịch trong hôm nay!",,,/var/www/fb-marketing-app/data/schedule-videos/salon_Chuy_n_ng_t_c_m_t_7_cut.mp4
6,2026-08-22,19:29,"💈 Một buổi cắt tóc gọn gàng, chỉn chu tại Nam Hair Chuyên Xoăn Bung.
💬 Nhắn tin để được tư vấn kiểu phù hợp!",,,/var/www/fb-marketing-app/data/schedule-videos/salon_N_c_i_th_n_th_ng_5_cut.mp4
6,2026-08-23,19:29,"✂️ Đường kéo dứt khoát, tay nghề vững tại Nam Hair Chuyên Xoăn Bung.
📍 Đặt lịch ngay hôm nay nhé anh em!",,,/var/www/fb-marketing-app/data/schedule-videos/salon_Ng_c_nh_n_t_nhi_n_2_cut.mp4
6,2026-08-24,19:29,"🔥 Đổi kiểu đầu mới cùng Nam Hair Chuyên Xoăn Bung — gọn mà vẫn có nét riêng.
💌 Inbox Nam Hair Chuyên Xoăn Bung để được tư vấn nhanh!",,,/var/www/fb-marketing-app/data/schedule-videos/salon_Nh_n_qua_vai_6_cut.mp4
6,2026-08-25,19:29,"💪 Nam Hair Chuyên Xoăn Bung — nhanh, gọn, đúng ý anh em.
☎️ Gọi hotline đặt lịch trong hôm nay!",,,/var/www/fb-marketing-app/data/schedule-videos/salon_Salon_-_Ch_nh_t_c_1_7_cut.mp4
6,2026-08-26,19:29,"🪒 Từ cắt đến tạo kiểu, Nam Hair Chuyên Xoăn Bung lo trọn gói.
💬 Nhắn tin để được tư vấn kiểu phù hợp!",,,/var/www/fb-marketing-app/data/schedule-videos/salon_Salon_-_Ch_nh_t_c_1_8_cut.mp4
6,2026-08-27,19:29,"😎 Diện mạo mới, tự tin hơn cùng Nam Hair Chuyên Xoăn Bung.
📍 Đặt lịch ngay hôm nay nhé anh em!",,,/var/www/fb-marketing-app/data/schedule-videos/salon_Salon_-_Ch_nh_t_c_2_8_cut.mp4
6,2026-08-28,19:29,"💇‍♂️ Barber tại Nam Hair Chuyên Xoăn Bung luôn hỏi kỹ trước khi cắt.
💌 Inbox Nam Hair Chuyên Xoăn Bung để được tư vấn nhanh!",,,/var/www/fb-marketing-app/data/schedule-videos/salon_Salon_-_Ch_nh_t_c_2_9_cut.mp4
6,2026-08-29,19:29,"⚡ Ghé Nam Hair Chuyên Xoăn Bung tranh thủ giờ rảnh, không phải chờ lâu.
☎️ Gọi hotline đặt lịch trong hôm nay!",,,/var/www/fb-marketing-app/data/schedule-videos/salon_Th_n_th_i_sang_tr_ng_9_cut.mp4
6,2026-08-30,19:29,"🧴 Nam Hair Chuyên Xoăn Bung dùng sản phẩm chăm sóc tóc/da đầu chuyên cho nam.
💬 Nhắn tin để được tư vấn kiểu phù hợp!",,,/var/www/fb-marketing-app/data/schedule-videos/salon_Vu_t_t_c_duy_n_d_ng_4_cut.mp4
6,2026-08-31,19:29,"🎬 Khoảnh khắc thật tại Nam Hair Chuyên Xoăn Bung, không dàn dựng.
📍 Đặt lịch ngay hôm nay nhé anh em!",,,/var/www/fb-marketing-app/data/schedule-videos/salon_Xoay_m_t_g_c_nghi_ng_3_cut.mp4
6,2026-09-01,19:29,"👊 Gọn gàng, chuyên nghiệp — đúng chất Nam Hair Chuyên Xoăn Bung.
💌 Inbox Nam Hair Chuyên Xoăn Bung để được tư vấn nhanh!",,,/var/www/fb-marketing-app/data/schedule-videos/salon_nh_nh_n_d_u_d_ng_1_cut.mp4
6,2026-09-02,19:29,"🌆 Một buổi chiều làm mới đầu tóc tại Nam Hair Chuyên Xoăn Bung.
☎️ Gọi hotline đặt lịch trong hôm nay!",,,/var/www/fb-marketing-app/data/schedule-videos/final_1786178553099.mp4
6,2026-09-03,19:29,"💈 Một buổi cắt tóc gọn gàng, chỉn chu tại Nam Hair Chuyên Xoăn Bung.
💬 Nhắn tin để được tư vấn kiểu phù hợp!",,,/var/www/fb-marketing-app/data/schedule-videos/final_1786181766533.mp4
6,2026-09-04,19:29,"✂️ Đường kéo dứt khoát, tay nghề vững tại Nam Hair Chuyên Xoăn Bung.
📍 Đặt lịch ngay hôm nay nhé anh em!",,,/var/www/fb-marketing-app/data/schedule-videos/final_1786186507562.mp4
6,2026-09-05,19:29,"🔥 Đổi kiểu đầu mới cùng Nam Hair Chuyên Xoăn Bung — gọn mà vẫn có nét riêng.
💌 Inbox Nam Hair Chuyên Xoăn Bung để được tư vấn nhanh!",,,/var/www/fb-marketing-app/data/schedule-videos/final_1786192066925.mp4
6,2026-09-06,19:29,"💪 Nam Hair Chuyên Xoăn Bung — nhanh, gọn, đúng ý anh em.
☎️ Gọi hotline đặt lịch trong hôm nay!",,,/var/www/fb-marketing-app/data/schedule-videos/final_1786192503392.mp4
6,2026-09-07,19:29,"🪒 Từ cắt đến tạo kiểu, Nam Hair Chuyên Xoăn Bung lo trọn gói.
💬 Nhắn tin để được tư vấn kiểu phù hợp!",,,/var/www/fb-marketing-app/data/schedule-videos/final_1786192874824.mp4
6,2026-09-08,19:29,"😎 Diện mạo mới, tự tin hơn cùng Nam Hair Chuyên Xoăn Bung.
📍 Đặt lịch ngay hôm nay nhé anh em!",,,/var/www/fb-marketing-app/data/schedule-videos/final_1786193562054.mp4
5,2026-08-10,19:52,"💈 Một buổi cắt tóc gọn gàng, chỉn chu tại Nam Hair Salon Cầu giấy.
📍 Đặt lịch ngay hôm nay nhé anh em!",,,/var/www/fb-marketing-app/data/schedule-videos/fullhd_1786185645789.mp4
5,2026-08-11,19:52,"✂️ Đường kéo dứt khoát, tay nghề vững tại Nam Hair Salon Cầu giấy.
💌 Inbox Nam Hair Salon Cầu giấy để được tư vấn nhanh!",,,/var/www/fb-marketing-app/data/schedule-videos/fullhd_1786186635195.mp4
5,2026-08-12,19:52,"🔥 Đổi kiểu đầu mới cùng Nam Hair Salon Cầu giấy — gọn mà vẫn có nét riêng.
☎️ Gọi hotline đặt lịch trong hôm nay!",,,/var/www/fb-marketing-app/data/schedule-videos/fullhd_1786193679247.mp4
5,2026-08-13,19:52,"💪 Nam Hair Salon Cầu giấy — nhanh, gọn, đúng ý anh em.
💬 Nhắn tin để được tư vấn kiểu phù hợp!",,,/var/www/fb-marketing-app/data/schedule-videos/fullhd_1786195070432.mp4
5,2026-08-14,19:52,"🪒 Từ cắt đến tạo kiểu, Nam Hair Salon Cầu giấy lo trọn gói.
📍 Đặt lịch ngay hôm nay nhé anh em!",,,/var/www/fb-marketing-app/data/schedule-videos/fullhd_1786195795072.mp4
5,2026-08-15,19:52,"😎 Diện mạo mới, tự tin hơn cùng Nam Hair Salon Cầu giấy.
💌 Inbox Nam Hair Salon Cầu giấy để được tư vấn nhanh!",,,/var/www/fb-marketing-app/data/schedule-videos/fullhd_1786196047409.mp4
5,2026-08-16,19:52,"💇‍♂️ Barber tại Nam Hair Salon Cầu giấy luôn hỏi kỹ trước khi cắt.
☎️ Gọi hotline đặt lịch trong hôm nay!",,,/var/www/fb-marketing-app/data/schedule-videos/fullhd_1786203117230.mp4
5,2026-08-17,19:52,"⚡ Ghé Nam Hair Salon Cầu giấy tranh thủ giờ rảnh, không phải chờ lâu.
💬 Nhắn tin để được tư vấn kiểu phù hợp!",,,/var/www/fb-marketing-app/data/schedule-videos/fullhd_1786204515702.mp4
5,2026-08-18,19:52,"🧴 Nam Hair Salon Cầu giấy dùng sản phẩm chăm sóc tóc/da đầu chuyên cho nam.
📍 Đặt lịch ngay hôm nay nhé anh em!",,,/var/www/fb-marketing-app/data/schedule-videos/master_1786175670454.mp4
5,2026-08-19,19:52,"🎬 Khoảnh khắc thật tại Nam Hair Salon Cầu giấy, không dàn dựng.
💌 Inbox Nam Hair Salon Cầu giấy để được tư vấn nhanh!",,,/var/www/fb-marketing-app/data/schedule-videos/salon_Chuy_n_ng_t_c_m_t_6_cut.mp4
5,2026-08-20,19:52,"👊 Gọn gàng, chuyên nghiệp — đúng chất Nam Hair Salon Cầu giấy.
☎️ Gọi hotline đặt lịch trong hôm nay!",,,/var/www/fb-marketing-app/data/schedule-videos/salon_Chuy_n_ng_t_c_m_t_7_cut.mp4
5,2026-08-21,19:52,"🌆 Một buổi chiều làm mới đầu tóc tại Nam Hair Salon Cầu giấy.
💬 Nhắn tin để được tư vấn kiểu phù hợp!",,,/var/www/fb-marketing-app/data/schedule-videos/salon_N_c_i_th_n_th_ng_5_cut.mp4
5,2026-08-22,19:52,"💈 Một buổi cắt tóc gọn gàng, chỉn chu tại Nam Hair Salon Cầu giấy.
📍 Đặt lịch ngay hôm nay nhé anh em!",,,/var/www/fb-marketing-app/data/schedule-videos/salon_Ng_c_nh_n_t_nhi_n_2_cut.mp4
5,2026-08-23,19:52,"✂️ Đường kéo dứt khoát, tay nghề vững tại Nam Hair Salon Cầu giấy.
💌 Inbox Nam Hair Salon Cầu giấy để được tư vấn nhanh!",,,/var/www/fb-marketing-app/data/schedule-videos/salon_Nh_n_qua_vai_6_cut.mp4
5,2026-08-24,19:52,"🔥 Đổi kiểu đầu mới cùng Nam Hair Salon Cầu giấy — gọn mà vẫn có nét riêng.
☎️ Gọi hotline đặt lịch trong hôm nay!",,,/var/www/fb-marketing-app/data/schedule-videos/salon_Salon_-_Ch_nh_t_c_1_7_cut.mp4
5,2026-08-25,19:52,"💪 Nam Hair Salon Cầu giấy — nhanh, gọn, đúng ý anh em.
💬 Nhắn tin để được tư vấn kiểu phù hợp!",,,/var/www/fb-marketing-app/data/schedule-videos/salon_Salon_-_Ch_nh_t_c_1_8_cut.mp4
5,2026-08-26,19:52,"🪒 Từ cắt đến tạo kiểu, Nam Hair Salon Cầu giấy lo trọn gói.
📍 Đặt lịch ngay hôm nay nhé anh em!",,,/var/www/fb-marketing-app/data/schedule-videos/salon_Salon_-_Ch_nh_t_c_2_8_cut.mp4
5,2026-08-27,19:52,"😎 Diện mạo mới, tự tin hơn cùng Nam Hair Salon Cầu giấy.
💌 Inbox Nam Hair Salon Cầu giấy để được tư vấn nhanh!",,,/var/www/fb-marketing-app/data/schedule-videos/salon_Salon_-_Ch_nh_t_c_2_9_cut.mp4
5,2026-08-28,19:52,"💇‍♂️ Barber tại Nam Hair Salon Cầu giấy luôn hỏi kỹ trước khi cắt.
☎️ Gọi hotline đặt lịch trong hôm nay!",,,/var/www/fb-marketing-app/data/schedule-videos/salon_Th_n_th_i_sang_tr_ng_9_cut.mp4
5,2026-08-29,19:52,"⚡ Ghé Nam Hair Salon Cầu giấy tranh thủ giờ rảnh, không phải chờ lâu.
💬 Nhắn tin để được tư vấn kiểu phù hợp!",,,/var/www/fb-marketing-app/data/schedule-videos/salon_Vu_t_t_c_duy_n_d_ng_4_cut.mp4
5,2026-08-30,19:52,"🧴 Nam Hair Salon Cầu giấy dùng sản phẩm chăm sóc tóc/da đầu chuyên cho nam.
📍 Đặt lịch ngay hôm nay nhé anh em!",,,/var/www/fb-marketing-app/data/schedule-videos/salon_Xoay_m_t_g_c_nghi_ng_3_cut.mp4
5,2026-08-31,19:52,"🎬 Khoảnh khắc thật tại Nam Hair Salon Cầu giấy, không dàn dựng.
💌 Inbox Nam Hair Salon Cầu giấy để được tư vấn nhanh!",,,/var/www/fb-marketing-app/data/schedule-videos/salon_nh_nh_n_d_u_d_ng_1_cut.mp4
5,2026-09-01,19:52,"👊 Gọn gàng, chuyên nghiệp — đúng chất Nam Hair Salon Cầu giấy.
☎️ Gọi hotline đặt lịch trong hôm nay!",,,/var/www/fb-marketing-app/data/schedule-videos/final_1786178553099.mp4
5,2026-09-02,19:52,"🌆 Một buổi chiều làm mới đầu tóc tại Nam Hair Salon Cầu giấy.
💬 Nhắn tin để được tư vấn kiểu phù hợp!",,,/var/www/fb-marketing-app/data/schedule-videos/final_1786181766533.mp4
5,2026-09-03,19:52,"💈 Một buổi cắt tóc gọn gàng, chỉn chu tại Nam Hair Salon Cầu giấy.
📍 Đặt lịch ngay hôm nay nhé anh em!",,,/var/www/fb-marketing-app/data/schedule-videos/final_1786186507562.mp4
5,2026-09-04,19:52,"✂️ Đường kéo dứt khoát, tay nghề vững tại Nam Hair Salon Cầu giấy.
💌 Inbox Nam Hair Salon Cầu giấy để được tư vấn nhanh!",,,/var/www/fb-marketing-app/data/schedule-videos/final_1786192066925.mp4
5,2026-09-05,19:52,"🔥 Đổi kiểu đầu mới cùng Nam Hair Salon Cầu giấy — gọn mà vẫn có nét riêng.
☎️ Gọi hotline đặt lịch trong hôm nay!",,,/var/www/fb-marketing-app/data/schedule-videos/final_1786192503392.mp4
5,2026-09-06,19:52,"💪 Nam Hair Salon Cầu giấy — nhanh, gọn, đúng ý anh em.
💬 Nhắn tin để được tư vấn kiểu phù hợp!",,,/var/www/fb-marketing-app/data/schedule-videos/final_1786192874824.mp4
5,2026-09-07,19:52,"🪒 Từ cắt đến tạo kiểu, Nam Hair Salon Cầu giấy lo trọn gói.
📍 Đặt lịch ngay hôm nay nhé anh em!",,,/var/www/fb-marketing-app/data/schedule-videos/final_1786193562054.mp4
5,2026-09-08,19:52,"😎 Diện mạo mới, tự tin hơn cùng Nam Hair Salon Cầu giấy.
💌 Inbox Nam Hair Salon Cầu giấy để được tư vấn nhanh!",,,/var/www/fb-marketing-app/data/schedule-videos/final_1786194978037.mp4
4,2026-08-10,20:15,"💇‍♀️ Một khoảnh khắc làm tóc tại SUSI Hair & Beauty — nhẹ nhàng, tự nhiên, đúng phong cách bạn thích.
💌 Inbox SUSI Hair & Beauty để được tư vấn miễn phí!",,,/var/www/fb-marketing-app/data/schedule-videos/fullhd_1786186635195.mp4
4,2026-08-11,20:15,"✨ SUSI Hair & Beauty luôn chú trọng từng chi tiết nhỏ để mái tóc bạn lên form đẹp nhất.
☎️ Gọi hotline để giữ giờ đẹp!",,,/var/www/fb-marketing-app/data/schedule-videos/fullhd_1786193679247.mp4
4,2026-08-12,20:15,"🌸 Ghé SUSI Hair & Beauty để cảm nhận sự khác biệt trong từng đường kéo, từng lọn tóc.
💬 Nhắn tin để stylist tư vấn riêng cho bạn!",,,/var/www/fb-marketing-app/data/schedule-videos/fullhd_1786195070432.mp4
4,2026-08-13,20:15,"💧 Chăm chút từng bước tại SUSI Hair & Beauty — từ gội, ủ đến tạo kiểu, không vội vàng.
📍 Đặt lịch ngay hôm nay nhé!",,,/var/www/fb-marketing-app/data/schedule-videos/fullhd_1786195795072.mp4
4,2026-08-14,20:15,"🎨 Một tông màu mới, một diện mạo mới cùng SUSI Hair & Beauty.
💌 Inbox SUSI Hair & Beauty để được tư vấn miễn phí!",,,/var/www/fb-marketing-app/data/schedule-videos/fullhd_1786196047409.mp4
4,2026-08-15,20:15,"💁‍♀️ Stylist tại SUSI Hair & Beauty luôn lắng nghe trước khi bắt tay vào làm.
☎️ Gọi hotline để giữ giờ đẹp!",,,/var/www/fb-marketing-app/data/schedule-videos/fullhd_1786203117230.mp4
4,2026-08-16,20:15,"🌤️ Đổi gió cho mái tóc cùng SUSI Hair & Beauty — nhẹ nhàng mà cuốn hút.
💬 Nhắn tin để stylist tư vấn riêng cho bạn!",,,/var/www/fb-marketing-app/data/schedule-videos/fullhd_1786204515702.mp4
4,2026-08-17,20:15,"🧴 SUSI Hair & Beauty ưu tiên sản phẩm dưỡng an toàn cho tóc nhuộm/uốn.
📍 Đặt lịch ngay hôm nay nhé!",,,/var/www/fb-marketing-app/data/schedule-videos/master_1786175670454.mp4
4,2026-08-18,20:15,"✂️ Từng đường cắt tại SUSI Hair & Beauty đều có lý do — không làm qua loa.
💌 Inbox SUSI Hair & Beauty để được tư vấn miễn phí!",,,/var/www/fb-marketing-app/data/schedule-videos/salon_Chuy_n_ng_t_c_m_t_6_cut.mp4
4,2026-08-19,20:15,"💆‍♀️ Thư giãn trọn vẹn trong lúc làm tóc tại SUSI Hair & Beauty.
☎️ Gọi hotline để giữ giờ đẹp!",,,/var/www/fb-marketing-app/data/schedule-videos/salon_Chuy_n_ng_t_c_m_t_7_cut.mp4
4,2026-08-20,20:15,"🌟 Một buổi làm tóc, một lần tự tin hơn — cùng SUSI Hair & Beauty.
💬 Nhắn tin để stylist tư vấn riêng cho bạn!",,,/var/www/fb-marketing-app/data/schedule-videos/salon_N_c_i_th_n_th_ng_5_cut.mp4
4,2026-08-21,20:15,"📸 Khoảnh khắc thật tại SUSI Hair & Beauty, không dàn dựng.
📍 Đặt lịch ngay hôm nay nhé!",,,/var/www/fb-marketing-app/data/schedule-videos/salon_Ng_c_nh_n_t_nhi_n_2_cut.mp4
4,2026-08-22,20:15,"🩷 SUSI Hair & Beauty — nơi mỗi mái tóc đều được chăm như lần đầu.
💌 Inbox SUSI Hair & Beauty để được tư vấn miễn phí!",,,/var/www/fb-marketing-app/data/schedule-videos/salon_Nh_n_qua_vai_6_cut.mp4
4,2026-08-23,20:15,"🍃 Nhẹ nhàng, tự nhiên, đúng chất SUSI Hair & Beauty.
☎️ Gọi hotline để giữ giờ đẹp!",,,/var/www/fb-marketing-app/data/schedule-videos/salon_Salon_-_Ch_nh_t_c_1_7_cut.mp4
4,2026-08-24,20:15,"💇‍♀️ Một khoảnh khắc làm tóc tại SUSI Hair & Beauty — nhẹ nhàng, tự nhiên, đúng phong cách bạn thích.
💬 Nhắn tin để stylist tư vấn riêng cho bạn!",,,/var/www/fb-marketing-app/data/schedule-videos/salon_Salon_-_Ch_nh_t_c_1_8_cut.mp4
4,2026-08-25,20:15,"✨ SUSI Hair & Beauty luôn chú trọng từng chi tiết nhỏ để mái tóc bạn lên form đẹp nhất.
📍 Đặt lịch ngay hôm nay nhé!",,,/var/www/fb-marketing-app/data/schedule-videos/salon_Salon_-_Ch_nh_t_c_2_8_cut.mp4
4,2026-08-26,20:15,"🌸 Ghé SUSI Hair & Beauty để cảm nhận sự khác biệt trong từng đường kéo, từng lọn tóc.
💌 Inbox SUSI Hair & Beauty để được tư vấn miễn phí!",,,/var/www/fb-marketing-app/data/schedule-videos/salon_Salon_-_Ch_nh_t_c_2_9_cut.mp4
4,2026-08-27,20:15,"💧 Chăm chút từng bước tại SUSI Hair & Beauty — từ gội, ủ đến tạo kiểu, không vội vàng.
☎️ Gọi hotline để giữ giờ đẹp!",,,/var/www/fb-marketing-app/data/schedule-videos/salon_Th_n_th_i_sang_tr_ng_9_cut.mp4
4,2026-08-28,20:15,"🎨 Một tông màu mới, một diện mạo mới cùng SUSI Hair & Beauty.
💬 Nhắn tin để stylist tư vấn riêng cho bạn!",,,/var/www/fb-marketing-app/data/schedule-videos/salon_Vu_t_t_c_duy_n_d_ng_4_cut.mp4
4,2026-08-29,20:15,"💁‍♀️ Stylist tại SUSI Hair & Beauty luôn lắng nghe trước khi bắt tay vào làm.
📍 Đặt lịch ngay hôm nay nhé!",,,/var/www/fb-marketing-app/data/schedule-videos/salon_Xoay_m_t_g_c_nghi_ng_3_cut.mp4
4,2026-08-30,20:15,"🌤️ Đổi gió cho mái tóc cùng SUSI Hair & Beauty — nhẹ nhàng mà cuốn hút.
💌 Inbox SUSI Hair & Beauty để được tư vấn miễn phí!",,,/var/www/fb-marketing-app/data/schedule-videos/salon_nh_nh_n_d_u_d_ng_1_cut.mp4
4,2026-08-31,20:15,"🧴 SUSI Hair & Beauty ưu tiên sản phẩm dưỡng an toàn cho tóc nhuộm/uốn.
☎️ Gọi hotline để giữ giờ đẹp!",,,/var/www/fb-marketing-app/data/schedule-videos/final_1786178553099.mp4
4,2026-09-01,20:15,"✂️ Từng đường cắt tại SUSI Hair & Beauty đều có lý do — không làm qua loa.
💬 Nhắn tin để stylist tư vấn riêng cho bạn!",,,/var/www/fb-marketing-app/data/schedule-videos/final_1786181766533.mp4
4,2026-09-02,20:15,"💆‍♀️ Thư giãn trọn vẹn trong lúc làm tóc tại SUSI Hair & Beauty.
📍 Đặt lịch ngay hôm nay nhé!",,,/var/www/fb-marketing-app/data/schedule-videos/final_1786186507562.mp4
4,2026-09-03,20:15,"🌟 Một buổi làm tóc, một lần tự tin hơn — cùng SUSI Hair & Beauty.
💌 Inbox SUSI Hair & Beauty để được tư vấn miễn phí!",,,/var/www/fb-marketing-app/data/schedule-videos/final_1786192066925.mp4
4,2026-09-04,20:15,"📸 Khoảnh khắc thật tại SUSI Hair & Beauty, không dàn dựng.
☎️ Gọi hotline để giữ giờ đẹp!",,,/var/www/fb-marketing-app/data/schedule-videos/final_1786192503392.mp4
4,2026-09-05,20:15,"🩷 SUSI Hair & Beauty — nơi mỗi mái tóc đều được chăm như lần đầu.
💬 Nhắn tin để stylist tư vấn riêng cho bạn!",,,/var/www/fb-marketing-app/data/schedule-videos/final_1786192874824.mp4
4,2026-09-06,20:15,"🍃 Nhẹ nhàng, tự nhiên, đúng chất SUSI Hair & Beauty.
📍 Đặt lịch ngay hôm nay nhé!",,,/var/www/fb-marketing-app/data/schedule-videos/final_1786193562054.mp4
4,2026-09-07,20:15,"💇‍♀️ Một khoảnh khắc làm tóc tại SUSI Hair & Beauty — nhẹ nhàng, tự nhiên, đúng phong cách bạn thích.
💌 Inbox SUSI Hair & Beauty để được tư vấn miễn phí!",,,/var/www/fb-marketing-app/data/schedule-videos/final_1786194978037.mp4
4,2026-09-08,20:15,"✨ SUSI Hair & Beauty luôn chú trọng từng chi tiết nhỏ để mái tóc bạn lên form đẹp nhất.
☎️ Gọi hotline để giữ giờ đẹp!",,,/var/www/fb-marketing-app/data/schedule-videos/final_1786195873283.mp4
3,2026-08-10,19:07,"💇‍♀️ Một khoảnh khắc làm tóc tại Susi Hair salon 31 Ngõ 68 Trung kính — nhẹ nhàng, tự nhiên, đúng phong cách bạn thích.
☎️ Gọi hotline để giữ giờ đẹp!",,,/var/www/fb-marketing-app/data/schedule-videos/fullhd_1786193679247.mp4
3,2026-08-11,19:07,"✨ Susi Hair salon 31 Ngõ 68 Trung kính luôn chú trọng từng chi tiết nhỏ để mái tóc bạn lên form đẹp nhất.
💬 Nhắn tin để stylist tư vấn riêng cho bạn!",,,/var/www/fb-marketing-app/data/schedule-videos/fullhd_1786195070432.mp4
3,2026-08-12,19:07,"🌸 Ghé Susi Hair salon 31 Ngõ 68 Trung kính để cảm nhận sự khác biệt trong từng đường kéo, từng lọn tóc.
📍 Đặt lịch ngay hôm nay nhé!",,,/var/www/fb-marketing-app/data/schedule-videos/fullhd_1786195795072.mp4
3,2026-08-13,19:07,"💧 Chăm chút từng bước tại Susi Hair salon 31 Ngõ 68 Trung kính — từ gội, ủ đến tạo kiểu, không vội vàng.
💌 Inbox Susi Hair salon 31 Ngõ 68 Trung kính để được tư vấn miễn phí!",,,/var/www/fb-marketing-app/data/schedule-videos/fullhd_1786196047409.mp4
3,2026-08-14,19:07,"🎨 Một tông màu mới, một diện mạo mới cùng Susi Hair salon 31 Ngõ 68 Trung kính.
☎️ Gọi hotline để giữ giờ đẹp!",,,/var/www/fb-marketing-app/data/schedule-videos/fullhd_1786203117230.mp4
3,2026-08-15,19:07,"💁‍♀️ Stylist tại Susi Hair salon 31 Ngõ 68 Trung kính luôn lắng nghe trước khi bắt tay vào làm.
💬 Nhắn tin để stylist tư vấn riêng cho bạn!",,,/var/www/fb-marketing-app/data/schedule-videos/fullhd_1786204515702.mp4
3,2026-08-16,19:07,"🌤️ Đổi gió cho mái tóc cùng Susi Hair salon 31 Ngõ 68 Trung kính — nhẹ nhàng mà cuốn hút.
📍 Đặt lịch ngay hôm nay nhé!",,,/var/www/fb-marketing-app/data/schedule-videos/master_1786175670454.mp4
3,2026-08-17,19:07,"🧴 Susi Hair salon 31 Ngõ 68 Trung kính ưu tiên sản phẩm dưỡng an toàn cho tóc nhuộm/uốn.
💌 Inbox Susi Hair salon 31 Ngõ 68 Trung kính để được tư vấn miễn phí!",,,/var/www/fb-marketing-app/data/schedule-videos/salon_Chuy_n_ng_t_c_m_t_6_cut.mp4
3,2026-08-18,19:07,"✂️ Từng đường cắt tại Susi Hair salon 31 Ngõ 68 Trung kính đều có lý do — không làm qua loa.
☎️ Gọi hotline để giữ giờ đẹp!",,,/var/www/fb-marketing-app/data/schedule-videos/salon_Chuy_n_ng_t_c_m_t_7_cut.mp4
3,2026-08-19,19:07,"💆‍♀️ Thư giãn trọn vẹn trong lúc làm tóc tại Susi Hair salon 31 Ngõ 68 Trung kính.
💬 Nhắn tin để stylist tư vấn riêng cho bạn!",,,/var/www/fb-marketing-app/data/schedule-videos/salon_N_c_i_th_n_th_ng_5_cut.mp4
3,2026-08-20,19:07,"🌟 Một buổi làm tóc, một lần tự tin hơn — cùng Susi Hair salon 31 Ngõ 68 Trung kính.
📍 Đặt lịch ngay hôm nay nhé!",,,/var/www/fb-marketing-app/data/schedule-videos/salon_Ng_c_nh_n_t_nhi_n_2_cut.mp4
3,2026-08-21,19:07,"📸 Khoảnh khắc thật tại Susi Hair salon 31 Ngõ 68 Trung kính, không dàn dựng.
💌 Inbox Susi Hair salon 31 Ngõ 68 Trung kính để được tư vấn miễn phí!",,,/var/www/fb-marketing-app/data/schedule-videos/salon_Nh_n_qua_vai_6_cut.mp4
3,2026-08-22,19:07,"🩷 Susi Hair salon 31 Ngõ 68 Trung kính — nơi mỗi mái tóc đều được chăm như lần đầu.
☎️ Gọi hotline để giữ giờ đẹp!",,,/var/www/fb-marketing-app/data/schedule-videos/salon_Salon_-_Ch_nh_t_c_1_7_cut.mp4
3,2026-08-23,19:07,"🍃 Nhẹ nhàng, tự nhiên, đúng chất Susi Hair salon 31 Ngõ 68 Trung kính.
💬 Nhắn tin để stylist tư vấn riêng cho bạn!",,,/var/www/fb-marketing-app/data/schedule-videos/salon_Salon_-_Ch_nh_t_c_1_8_cut.mp4
3,2026-08-24,19:07,"💇‍♀️ Một khoảnh khắc làm tóc tại Susi Hair salon 31 Ngõ 68 Trung kính — nhẹ nhàng, tự nhiên, đúng phong cách bạn thích.
📍 Đặt lịch ngay hôm nay nhé!",,,/var/www/fb-marketing-app/data/schedule-videos/salon_Salon_-_Ch_nh_t_c_2_8_cut.mp4
3,2026-08-25,19:07,"✨ Susi Hair salon 31 Ngõ 68 Trung kính luôn chú trọng từng chi tiết nhỏ để mái tóc bạn lên form đẹp nhất.
💌 Inbox Susi Hair salon 31 Ngõ 68 Trung kính để được tư vấn miễn phí!",,,/var/www/fb-marketing-app/data/schedule-videos/salon_Salon_-_Ch_nh_t_c_2_9_cut.mp4
3,2026-08-26,19:07,"🌸 Ghé Susi Hair salon 31 Ngõ 68 Trung kính để cảm nhận sự khác biệt trong từng đường kéo, từng lọn tóc.
☎️ Gọi hotline để giữ giờ đẹp!",,,/var/www/fb-marketing-app/data/schedule-videos/salon_Th_n_th_i_sang_tr_ng_9_cut.mp4
3,2026-08-27,19:07,"💧 Chăm chút từng bước tại Susi Hair salon 31 Ngõ 68 Trung kính — từ gội, ủ đến tạo kiểu, không vội vàng.
💬 Nhắn tin để stylist tư vấn riêng cho bạn!",,,/var/www/fb-marketing-app/data/schedule-videos/salon_Vu_t_t_c_duy_n_d_ng_4_cut.mp4
3,2026-08-28,19:07,"🎨 Một tông màu mới, một diện mạo mới cùng Susi Hair salon 31 Ngõ 68 Trung kính.
📍 Đặt lịch ngay hôm nay nhé!",,,/var/www/fb-marketing-app/data/schedule-videos/salon_Xoay_m_t_g_c_nghi_ng_3_cut.mp4
3,2026-08-29,19:07,"💁‍♀️ Stylist tại Susi Hair salon 31 Ngõ 68 Trung kính luôn lắng nghe trước khi bắt tay vào làm.
💌 Inbox Susi Hair salon 31 Ngõ 68 Trung kính để được tư vấn miễn phí!",,,/var/www/fb-marketing-app/data/schedule-videos/salon_nh_nh_n_d_u_d_ng_1_cut.mp4
3,2026-08-30,19:07,"🌤️ Đổi gió cho mái tóc cùng Susi Hair salon 31 Ngõ 68 Trung kính — nhẹ nhàng mà cuốn hút.
☎️ Gọi hotline để giữ giờ đẹp!",,,/var/www/fb-marketing-app/data/schedule-videos/final_1786178553099.mp4
3,2026-08-31,19:07,"🧴 Susi Hair salon 31 Ngõ 68 Trung kính ưu tiên sản phẩm dưỡng an toàn cho tóc nhuộm/uốn.
💬 Nhắn tin để stylist tư vấn riêng cho bạn!",,,/var/www/fb-marketing-app/data/schedule-videos/final_1786181766533.mp4
3,2026-09-01,19:07,"✂️ Từng đường cắt tại Susi Hair salon 31 Ngõ 68 Trung kính đều có lý do — không làm qua loa.
📍 Đặt lịch ngay hôm nay nhé!",,,/var/www/fb-marketing-app/data/schedule-videos/final_1786186507562.mp4
3,2026-09-02,19:07,"💆‍♀️ Thư giãn trọn vẹn trong lúc làm tóc tại Susi Hair salon 31 Ngõ 68 Trung kính.
💌 Inbox Susi Hair salon 31 Ngõ 68 Trung kính để được tư vấn miễn phí!",,,/var/www/fb-marketing-app/data/schedule-videos/final_1786192066925.mp4
3,2026-09-03,19:07,"🌟 Một buổi làm tóc, một lần tự tin hơn — cùng Susi Hair salon 31 Ngõ 68 Trung kính.
☎️ Gọi hotline để giữ giờ đẹp!",,,/var/www/fb-marketing-app/data/schedule-videos/final_1786192503392.mp4
3,2026-09-04,19:07,"📸 Khoảnh khắc thật tại Susi Hair salon 31 Ngõ 68 Trung kính, không dàn dựng.
💬 Nhắn tin để stylist tư vấn riêng cho bạn!",,,/var/www/fb-marketing-app/data/schedule-videos/final_1786192874824.mp4
3,2026-09-05,19:07,"🩷 Susi Hair salon 31 Ngõ 68 Trung kính — nơi mỗi mái tóc đều được chăm như lần đầu.
📍 Đặt lịch ngay hôm nay nhé!",,,/var/www/fb-marketing-app/data/schedule-videos/final_1786193562054.mp4
3,2026-09-06,19:07,"🍃 Nhẹ nhàng, tự nhiên, đúng chất Susi Hair salon 31 Ngõ 68 Trung kính.
💌 Inbox Susi Hair salon 31 Ngõ 68 Trung kính để được tư vấn miễn phí!",,,/var/www/fb-marketing-app/data/schedule-videos/final_1786194978037.mp4
3,2026-09-07,19:07,"💇‍♀️ Một khoảnh khắc làm tóc tại Susi Hair salon 31 Ngõ 68 Trung kính — nhẹ nhàng, tự nhiên, đúng phong cách bạn thích.
☎️ Gọi hotline để giữ giờ đẹp!",,,/var/www/fb-marketing-app/data/schedule-videos/final_1786195873283.mp4
3,2026-09-08,19:07,"✨ Susi Hair salon 31 Ngõ 68 Trung kính luôn chú trọng từng chi tiết nhỏ để mái tóc bạn lên form đẹp nhất.
💬 Nhắn tin để stylist tư vấn riêng cho bạn!",,,/var/www/fb-marketing-app/data/schedule-videos/final_1786202807893.mp4
2,2026-08-10,19:30,"💇‍♀️ Một khoảnh khắc làm tóc tại Susi Hair Studio Trung Kín — nhẹ nhàng, tự nhiên, đúng phong cách bạn thích.
💬 Nhắn tin để stylist tư vấn riêng cho bạn!",,,/var/www/fb-marketing-app/data/schedule-videos/fullhd_1786195070432.mp4
2,2026-08-11,19:30,"✨ Susi Hair Studio Trung Kín luôn chú trọng từng chi tiết nhỏ để mái tóc bạn lên form đẹp nhất.
📍 Đặt lịch ngay hôm nay nhé!",,,/var/www/fb-marketing-app/data/schedule-videos/fullhd_1786195795072.mp4
2,2026-08-12,19:30,"🌸 Ghé Susi Hair Studio Trung Kín để cảm nhận sự khác biệt trong từng đường kéo, từng lọn tóc.
💌 Inbox Susi Hair Studio Trung Kín để được tư vấn miễn phí!",,,/var/www/fb-marketing-app/data/schedule-videos/fullhd_1786196047409.mp4
2,2026-08-13,19:30,"💧 Chăm chút từng bước tại Susi Hair Studio Trung Kín — từ gội, ủ đến tạo kiểu, không vội vàng.
☎️ Gọi hotline để giữ giờ đẹp!",,,/var/www/fb-marketing-app/data/schedule-videos/fullhd_1786203117230.mp4
2,2026-08-14,19:30,"🎨 Một tông màu mới, một diện mạo mới cùng Susi Hair Studio Trung Kín.
💬 Nhắn tin để stylist tư vấn riêng cho bạn!",,,/var/www/fb-marketing-app/data/schedule-videos/fullhd_1786204515702.mp4
2,2026-08-15,19:30,"💁‍♀️ Stylist tại Susi Hair Studio Trung Kín luôn lắng nghe trước khi bắt tay vào làm.
📍 Đặt lịch ngay hôm nay nhé!",,,/var/www/fb-marketing-app/data/schedule-videos/master_1786175670454.mp4
2,2026-08-16,19:30,"🌤️ Đổi gió cho mái tóc cùng Susi Hair Studio Trung Kín — nhẹ nhàng mà cuốn hút.
💌 Inbox Susi Hair Studio Trung Kín để được tư vấn miễn phí!",,,/var/www/fb-marketing-app/data/schedule-videos/salon_Chuy_n_ng_t_c_m_t_6_cut.mp4
2,2026-08-17,19:30,"🧴 Susi Hair Studio Trung Kín ưu tiên sản phẩm dưỡng an toàn cho tóc nhuộm/uốn.
☎️ Gọi hotline để giữ giờ đẹp!",,,/var/www/fb-marketing-app/data/schedule-videos/salon_Chuy_n_ng_t_c_m_t_7_cut.mp4
2,2026-08-18,19:30,"✂️ Từng đường cắt tại Susi Hair Studio Trung Kín đều có lý do — không làm qua loa.
💬 Nhắn tin để stylist tư vấn riêng cho bạn!",,,/var/www/fb-marketing-app/data/schedule-videos/salon_N_c_i_th_n_th_ng_5_cut.mp4
2,2026-08-19,19:30,"💆‍♀️ Thư giãn trọn vẹn trong lúc làm tóc tại Susi Hair Studio Trung Kín.
📍 Đặt lịch ngay hôm nay nhé!",,,/var/www/fb-marketing-app/data/schedule-videos/salon_Ng_c_nh_n_t_nhi_n_2_cut.mp4
2,2026-08-20,19:30,"🌟 Một buổi làm tóc, một lần tự tin hơn — cùng Susi Hair Studio Trung Kín.
💌 Inbox Susi Hair Studio Trung Kín để được tư vấn miễn phí!",,,/var/www/fb-marketing-app/data/schedule-videos/salon_Nh_n_qua_vai_6_cut.mp4
2,2026-08-21,19:30,"📸 Khoảnh khắc thật tại Susi Hair Studio Trung Kín, không dàn dựng.
☎️ Gọi hotline để giữ giờ đẹp!",,,/var/www/fb-marketing-app/data/schedule-videos/salon_Salon_-_Ch_nh_t_c_1_7_cut.mp4
2,2026-08-22,19:30,"🩷 Susi Hair Studio Trung Kín — nơi mỗi mái tóc đều được chăm như lần đầu.
💬 Nhắn tin để stylist tư vấn riêng cho bạn!",,,/var/www/fb-marketing-app/data/schedule-videos/salon_Salon_-_Ch_nh_t_c_1_8_cut.mp4
2,2026-08-23,19:30,"🍃 Nhẹ nhàng, tự nhiên, đúng chất Susi Hair Studio Trung Kín.
📍 Đặt lịch ngay hôm nay nhé!",,,/var/www/fb-marketing-app/data/schedule-videos/salon_Salon_-_Ch_nh_t_c_2_8_cut.mp4
2,2026-08-24,19:30,"💇‍♀️ Một khoảnh khắc làm tóc tại Susi Hair Studio Trung Kín — nhẹ nhàng, tự nhiên, đúng phong cách bạn thích.
💌 Inbox Susi Hair Studio Trung Kín để được tư vấn miễn phí!",,,/var/www/fb-marketing-app/data/schedule-videos/salon_Salon_-_Ch_nh_t_c_2_9_cut.mp4
2,2026-08-25,19:30,"✨ Susi Hair Studio Trung Kín luôn chú trọng từng chi tiết nhỏ để mái tóc bạn lên form đẹp nhất.
☎️ Gọi hotline để giữ giờ đẹp!",,,/var/www/fb-marketing-app/data/schedule-videos/salon_Th_n_th_i_sang_tr_ng_9_cut.mp4
2,2026-08-26,19:30,"🌸 Ghé Susi Hair Studio Trung Kín để cảm nhận sự khác biệt trong từng đường kéo, từng lọn tóc.
💬 Nhắn tin để stylist tư vấn riêng cho bạn!",,,/var/www/fb-marketing-app/data/schedule-videos/salon_Vu_t_t_c_duy_n_d_ng_4_cut.mp4
2,2026-08-27,19:30,"💧 Chăm chút từng bước tại Susi Hair Studio Trung Kín — từ gội, ủ đến tạo kiểu, không vội vàng.
📍 Đặt lịch ngay hôm nay nhé!",,,/var/www/fb-marketing-app/data/schedule-videos/salon_Xoay_m_t_g_c_nghi_ng_3_cut.mp4
2,2026-08-28,19:30,"🎨 Một tông màu mới, một diện mạo mới cùng Susi Hair Studio Trung Kín.
💌 Inbox Susi Hair Studio Trung Kín để được tư vấn miễn phí!",,,/var/www/fb-marketing-app/data/schedule-videos/salon_nh_nh_n_d_u_d_ng_1_cut.mp4
2,2026-08-29,19:30,"💁‍♀️ Stylist tại Susi Hair Studio Trung Kín luôn lắng nghe trước khi bắt tay vào làm.
☎️ Gọi hotline để giữ giờ đẹp!",,,/var/www/fb-marketing-app/data/schedule-videos/final_1786178553099.mp4
2,2026-08-30,19:30,"🌤️ Đổi gió cho mái tóc cùng Susi Hair Studio Trung Kín — nhẹ nhàng mà cuốn hút.
💬 Nhắn tin để stylist tư vấn riêng cho bạn!",,,/var/www/fb-marketing-app/data/schedule-videos/final_1786181766533.mp4
2,2026-08-31,19:30,"🧴 Susi Hair Studio Trung Kín ưu tiên sản phẩm dưỡng an toàn cho tóc nhuộm/uốn.
📍 Đặt lịch ngay hôm nay nhé!",,,/var/www/fb-marketing-app/data/schedule-videos/final_1786186507562.mp4
2,2026-09-01,19:30,"✂️ Từng đường cắt tại Susi Hair Studio Trung Kín đều có lý do — không làm qua loa.
💌 Inbox Susi Hair Studio Trung Kín để được tư vấn miễn phí!",,,/var/www/fb-marketing-app/data/schedule-videos/final_1786192066925.mp4
2,2026-09-02,19:30,"💆‍♀️ Thư giãn trọn vẹn trong lúc làm tóc tại Susi Hair Studio Trung Kín.
☎️ Gọi hotline để giữ giờ đẹp!",,,/var/www/fb-marketing-app/data/schedule-videos/final_1786192503392.mp4
2,2026-09-03,19:30,"🌟 Một buổi làm tóc, một lần tự tin hơn — cùng Susi Hair Studio Trung Kín.
💬 Nhắn tin để stylist tư vấn riêng cho bạn!",,,/var/www/fb-marketing-app/data/schedule-videos/final_1786192874824.mp4
2,2026-09-04,19:30,"📸 Khoảnh khắc thật tại Susi Hair Studio Trung Kín, không dàn dựng.
📍 Đặt lịch ngay hôm nay nhé!",,,/var/www/fb-marketing-app/data/schedule-videos/final_1786193562054.mp4
2,2026-09-05,19:30,"🩷 Susi Hair Studio Trung Kín — nơi mỗi mái tóc đều được chăm như lần đầu.
💌 Inbox Susi Hair Studio Trung Kín để được tư vấn miễn phí!",,,/var/www/fb-marketing-app/data/schedule-videos/final_1786194978037.mp4
2,2026-09-06,19:30,"🍃 Nhẹ nhàng, tự nhiên, đúng chất Susi Hair Studio Trung Kín.
☎️ Gọi hotline để giữ giờ đẹp!",,,/var/www/fb-marketing-app/data/schedule-videos/final_1786195873283.mp4
2,2026-09-07,19:30,"💇‍♀️ Một khoảnh khắc làm tóc tại Susi Hair Studio Trung Kín — nhẹ nhàng, tự nhiên, đúng phong cách bạn thích.
💬 Nhắn tin để stylist tư vấn riêng cho bạn!",,,/var/www/fb-marketing-app/data/schedule-videos/final_1786202807893.mp4
2,2026-09-08,19:30,"✨ Susi Hair Studio Trung Kín luôn chú trọng từng chi tiết nhỏ để mái tóc bạn lên form đẹp nhất.
📍 Đặt lịch ngay hôm nay nhé!",,,/var/www/fb-marketing-app/data/schedule-videos/final_1786204378507.mp4
1,2026-08-10,19:53,"💇‍♀️ Một khoảnh khắc làm tóc tại SuSi Hair Salon Đống Đa — nhẹ nhàng, tự nhiên, đúng phong cách bạn thích.
📍 Đặt lịch ngay hôm nay nhé!",,,/var/www/fb-marketing-app/data/schedule-videos/fullhd_1786195795072.mp4
1,2026-08-11,19:53,"✨ SuSi Hair Salon Đống Đa luôn chú trọng từng chi tiết nhỏ để mái tóc bạn lên form đẹp nhất.
💌 Inbox SuSi Hair Salon Đống Đa để được tư vấn miễn phí!",,,/var/www/fb-marketing-app/data/schedule-videos/fullhd_1786196047409.mp4
1,2026-08-12,19:53,"🌸 Ghé SuSi Hair Salon Đống Đa để cảm nhận sự khác biệt trong từng đường kéo, từng lọn tóc.
☎️ Gọi hotline để giữ giờ đẹp!",,,/var/www/fb-marketing-app/data/schedule-videos/fullhd_1786203117230.mp4
1,2026-08-13,19:53,"💧 Chăm chút từng bước tại SuSi Hair Salon Đống Đa — từ gội, ủ đến tạo kiểu, không vội vàng.
💬 Nhắn tin để stylist tư vấn riêng cho bạn!",,,/var/www/fb-marketing-app/data/schedule-videos/fullhd_1786204515702.mp4
1,2026-08-14,19:53,"🎨 Một tông màu mới, một diện mạo mới cùng SuSi Hair Salon Đống Đa.
📍 Đặt lịch ngay hôm nay nhé!",,,/var/www/fb-marketing-app/data/schedule-videos/master_1786175670454.mp4
1,2026-08-15,19:53,"💁‍♀️ Stylist tại SuSi Hair Salon Đống Đa luôn lắng nghe trước khi bắt tay vào làm.
💌 Inbox SuSi Hair Salon Đống Đa để được tư vấn miễn phí!",,,/var/www/fb-marketing-app/data/schedule-videos/salon_Chuy_n_ng_t_c_m_t_6_cut.mp4
1,2026-08-16,19:53,"🌤️ Đổi gió cho mái tóc cùng SuSi Hair Salon Đống Đa — nhẹ nhàng mà cuốn hút.
☎️ Gọi hotline để giữ giờ đẹp!",,,/var/www/fb-marketing-app/data/schedule-videos/salon_Chuy_n_ng_t_c_m_t_7_cut.mp4
1,2026-08-17,19:53,"🧴 SuSi Hair Salon Đống Đa ưu tiên sản phẩm dưỡng an toàn cho tóc nhuộm/uốn.
💬 Nhắn tin để stylist tư vấn riêng cho bạn!",,,/var/www/fb-marketing-app/data/schedule-videos/salon_N_c_i_th_n_th_ng_5_cut.mp4
1,2026-08-18,19:53,"✂️ Từng đường cắt tại SuSi Hair Salon Đống Đa đều có lý do — không làm qua loa.
📍 Đặt lịch ngay hôm nay nhé!",,,/var/www/fb-marketing-app/data/schedule-videos/salon_Ng_c_nh_n_t_nhi_n_2_cut.mp4
1,2026-08-19,19:53,"💆‍♀️ Thư giãn trọn vẹn trong lúc làm tóc tại SuSi Hair Salon Đống Đa.
💌 Inbox SuSi Hair Salon Đống Đa để được tư vấn miễn phí!",,,/var/www/fb-marketing-app/data/schedule-videos/salon_Nh_n_qua_vai_6_cut.mp4
1,2026-08-20,19:53,"🌟 Một buổi làm tóc, một lần tự tin hơn — cùng SuSi Hair Salon Đống Đa.
☎️ Gọi hotline để giữ giờ đẹp!",,,/var/www/fb-marketing-app/data/schedule-videos/salon_Salon_-_Ch_nh_t_c_1_7_cut.mp4
1,2026-08-21,19:53,"📸 Khoảnh khắc thật tại SuSi Hair Salon Đống Đa, không dàn dựng.
💬 Nhắn tin để stylist tư vấn riêng cho bạn!",,,/var/www/fb-marketing-app/data/schedule-videos/salon_Salon_-_Ch_nh_t_c_1_8_cut.mp4
1,2026-08-22,19:53,"🩷 SuSi Hair Salon Đống Đa — nơi mỗi mái tóc đều được chăm như lần đầu.
📍 Đặt lịch ngay hôm nay nhé!",,,/var/www/fb-marketing-app/data/schedule-videos/salon_Salon_-_Ch_nh_t_c_2_8_cut.mp4
1,2026-08-23,19:53,"🍃 Nhẹ nhàng, tự nhiên, đúng chất SuSi Hair Salon Đống Đa.
💌 Inbox SuSi Hair Salon Đống Đa để được tư vấn miễn phí!",,,/var/www/fb-marketing-app/data/schedule-videos/salon_Salon_-_Ch_nh_t_c_2_9_cut.mp4
1,2026-08-24,19:53,"💇‍♀️ Một khoảnh khắc làm tóc tại SuSi Hair Salon Đống Đa — nhẹ nhàng, tự nhiên, đúng phong cách bạn thích.
☎️ Gọi hotline để giữ giờ đẹp!",,,/var/www/fb-marketing-app/data/schedule-videos/salon_Th_n_th_i_sang_tr_ng_9_cut.mp4
1,2026-08-25,19:53,"✨ SuSi Hair Salon Đống Đa luôn chú trọng từng chi tiết nhỏ để mái tóc bạn lên form đẹp nhất.
💬 Nhắn tin để stylist tư vấn riêng cho bạn!",,,/var/www/fb-marketing-app/data/schedule-videos/salon_Vu_t_t_c_duy_n_d_ng_4_cut.mp4
1,2026-08-26,19:53,"🌸 Ghé SuSi Hair Salon Đống Đa để cảm nhận sự khác biệt trong từng đường kéo, từng lọn tóc.
📍 Đặt lịch ngay hôm nay nhé!",,,/var/www/fb-marketing-app/data/schedule-videos/salon_Xoay_m_t_g_c_nghi_ng_3_cut.mp4
1,2026-08-27,19:53,"💧 Chăm chút từng bước tại SuSi Hair Salon Đống Đa — từ gội, ủ đến tạo kiểu, không vội vàng.
💌 Inbox SuSi Hair Salon Đống Đa để được tư vấn miễn phí!",,,/var/www/fb-marketing-app/data/schedule-videos/salon_nh_nh_n_d_u_d_ng_1_cut.mp4
1,2026-08-28,19:53,"🎨 Một tông màu mới, một diện mạo mới cùng SuSi Hair Salon Đống Đa.
☎️ Gọi hotline để giữ giờ đẹp!",,,/var/www/fb-marketing-app/data/schedule-videos/final_1786178553099.mp4
1,2026-08-29,19:53,"💁‍♀️ Stylist tại SuSi Hair Salon Đống Đa luôn lắng nghe trước khi bắt tay vào làm.
💬 Nhắn tin để stylist tư vấn riêng cho bạn!",,,/var/www/fb-marketing-app/data/schedule-videos/final_1786181766533.mp4
1,2026-08-30,19:53,"🌤️ Đổi gió cho mái tóc cùng SuSi Hair Salon Đống Đa — nhẹ nhàng mà cuốn hút.
📍 Đặt lịch ngay hôm nay nhé!",,,/var/www/fb-marketing-app/data/schedule-videos/final_1786186507562.mp4
1,2026-08-31,19:53,"🧴 SuSi Hair Salon Đống Đa ưu tiên sản phẩm dưỡng an toàn cho tóc nhuộm/uốn.
💌 Inbox SuSi Hair Salon Đống Đa để được tư vấn miễn phí!",,,/var/www/fb-marketing-app/data/schedule-videos/final_1786192066925.mp4
1,2026-09-01,19:53,"✂️ Từng đường cắt tại SuSi Hair Salon Đống Đa đều có lý do — không làm qua loa.
☎️ Gọi hotline để giữ giờ đẹp!",,,/var/www/fb-marketing-app/data/schedule-videos/final_1786192503392.mp4
1,2026-09-02,19:53,"💆‍♀️ Thư giãn trọn vẹn trong lúc làm tóc tại SuSi Hair Salon Đống Đa.
💬 Nhắn tin để stylist tư vấn riêng cho bạn!",,,/var/www/fb-marketing-app/data/schedule-videos/final_1786192874824.mp4
1,2026-09-03,19:53,"🌟 Một buổi làm tóc, một lần tự tin hơn — cùng SuSi Hair Salon Đống Đa.
📍 Đặt lịch ngay hôm nay nhé!",,,/var/www/fb-marketing-app/data/schedule-videos/final_1786193562054.mp4
1,2026-09-04,19:53,"📸 Khoảnh khắc thật tại SuSi Hair Salon Đống Đa, không dàn dựng.
💌 Inbox SuSi Hair Salon Đống Đa để được tư vấn miễn phí!",,,/var/www/fb-marketing-app/data/schedule-videos/final_1786194978037.mp4
1,2026-09-05,19:53,"🩷 SuSi Hair Salon Đống Đa — nơi mỗi mái tóc đều được chăm như lần đầu.
☎️ Gọi hotline để giữ giờ đẹp!",,,/var/www/fb-marketing-app/data/schedule-videos/final_1786195873283.mp4
1,2026-09-06,19:53,"🍃 Nhẹ nhàng, tự nhiên, đúng chất SuSi Hair Salon Đống Đa.
💬 Nhắn tin để stylist tư vấn riêng cho bạn!",,,/var/www/fb-marketing-app/data/schedule-videos/final_1786202807893.mp4
1,2026-09-07,19:53,"💇‍♀️ Một khoảnh khắc làm tóc tại SuSi Hair Salon Đống Đa — nhẹ nhàng, tự nhiên, đúng phong cách bạn thích.
📍 Đặt lịch ngay hôm nay nhé!",,,/var/www/fb-marketing-app/data/schedule-videos/final_1786204378507.mp4
1,2026-09-08,19:53,"✨ SuSi Hair Salon Đống Đa luôn chú trọng từng chi tiết nhỏ để mái tóc bạn lên form đẹp nhất.
💌 Inbox SuSi Hair Salon Đống Đa để được tư vấn miễn phí!",,,/var/www/fb-marketing-app/data/schedule-videos/final_1786204993148.mp4
26,2026-08-10,19:24,"💇‍♀️ Một khoảnh khắc làm tóc tại CK Hair Salons — nhẹ nhàng, tự nhiên, đúng phong cách bạn thích.
💌 Inbox CK Hair Salons để được tư vấn miễn phí!",,,/var/www/fb-marketing-app/data/schedule-videos/fullhd_1786196047409.mp4
26,2026-08-11,19:24,"✨ CK Hair Salons luôn chú trọng từng chi tiết nhỏ để mái tóc bạn lên form đẹp nhất.
☎️ Gọi hotline để giữ giờ đẹp!",,,/var/www/fb-marketing-app/data/schedule-videos/fullhd_1786203117230.mp4
26,2026-08-12,19:24,"🌸 Ghé CK Hair Salons để cảm nhận sự khác biệt trong từng đường kéo, từng lọn tóc.
💬 Nhắn tin để stylist tư vấn riêng cho bạn!",,,/var/www/fb-marketing-app/data/schedule-videos/fullhd_1786204515702.mp4
26,2026-08-13,19:24,"💧 Chăm chút từng bước tại CK Hair Salons — từ gội, ủ đến tạo kiểu, không vội vàng.
📍 Đặt lịch ngay hôm nay nhé!",,,/var/www/fb-marketing-app/data/schedule-videos/master_1786175670454.mp4
26,2026-08-14,19:24,"🎨 Một tông màu mới, một diện mạo mới cùng CK Hair Salons.
💌 Inbox CK Hair Salons để được tư vấn miễn phí!",,,/var/www/fb-marketing-app/data/schedule-videos/salon_Chuy_n_ng_t_c_m_t_6_cut.mp4
26,2026-08-15,19:24,"💁‍♀️ Stylist tại CK Hair Salons luôn lắng nghe trước khi bắt tay vào làm.
☎️ Gọi hotline để giữ giờ đẹp!",,,/var/www/fb-marketing-app/data/schedule-videos/salon_Chuy_n_ng_t_c_m_t_7_cut.mp4
26,2026-08-16,19:24,"🌤️ Đổi gió cho mái tóc cùng CK Hair Salons — nhẹ nhàng mà cuốn hút.
💬 Nhắn tin để stylist tư vấn riêng cho bạn!",,,/var/www/fb-marketing-app/data/schedule-videos/salon_N_c_i_th_n_th_ng_5_cut.mp4
26,2026-08-17,19:24,"🧴 CK Hair Salons ưu tiên sản phẩm dưỡng an toàn cho tóc nhuộm/uốn.
📍 Đặt lịch ngay hôm nay nhé!",,,/var/www/fb-marketing-app/data/schedule-videos/salon_Ng_c_nh_n_t_nhi_n_2_cut.mp4
26,2026-08-18,19:24,"✂️ Từng đường cắt tại CK Hair Salons đều có lý do — không làm qua loa.
💌 Inbox CK Hair Salons để được tư vấn miễn phí!",,,/var/www/fb-marketing-app/data/schedule-videos/salon_Nh_n_qua_vai_6_cut.mp4
26,2026-08-19,19:24,"💆‍♀️ Thư giãn trọn vẹn trong lúc làm tóc tại CK Hair Salons.
☎️ Gọi hotline để giữ giờ đẹp!",,,/var/www/fb-marketing-app/data/schedule-videos/salon_Salon_-_Ch_nh_t_c_1_7_cut.mp4
26,2026-08-20,19:24,"🌟 Một buổi làm tóc, một lần tự tin hơn — cùng CK Hair Salons.
💬 Nhắn tin để stylist tư vấn riêng cho bạn!",,,/var/www/fb-marketing-app/data/schedule-videos/salon_Salon_-_Ch_nh_t_c_1_8_cut.mp4
26,2026-08-21,19:24,"📸 Khoảnh khắc thật tại CK Hair Salons, không dàn dựng.
📍 Đặt lịch ngay hôm nay nhé!",,,/var/www/fb-marketing-app/data/schedule-videos/salon_Salon_-_Ch_nh_t_c_2_8_cut.mp4
26,2026-08-22,19:24,"🩷 CK Hair Salons — nơi mỗi mái tóc đều được chăm như lần đầu.
💌 Inbox CK Hair Salons để được tư vấn miễn phí!",,,/var/www/fb-marketing-app/data/schedule-videos/salon_Salon_-_Ch_nh_t_c_2_9_cut.mp4
26,2026-08-23,19:24,"🍃 Nhẹ nhàng, tự nhiên, đúng chất CK Hair Salons.
☎️ Gọi hotline để giữ giờ đẹp!",,,/var/www/fb-marketing-app/data/schedule-videos/salon_Th_n_th_i_sang_tr_ng_9_cut.mp4
26,2026-08-24,19:24,"💇‍♀️ Một khoảnh khắc làm tóc tại CK Hair Salons — nhẹ nhàng, tự nhiên, đúng phong cách bạn thích.
💬 Nhắn tin để stylist tư vấn riêng cho bạn!",,,/var/www/fb-marketing-app/data/schedule-videos/salon_Vu_t_t_c_duy_n_d_ng_4_cut.mp4
26,2026-08-25,19:24,"✨ CK Hair Salons luôn chú trọng từng chi tiết nhỏ để mái tóc bạn lên form đẹp nhất.
📍 Đặt lịch ngay hôm nay nhé!",,,/var/www/fb-marketing-app/data/schedule-videos/salon_Xoay_m_t_g_c_nghi_ng_3_cut.mp4
26,2026-08-26,19:24,"🌸 Ghé CK Hair Salons để cảm nhận sự khác biệt trong từng đường kéo, từng lọn tóc.
💌 Inbox CK Hair Salons để được tư vấn miễn phí!",,,/var/www/fb-marketing-app/data/schedule-videos/salon_nh_nh_n_d_u_d_ng_1_cut.mp4
26,2026-08-27,19:24,"💧 Chăm chút từng bước tại CK Hair Salons — từ gội, ủ đến tạo kiểu, không vội vàng.
☎️ Gọi hotline để giữ giờ đẹp!",,,/var/www/fb-marketing-app/data/schedule-videos/final_1786178553099.mp4
26,2026-08-28,19:24,"🎨 Một tông màu mới, một diện mạo mới cùng CK Hair Salons.
💬 Nhắn tin để stylist tư vấn riêng cho bạn!",,,/var/www/fb-marketing-app/data/schedule-videos/final_1786181766533.mp4
26,2026-08-29,19:24,"💁‍♀️ Stylist tại CK Hair Salons luôn lắng nghe trước khi bắt tay vào làm.
📍 Đặt lịch ngay hôm nay nhé!",,,/var/www/fb-marketing-app/data/schedule-videos/final_1786186507562.mp4
26,2026-08-30,19:24,"🌤️ Đổi gió cho mái tóc cùng CK Hair Salons — nhẹ nhàng mà cuốn hút.
💌 Inbox CK Hair Salons để được tư vấn miễn phí!",,,/var/www/fb-marketing-app/data/schedule-videos/final_1786192066925.mp4
26,2026-08-31,19:24,"🧴 CK Hair Salons ưu tiên sản phẩm dưỡng an toàn cho tóc nhuộm/uốn.
☎️ Gọi hotline để giữ giờ đẹp!",,,/var/www/fb-marketing-app/data/schedule-videos/final_1786192503392.mp4
26,2026-09-01,19:24,"✂️ Từng đường cắt tại CK Hair Salons đều có lý do — không làm qua loa.
💬 Nhắn tin để stylist tư vấn riêng cho bạn!",,,/var/www/fb-marketing-app/data/schedule-videos/final_1786192874824.mp4
26,2026-09-02,19:24,"💆‍♀️ Thư giãn trọn vẹn trong lúc làm tóc tại CK Hair Salons.
📍 Đặt lịch ngay hôm nay nhé!",,,/var/www/fb-marketing-app/data/schedule-videos/final_1786193562054.mp4
26,2026-09-03,19:24,"🌟 Một buổi làm tóc, một lần tự tin hơn — cùng CK Hair Salons.
💌 Inbox CK Hair Salons để được tư vấn miễn phí!",,,/var/www/fb-marketing-app/data/schedule-videos/final_1786194978037.mp4
26,2026-09-04,19:24,"📸 Khoảnh khắc thật tại CK Hair Salons, không dàn dựng.
☎️ Gọi hotline để giữ giờ đẹp!",,,/var/www/fb-marketing-app/data/schedule-videos/final_1786195873283.mp4
26,2026-09-05,19:24,"🩷 CK Hair Salons — nơi mỗi mái tóc đều được chăm như lần đầu.
💬 Nhắn tin để stylist tư vấn riêng cho bạn!",,,/var/www/fb-marketing-app/data/schedule-videos/final_1786202807893.mp4
26,2026-09-06,19:24,"🍃 Nhẹ nhàng, tự nhiên, đúng chất CK Hair Salons.
📍 Đặt lịch ngay hôm nay nhé!",,,/var/www/fb-marketing-app/data/schedule-videos/final_1786204378507.mp4
26,2026-09-07,19:24,"💇‍♀️ Một khoảnh khắc làm tóc tại CK Hair Salons — nhẹ nhàng, tự nhiên, đúng phong cách bạn thích.
💌 Inbox CK Hair Salons để được tư vấn miễn phí!",,,/var/www/fb-marketing-app/data/schedule-videos/final_1786204993148.mp4
26,2026-09-08,19:24,"✨ CK Hair Salons luôn chú trọng từng chi tiết nhỏ để mái tóc bạn lên form đẹp nhất.
☎️ Gọi hotline để giữ giờ đẹp!",,,/var/www/fb-marketing-app/data/schedule-videos/fullhd_1786185645789.mp4
25,2026-08-10,19:47,"💇‍♀️ Một khoảnh khắc làm tóc tại Hala Nguyen hair salon toà s106 — nhẹ nhàng, tự nhiên, đúng phong cách bạn thích.
☎️ Gọi hotline để giữ giờ đẹp!",,,/var/www/fb-marketing-app/data/schedule-videos/fullhd_1786203117230.mp4
25,2026-08-11,19:47,"✨ Hala Nguyen hair salon toà s106 luôn chú trọng từng chi tiết nhỏ để mái tóc bạn lên form đẹp nhất.
💬 Nhắn tin để stylist tư vấn riêng cho bạn!",,,/var/www/fb-marketing-app/data/schedule-videos/fullhd_1786204515702.mp4
25,2026-08-12,19:47,"🌸 Ghé Hala Nguyen hair salon toà s106 để cảm nhận sự khác biệt trong từng đường kéo, từng lọn tóc.
📍 Đặt lịch ngay hôm nay nhé!",,,/var/www/fb-marketing-app/data/schedule-videos/master_1786175670454.mp4
25,2026-08-13,19:47,"💧 Chăm chút từng bước tại Hala Nguyen hair salon toà s106 — từ gội, ủ đến tạo kiểu, không vội vàng.
💌 Inbox Hala Nguyen hair salon toà s106 để được tư vấn miễn phí!",,,/var/www/fb-marketing-app/data/schedule-videos/salon_Chuy_n_ng_t_c_m_t_6_cut.mp4
25,2026-08-14,19:47,"🎨 Một tông màu mới, một diện mạo mới cùng Hala Nguyen hair salon toà s106.
☎️ Gọi hotline để giữ giờ đẹp!",,,/var/www/fb-marketing-app/data/schedule-videos/salon_Chuy_n_ng_t_c_m_t_7_cut.mp4
25,2026-08-15,19:47,"💁‍♀️ Stylist tại Hala Nguyen hair salon toà s106 luôn lắng nghe trước khi bắt tay vào làm.
💬 Nhắn tin để stylist tư vấn riêng cho bạn!",,,/var/www/fb-marketing-app/data/schedule-videos/salon_N_c_i_th_n_th_ng_5_cut.mp4
25,2026-08-16,19:47,"🌤️ Đổi gió cho mái tóc cùng Hala Nguyen hair salon toà s106 — nhẹ nhàng mà cuốn hút.
📍 Đặt lịch ngay hôm nay nhé!",,,/var/www/fb-marketing-app/data/schedule-videos/salon_Ng_c_nh_n_t_nhi_n_2_cut.mp4
25,2026-08-17,19:47,"🧴 Hala Nguyen hair salon toà s106 ưu tiên sản phẩm dưỡng an toàn cho tóc nhuộm/uốn.
💌 Inbox Hala Nguyen hair salon toà s106 để được tư vấn miễn phí!",,,/var/www/fb-marketing-app/data/schedule-videos/salon_Nh_n_qua_vai_6_cut.mp4
25,2026-08-18,19:47,"✂️ Từng đường cắt tại Hala Nguyen hair salon toà s106 đều có lý do — không làm qua loa.
☎️ Gọi hotline để giữ giờ đẹp!",,,/var/www/fb-marketing-app/data/schedule-videos/salon_Salon_-_Ch_nh_t_c_1_7_cut.mp4
25,2026-08-19,19:47,"💆‍♀️ Thư giãn trọn vẹn trong lúc làm tóc tại Hala Nguyen hair salon toà s106.
💬 Nhắn tin để stylist tư vấn riêng cho bạn!",,,/var/www/fb-marketing-app/data/schedule-videos/salon_Salon_-_Ch_nh_t_c_1_8_cut.mp4
25,2026-08-20,19:47,"🌟 Một buổi làm tóc, một lần tự tin hơn — cùng Hala Nguyen hair salon toà s106.
📍 Đặt lịch ngay hôm nay nhé!",,,/var/www/fb-marketing-app/data/schedule-videos/salon_Salon_-_Ch_nh_t_c_2_8_cut.mp4
25,2026-08-21,19:47,"📸 Khoảnh khắc thật tại Hala Nguyen hair salon toà s106, không dàn dựng.
💌 Inbox Hala Nguyen hair salon toà s106 để được tư vấn miễn phí!",,,/var/www/fb-marketing-app/data/schedule-videos/salon_Salon_-_Ch_nh_t_c_2_9_cut.mp4
25,2026-08-22,19:47,"🩷 Hala Nguyen hair salon toà s106 — nơi mỗi mái tóc đều được chăm như lần đầu.
☎️ Gọi hotline để giữ giờ đẹp!",,,/var/www/fb-marketing-app/data/schedule-videos/salon_Th_n_th_i_sang_tr_ng_9_cut.mp4
25,2026-08-23,19:47,"🍃 Nhẹ nhàng, tự nhiên, đúng chất Hala Nguyen hair salon toà s106.
💬 Nhắn tin để stylist tư vấn riêng cho bạn!",,,/var/www/fb-marketing-app/data/schedule-videos/salon_Vu_t_t_c_duy_n_d_ng_4_cut.mp4
25,2026-08-24,19:47,"💇‍♀️ Một khoảnh khắc làm tóc tại Hala Nguyen hair salon toà s106 — nhẹ nhàng, tự nhiên, đúng phong cách bạn thích.
📍 Đặt lịch ngay hôm nay nhé!",,,/var/www/fb-marketing-app/data/schedule-videos/salon_Xoay_m_t_g_c_nghi_ng_3_cut.mp4
25,2026-08-25,19:47,"✨ Hala Nguyen hair salon toà s106 luôn chú trọng từng chi tiết nhỏ để mái tóc bạn lên form đẹp nhất.
💌 Inbox Hala Nguyen hair salon toà s106 để được tư vấn miễn phí!",,,/var/www/fb-marketing-app/data/schedule-videos/salon_nh_nh_n_d_u_d_ng_1_cut.mp4
25,2026-08-26,19:47,"🌸 Ghé Hala Nguyen hair salon toà s106 để cảm nhận sự khác biệt trong từng đường kéo, từng lọn tóc.
☎️ Gọi hotline để giữ giờ đẹp!",,,/var/www/fb-marketing-app/data/schedule-videos/final_1786178553099.mp4
25,2026-08-27,19:47,"💧 Chăm chút từng bước tại Hala Nguyen hair salon toà s106 — từ gội, ủ đến tạo kiểu, không vội vàng.
💬 Nhắn tin để stylist tư vấn riêng cho bạn!",,,/var/www/fb-marketing-app/data/schedule-videos/final_1786181766533.mp4
25,2026-08-28,19:47,"🎨 Một tông màu mới, một diện mạo mới cùng Hala Nguyen hair salon toà s106.
📍 Đặt lịch ngay hôm nay nhé!",,,/var/www/fb-marketing-app/data/schedule-videos/final_1786186507562.mp4
25,2026-08-29,19:47,"💁‍♀️ Stylist tại Hala Nguyen hair salon toà s106 luôn lắng nghe trước khi bắt tay vào làm.
💌 Inbox Hala Nguyen hair salon toà s106 để được tư vấn miễn phí!",,,/var/www/fb-marketing-app/data/schedule-videos/final_1786192066925.mp4
25,2026-08-30,19:47,"🌤️ Đổi gió cho mái tóc cùng Hala Nguyen hair salon toà s106 — nhẹ nhàng mà cuốn hút.
☎️ Gọi hotline để giữ giờ đẹp!",,,/var/www/fb-marketing-app/data/schedule-videos/final_1786192503392.mp4
25,2026-08-31,19:47,"🧴 Hala Nguyen hair salon toà s106 ưu tiên sản phẩm dưỡng an toàn cho tóc nhuộm/uốn.
💬 Nhắn tin để stylist tư vấn riêng cho bạn!",,,/var/www/fb-marketing-app/data/schedule-videos/final_1786192874824.mp4
25,2026-09-01,19:47,"✂️ Từng đường cắt tại Hala Nguyen hair salon toà s106 đều có lý do — không làm qua loa.
📍 Đặt lịch ngay hôm nay nhé!",,,/var/www/fb-marketing-app/data/schedule-videos/final_1786193562054.mp4
25,2026-09-02,19:47,"💆‍♀️ Thư giãn trọn vẹn trong lúc làm tóc tại Hala Nguyen hair salon toà s106.
💌 Inbox Hala Nguyen hair salon toà s106 để được tư vấn miễn phí!",,,/var/www/fb-marketing-app/data/schedule-videos/final_1786194978037.mp4
25,2026-09-03,19:47,"🌟 Một buổi làm tóc, một lần tự tin hơn — cùng Hala Nguyen hair salon toà s106.
☎️ Gọi hotline để giữ giờ đẹp!",,,/var/www/fb-marketing-app/data/schedule-videos/final_1786195873283.mp4
25,2026-09-04,19:47,"📸 Khoảnh khắc thật tại Hala Nguyen hair salon toà s106, không dàn dựng.
💬 Nhắn tin để stylist tư vấn riêng cho bạn!",,,/var/www/fb-marketing-app/data/schedule-videos/final_1786202807893.mp4
25,2026-09-05,19:47,"🩷 Hala Nguyen hair salon toà s106 — nơi mỗi mái tóc đều được chăm như lần đầu.
📍 Đặt lịch ngay hôm nay nhé!",,,/var/www/fb-marketing-app/data/schedule-videos/final_1786204378507.mp4
25,2026-09-06,19:47,"🍃 Nhẹ nhàng, tự nhiên, đúng chất Hala Nguyen hair salon toà s106.
💌 Inbox Hala Nguyen hair salon toà s106 để được tư vấn miễn phí!",,,/var/www/fb-marketing-app/data/schedule-videos/final_1786204993148.mp4
25,2026-09-07,19:47,"💇‍♀️ Một khoảnh khắc làm tóc tại Hala Nguyen hair salon toà s106 — nhẹ nhàng, tự nhiên, đúng phong cách bạn thích.
☎️ Gọi hotline để giữ giờ đẹp!",,,/var/www/fb-marketing-app/data/schedule-videos/fullhd_1786185645789.mp4
25,2026-09-08,19:47,"✨ Hala Nguyen hair salon toà s106 luôn chú trọng từng chi tiết nhỏ để mái tóc bạn lên form đẹp nhất.
💬 Nhắn tin để stylist tư vấn riêng cho bạn!",,,/var/www/fb-marketing-app/data/schedule-videos/fullhd_1786186635195.mp4
24,2026-08-10,20:10,"💈 Một buổi cắt tóc gọn gàng, chỉn chu tại Nam Hair Cầu Giấy.
💬 Nhắn tin để được tư vấn kiểu phù hợp!",,,/var/www/fb-marketing-app/data/schedule-videos/fullhd_1786204515702.mp4
24,2026-08-11,20:10,"✂️ Đường kéo dứt khoát, tay nghề vững tại Nam Hair Cầu Giấy.
📍 Đặt lịch ngay hôm nay nhé anh em!",,,/var/www/fb-marketing-app/data/schedule-videos/master_1786175670454.mp4
24,2026-08-12,20:10,"🔥 Đổi kiểu đầu mới cùng Nam Hair Cầu Giấy — gọn mà vẫn có nét riêng.
💌 Inbox Nam Hair Cầu Giấy để được tư vấn nhanh!",,,/var/www/fb-marketing-app/data/schedule-videos/salon_Chuy_n_ng_t_c_m_t_6_cut.mp4
24,2026-08-13,20:10,"💪 Nam Hair Cầu Giấy — nhanh, gọn, đúng ý anh em.
☎️ Gọi hotline đặt lịch trong hôm nay!",,,/var/www/fb-marketing-app/data/schedule-videos/salon_Chuy_n_ng_t_c_m_t_7_cut.mp4
24,2026-08-14,20:10,"🪒 Từ cắt đến tạo kiểu, Nam Hair Cầu Giấy lo trọn gói.
💬 Nhắn tin để được tư vấn kiểu phù hợp!",,,/var/www/fb-marketing-app/data/schedule-videos/salon_N_c_i_th_n_th_ng_5_cut.mp4
24,2026-08-15,20:10,"😎 Diện mạo mới, tự tin hơn cùng Nam Hair Cầu Giấy.
📍 Đặt lịch ngay hôm nay nhé anh em!",,,/var/www/fb-marketing-app/data/schedule-videos/salon_Ng_c_nh_n_t_nhi_n_2_cut.mp4
24,2026-08-16,20:10,"💇‍♂️ Barber tại Nam Hair Cầu Giấy luôn hỏi kỹ trước khi cắt.
💌 Inbox Nam Hair Cầu Giấy để được tư vấn nhanh!",,,/var/www/fb-marketing-app/data/schedule-videos/salon_Nh_n_qua_vai_6_cut.mp4
24,2026-08-17,20:10,"⚡ Ghé Nam Hair Cầu Giấy tranh thủ giờ rảnh, không phải chờ lâu.
☎️ Gọi hotline đặt lịch trong hôm nay!",,,/var/www/fb-marketing-app/data/schedule-videos/salon_Salon_-_Ch_nh_t_c_1_7_cut.mp4
24,2026-08-18,20:10,"🧴 Nam Hair Cầu Giấy dùng sản phẩm chăm sóc tóc/da đầu chuyên cho nam.
💬 Nhắn tin để được tư vấn kiểu phù hợp!",,,/var/www/fb-marketing-app/data/schedule-videos/salon_Salon_-_Ch_nh_t_c_1_8_cut.mp4
24,2026-08-19,20:10,"🎬 Khoảnh khắc thật tại Nam Hair Cầu Giấy, không dàn dựng.
📍 Đặt lịch ngay hôm nay nhé anh em!",,,/var/www/fb-marketing-app/data/schedule-videos/salon_Salon_-_Ch_nh_t_c_2_8_cut.mp4
24,2026-08-20,20:10,"👊 Gọn gàng, chuyên nghiệp — đúng chất Nam Hair Cầu Giấy.
💌 Inbox Nam Hair Cầu Giấy để được tư vấn nhanh!",,,/var/www/fb-marketing-app/data/schedule-videos/salon_Salon_-_Ch_nh_t_c_2_9_cut.mp4
24,2026-08-21,20:10,"🌆 Một buổi chiều làm mới đầu tóc tại Nam Hair Cầu Giấy.
☎️ Gọi hotline đặt lịch trong hôm nay!",,,/var/www/fb-marketing-app/data/schedule-videos/salon_Th_n_th_i_sang_tr_ng_9_cut.mp4
24,2026-08-22,20:10,"💈 Một buổi cắt tóc gọn gàng, chỉn chu tại Nam Hair Cầu Giấy.
💬 Nhắn tin để được tư vấn kiểu phù hợp!",,,/var/www/fb-marketing-app/data/schedule-videos/salon_Vu_t_t_c_duy_n_d_ng_4_cut.mp4
24,2026-08-23,20:10,"✂️ Đường kéo dứt khoát, tay nghề vững tại Nam Hair Cầu Giấy.
📍 Đặt lịch ngay hôm nay nhé anh em!",,,/var/www/fb-marketing-app/data/schedule-videos/salon_Xoay_m_t_g_c_nghi_ng_3_cut.mp4
24,2026-08-24,20:10,"🔥 Đổi kiểu đầu mới cùng Nam Hair Cầu Giấy — gọn mà vẫn có nét riêng.
💌 Inbox Nam Hair Cầu Giấy để được tư vấn nhanh!",,,/var/www/fb-marketing-app/data/schedule-videos/salon_nh_nh_n_d_u_d_ng_1_cut.mp4
24,2026-08-25,20:10,"💪 Nam Hair Cầu Giấy — nhanh, gọn, đúng ý anh em.
☎️ Gọi hotline đặt lịch trong hôm nay!",,,/var/www/fb-marketing-app/data/schedule-videos/final_1786178553099.mp4
24,2026-08-26,20:10,"🪒 Từ cắt đến tạo kiểu, Nam Hair Cầu Giấy lo trọn gói.
💬 Nhắn tin để được tư vấn kiểu phù hợp!",,,/var/www/fb-marketing-app/data/schedule-videos/final_1786181766533.mp4
24,2026-08-27,20:10,"😎 Diện mạo mới, tự tin hơn cùng Nam Hair Cầu Giấy.
📍 Đặt lịch ngay hôm nay nhé anh em!",,,/var/www/fb-marketing-app/data/schedule-videos/final_1786186507562.mp4
24,2026-08-28,20:10,"💇‍♂️ Barber tại Nam Hair Cầu Giấy luôn hỏi kỹ trước khi cắt.
💌 Inbox Nam Hair Cầu Giấy để được tư vấn nhanh!",,,/var/www/fb-marketing-app/data/schedule-videos/final_1786192066925.mp4
24,2026-08-29,20:10,"⚡ Ghé Nam Hair Cầu Giấy tranh thủ giờ rảnh, không phải chờ lâu.
☎️ Gọi hotline đặt lịch trong hôm nay!",,,/var/www/fb-marketing-app/data/schedule-videos/final_1786192503392.mp4
24,2026-08-30,20:10,"🧴 Nam Hair Cầu Giấy dùng sản phẩm chăm sóc tóc/da đầu chuyên cho nam.
💬 Nhắn tin để được tư vấn kiểu phù hợp!",,,/var/www/fb-marketing-app/data/schedule-videos/final_1786192874824.mp4
24,2026-08-31,20:10,"🎬 Khoảnh khắc thật tại Nam Hair Cầu Giấy, không dàn dựng.
📍 Đặt lịch ngay hôm nay nhé anh em!",,,/var/www/fb-marketing-app/data/schedule-videos/final_1786193562054.mp4
24,2026-09-01,20:10,"👊 Gọn gàng, chuyên nghiệp — đúng chất Nam Hair Cầu Giấy.
💌 Inbox Nam Hair Cầu Giấy để được tư vấn nhanh!",,,/var/www/fb-marketing-app/data/schedule-videos/final_1786194978037.mp4
24,2026-09-02,20:10,"🌆 Một buổi chiều làm mới đầu tóc tại Nam Hair Cầu Giấy.
☎️ Gọi hotline đặt lịch trong hôm nay!",,,/var/www/fb-marketing-app/data/schedule-videos/final_1786195873283.mp4
24,2026-09-03,20:10,"💈 Một buổi cắt tóc gọn gàng, chỉn chu tại Nam Hair Cầu Giấy.
💬 Nhắn tin để được tư vấn kiểu phù hợp!",,,/var/www/fb-marketing-app/data/schedule-videos/final_1786202807893.mp4
24,2026-09-04,20:10,"✂️ Đường kéo dứt khoát, tay nghề vững tại Nam Hair Cầu Giấy.
📍 Đặt lịch ngay hôm nay nhé anh em!",,,/var/www/fb-marketing-app/data/schedule-videos/final_1786204378507.mp4
24,2026-09-05,20:10,"🔥 Đổi kiểu đầu mới cùng Nam Hair Cầu Giấy — gọn mà vẫn có nét riêng.
💌 Inbox Nam Hair Cầu Giấy để được tư vấn nhanh!",,,/var/www/fb-marketing-app/data/schedule-videos/final_1786204993148.mp4
24,2026-09-06,20:10,"💪 Nam Hair Cầu Giấy — nhanh, gọn, đúng ý anh em.
☎️ Gọi hotline đặt lịch trong hôm nay!",,,/var/www/fb-marketing-app/data/schedule-videos/fullhd_1786185645789.mp4
24,2026-09-07,20:10,"🪒 Từ cắt đến tạo kiểu, Nam Hair Cầu Giấy lo trọn gói.
💬 Nhắn tin để được tư vấn kiểu phù hợp!",,,/var/www/fb-marketing-app/data/schedule-videos/fullhd_1786186635195.mp4
24,2026-09-08,20:10,"😎 Diện mạo mới, tự tin hơn cùng Nam Hair Cầu Giấy.
📍 Đặt lịch ngay hôm nay nhé anh em!",,,/var/www/fb-marketing-app/data/schedule-videos/fullhd_1786193679247.mp4
23,2026-08-10,19:02,"💈 Một buổi cắt tóc gọn gàng, chỉn chu tại Lê Quang Anh Nam Hair.
📍 Đặt lịch ngay hôm nay nhé anh em!",,,/var/www/fb-marketing-app/data/schedule-videos/master_1786175670454.mp4
23,2026-08-11,19:02,"✂️ Đường kéo dứt khoát, tay nghề vững tại Lê Quang Anh Nam Hair.
💌 Inbox Lê Quang Anh Nam Hair để được tư vấn nhanh!",,,/var/www/fb-marketing-app/data/schedule-videos/salon_Chuy_n_ng_t_c_m_t_6_cut.mp4
23,2026-08-12,19:02,"🔥 Đổi kiểu đầu mới cùng Lê Quang Anh Nam Hair — gọn mà vẫn có nét riêng.
☎️ Gọi hotline đặt lịch trong hôm nay!",,,/var/www/fb-marketing-app/data/schedule-videos/salon_Chuy_n_ng_t_c_m_t_7_cut.mp4
23,2026-08-13,19:02,"💪 Lê Quang Anh Nam Hair — nhanh, gọn, đúng ý anh em.
💬 Nhắn tin để được tư vấn kiểu phù hợp!",,,/var/www/fb-marketing-app/data/schedule-videos/salon_N_c_i_th_n_th_ng_5_cut.mp4
23,2026-08-14,19:02,"🪒 Từ cắt đến tạo kiểu, Lê Quang Anh Nam Hair lo trọn gói.
📍 Đặt lịch ngay hôm nay nhé anh em!",,,/var/www/fb-marketing-app/data/schedule-videos/salon_Ng_c_nh_n_t_nhi_n_2_cut.mp4
23,2026-08-15,19:02,"😎 Diện mạo mới, tự tin hơn cùng Lê Quang Anh Nam Hair.
💌 Inbox Lê Quang Anh Nam Hair để được tư vấn nhanh!",,,/var/www/fb-marketing-app/data/schedule-videos/salon_Nh_n_qua_vai_6_cut.mp4
23,2026-08-16,19:02,"💇‍♂️ Barber tại Lê Quang Anh Nam Hair luôn hỏi kỹ trước khi cắt.
☎️ Gọi hotline đặt lịch trong hôm nay!",,,/var/www/fb-marketing-app/data/schedule-videos/salon_Salon_-_Ch_nh_t_c_1_7_cut.mp4
23,2026-08-17,19:02,"⚡ Ghé Lê Quang Anh Nam Hair tranh thủ giờ rảnh, không phải chờ lâu.
💬 Nhắn tin để được tư vấn kiểu phù hợp!",,,/var/www/fb-marketing-app/data/schedule-videos/salon_Salon_-_Ch_nh_t_c_1_8_cut.mp4
23,2026-08-18,19:02,"🧴 Lê Quang Anh Nam Hair dùng sản phẩm chăm sóc tóc/da đầu chuyên cho nam.
📍 Đặt lịch ngay hôm nay nhé anh em!",,,/var/www/fb-marketing-app/data/schedule-videos/salon_Salon_-_Ch_nh_t_c_2_8_cut.mp4
23,2026-08-19,19:02,"🎬 Khoảnh khắc thật tại Lê Quang Anh Nam Hair, không dàn dựng.
💌 Inbox Lê Quang Anh Nam Hair để được tư vấn nhanh!",,,/var/www/fb-marketing-app/data/schedule-videos/salon_Salon_-_Ch_nh_t_c_2_9_cut.mp4
23,2026-08-20,19:02,"👊 Gọn gàng, chuyên nghiệp — đúng chất Lê Quang Anh Nam Hair.
☎️ Gọi hotline đặt lịch trong hôm nay!",,,/var/www/fb-marketing-app/data/schedule-videos/salon_Th_n_th_i_sang_tr_ng_9_cut.mp4
23,2026-08-21,19:02,"🌆 Một buổi chiều làm mới đầu tóc tại Lê Quang Anh Nam Hair.
💬 Nhắn tin để được tư vấn kiểu phù hợp!",,,/var/www/fb-marketing-app/data/schedule-videos/salon_Vu_t_t_c_duy_n_d_ng_4_cut.mp4
23,2026-08-22,19:02,"💈 Một buổi cắt tóc gọn gàng, chỉn chu tại Lê Quang Anh Nam Hair.
📍 Đặt lịch ngay hôm nay nhé anh em!",,,/var/www/fb-marketing-app/data/schedule-videos/salon_Xoay_m_t_g_c_nghi_ng_3_cut.mp4
23,2026-08-23,19:02,"✂️ Đường kéo dứt khoát, tay nghề vững tại Lê Quang Anh Nam Hair.
💌 Inbox Lê Quang Anh Nam Hair để được tư vấn nhanh!",,,/var/www/fb-marketing-app/data/schedule-videos/salon_nh_nh_n_d_u_d_ng_1_cut.mp4
23,2026-08-24,19:02,"🔥 Đổi kiểu đầu mới cùng Lê Quang Anh Nam Hair — gọn mà vẫn có nét riêng.
☎️ Gọi hotline đặt lịch trong hôm nay!",,,/var/www/fb-marketing-app/data/schedule-videos/final_1786178553099.mp4
23,2026-08-25,19:02,"💪 Lê Quang Anh Nam Hair — nhanh, gọn, đúng ý anh em.
💬 Nhắn tin để được tư vấn kiểu phù hợp!",,,/var/www/fb-marketing-app/data/schedule-videos/final_1786181766533.mp4
23,2026-08-26,19:02,"🪒 Từ cắt đến tạo kiểu, Lê Quang Anh Nam Hair lo trọn gói.
📍 Đặt lịch ngay hôm nay nhé anh em!",,,/var/www/fb-marketing-app/data/schedule-videos/final_1786186507562.mp4
23,2026-08-27,19:02,"😎 Diện mạo mới, tự tin hơn cùng Lê Quang Anh Nam Hair.
💌 Inbox Lê Quang Anh Nam Hair để được tư vấn nhanh!",,,/var/www/fb-marketing-app/data/schedule-videos/final_1786192066925.mp4
23,2026-08-28,19:02,"💇‍♂️ Barber tại Lê Quang Anh Nam Hair luôn hỏi kỹ trước khi cắt.
☎️ Gọi hotline đặt lịch trong hôm nay!",,,/var/www/fb-marketing-app/data/schedule-videos/final_1786192503392.mp4
23,2026-08-29,19:02,"⚡ Ghé Lê Quang Anh Nam Hair tranh thủ giờ rảnh, không phải chờ lâu.
💬 Nhắn tin để được tư vấn kiểu phù hợp!",,,/var/www/fb-marketing-app/data/schedule-videos/final_1786192874824.mp4
23,2026-08-30,19:02,"🧴 Lê Quang Anh Nam Hair dùng sản phẩm chăm sóc tóc/da đầu chuyên cho nam.
📍 Đặt lịch ngay hôm nay nhé anh em!",,,/var/www/fb-marketing-app/data/schedule-videos/final_1786193562054.mp4
23,2026-08-31,19:02,"🎬 Khoảnh khắc thật tại Lê Quang Anh Nam Hair, không dàn dựng.
💌 Inbox Lê Quang Anh Nam Hair để được tư vấn nhanh!",,,/var/www/fb-marketing-app/data/schedule-videos/final_1786194978037.mp4
23,2026-09-01,19:02,"👊 Gọn gàng, chuyên nghiệp — đúng chất Lê Quang Anh Nam Hair.
☎️ Gọi hotline đặt lịch trong hôm nay!",,,/var/www/fb-marketing-app/data/schedule-videos/final_1786195873283.mp4
23,2026-09-02,19:02,"🌆 Một buổi chiều làm mới đầu tóc tại Lê Quang Anh Nam Hair.
💬 Nhắn tin để được tư vấn kiểu phù hợp!",,,/var/www/fb-marketing-app/data/schedule-videos/final_1786202807893.mp4
23,2026-09-03,19:02,"💈 Một buổi cắt tóc gọn gàng, chỉn chu tại Lê Quang Anh Nam Hair.
📍 Đặt lịch ngay hôm nay nhé anh em!",,,/var/www/fb-marketing-app/data/schedule-videos/final_1786204378507.mp4
23,2026-09-04,19:02,"✂️ Đường kéo dứt khoát, tay nghề vững tại Lê Quang Anh Nam Hair.
💌 Inbox Lê Quang Anh Nam Hair để được tư vấn nhanh!",,,/var/www/fb-marketing-app/data/schedule-videos/final_1786204993148.mp4
23,2026-09-05,19:02,"🔥 Đổi kiểu đầu mới cùng Lê Quang Anh Nam Hair — gọn mà vẫn có nét riêng.
☎️ Gọi hotline đặt lịch trong hôm nay!",,,/var/www/fb-marketing-app/data/schedule-videos/fullhd_1786185645789.mp4
23,2026-09-06,19:02,"💪 Lê Quang Anh Nam Hair — nhanh, gọn, đúng ý anh em.
💬 Nhắn tin để được tư vấn kiểu phù hợp!",,,/var/www/fb-marketing-app/data/schedule-videos/fullhd_1786186635195.mp4
23,2026-09-07,19:02,"🪒 Từ cắt đến tạo kiểu, Lê Quang Anh Nam Hair lo trọn gói.
📍 Đặt lịch ngay hôm nay nhé anh em!",,,/var/www/fb-marketing-app/data/schedule-videos/fullhd_1786193679247.mp4
23,2026-09-08,19:02,"😎 Diện mạo mới, tự tin hơn cùng Lê Quang Anh Nam Hair.
💌 Inbox Lê Quang Anh Nam Hair để được tư vấn nhanh!",,,/var/www/fb-marketing-app/data/schedule-videos/fullhd_1786195070432.mp4
22,2026-08-10,19:25,"💇‍♀️ Một khoảnh khắc làm tóc tại Susi Hair Studio  Chuyên Duỗi Tóc — nhẹ nhàng, tự nhiên, đúng phong cách bạn thích.
💌 Inbox Susi Hair Studio  Chuyên Duỗi Tóc để được tư vấn miễn phí!",,,/var/www/fb-marketing-app/data/schedule-videos/salon_Chuy_n_ng_t_c_m_t_6_cut.mp4
22,2026-08-11,19:25,"✨ Susi Hair Studio  Chuyên Duỗi Tóc luôn chú trọng từng chi tiết nhỏ để mái tóc bạn lên form đẹp nhất.
☎️ Gọi hotline để giữ giờ đẹp!",,,/var/www/fb-marketing-app/data/schedule-videos/salon_Chuy_n_ng_t_c_m_t_7_cut.mp4
22,2026-08-12,19:25,"🌸 Ghé Susi Hair Studio  Chuyên Duỗi Tóc để cảm nhận sự khác biệt trong từng đường kéo, từng lọn tóc.
💬 Nhắn tin để stylist tư vấn riêng cho bạn!",,,/var/www/fb-marketing-app/data/schedule-videos/salon_N_c_i_th_n_th_ng_5_cut.mp4
22,2026-08-13,19:25,"💧 Chăm chút từng bước tại Susi Hair Studio  Chuyên Duỗi Tóc — từ gội, ủ đến tạo kiểu, không vội vàng.
📍 Đặt lịch ngay hôm nay nhé!",,,/var/www/fb-marketing-app/data/schedule-videos/salon_Ng_c_nh_n_t_nhi_n_2_cut.mp4
22,2026-08-14,19:25,"🎨 Một tông màu mới, một diện mạo mới cùng Susi Hair Studio  Chuyên Duỗi Tóc.
💌 Inbox Susi Hair Studio  Chuyên Duỗi Tóc để được tư vấn miễn phí!",,,/var/www/fb-marketing-app/data/schedule-videos/salon_Nh_n_qua_vai_6_cut.mp4
22,2026-08-15,19:25,"💁‍♀️ Stylist tại Susi Hair Studio  Chuyên Duỗi Tóc luôn lắng nghe trước khi bắt tay vào làm.
☎️ Gọi hotline để giữ giờ đẹp!",,,/var/www/fb-marketing-app/data/schedule-videos/salon_Salon_-_Ch_nh_t_c_1_7_cut.mp4
22,2026-08-16,19:25,"🌤️ Đổi gió cho mái tóc cùng Susi Hair Studio  Chuyên Duỗi Tóc — nhẹ nhàng mà cuốn hút.
💬 Nhắn tin để stylist tư vấn riêng cho bạn!",,,/var/www/fb-marketing-app/data/schedule-videos/salon_Salon_-_Ch_nh_t_c_1_8_cut.mp4
22,2026-08-17,19:25,"🧴 Susi Hair Studio  Chuyên Duỗi Tóc ưu tiên sản phẩm dưỡng an toàn cho tóc nhuộm/uốn.
📍 Đặt lịch ngay hôm nay nhé!",,,/var/www/fb-marketing-app/data/schedule-videos/salon_Salon_-_Ch_nh_t_c_2_8_cut.mp4
22,2026-08-18,19:25,"✂️ Từng đường cắt tại Susi Hair Studio  Chuyên Duỗi Tóc đều có lý do — không làm qua loa.
💌 Inbox Susi Hair Studio  Chuyên Duỗi Tóc để được tư vấn miễn phí!",,,/var/www/fb-marketing-app/data/schedule-videos/salon_Salon_-_Ch_nh_t_c_2_9_cut.mp4
22,2026-08-19,19:25,"💆‍♀️ Thư giãn trọn vẹn trong lúc làm tóc tại Susi Hair Studio  Chuyên Duỗi Tóc.
☎️ Gọi hotline để giữ giờ đẹp!",,,/var/www/fb-marketing-app/data/schedule-videos/salon_Th_n_th_i_sang_tr_ng_9_cut.mp4
22,2026-08-20,19:25,"🌟 Một buổi làm tóc, một lần tự tin hơn — cùng Susi Hair Studio  Chuyên Duỗi Tóc.
💬 Nhắn tin để stylist tư vấn riêng cho bạn!",,,/var/www/fb-marketing-app/data/schedule-videos/salon_Vu_t_t_c_duy_n_d_ng_4_cut.mp4
22,2026-08-21,19:25,"📸 Khoảnh khắc thật tại Susi Hair Studio  Chuyên Duỗi Tóc, không dàn dựng.
📍 Đặt lịch ngay hôm nay nhé!",,,/var/www/fb-marketing-app/data/schedule-videos/salon_Xoay_m_t_g_c_nghi_ng_3_cut.mp4
22,2026-08-22,19:25,"🩷 Susi Hair Studio  Chuyên Duỗi Tóc — nơi mỗi mái tóc đều được chăm như lần đầu.
💌 Inbox Susi Hair Studio  Chuyên Duỗi Tóc để được tư vấn miễn phí!",,,/var/www/fb-marketing-app/data/schedule-videos/salon_nh_nh_n_d_u_d_ng_1_cut.mp4
22,2026-08-23,19:25,"🍃 Nhẹ nhàng, tự nhiên, đúng chất Susi Hair Studio  Chuyên Duỗi Tóc.
☎️ Gọi hotline để giữ giờ đẹp!",,,/var/www/fb-marketing-app/data/schedule-videos/final_1786178553099.mp4
22,2026-08-24,19:25,"💇‍♀️ Một khoảnh khắc làm tóc tại Susi Hair Studio  Chuyên Duỗi Tóc — nhẹ nhàng, tự nhiên, đúng phong cách bạn thích.
💬 Nhắn tin để stylist tư vấn riêng cho bạn!",,,/var/www/fb-marketing-app/data/schedule-videos/final_1786181766533.mp4
22,2026-08-25,19:25,"✨ Susi Hair Studio  Chuyên Duỗi Tóc luôn chú trọng từng chi tiết nhỏ để mái tóc bạn lên form đẹp nhất.
📍 Đặt lịch ngay hôm nay nhé!",,,/var/www/fb-marketing-app/data/schedule-videos/final_1786186507562.mp4
22,2026-08-26,19:25,"🌸 Ghé Susi Hair Studio  Chuyên Duỗi Tóc để cảm nhận sự khác biệt trong từng đường kéo, từng lọn tóc.
💌 Inbox Susi Hair Studio  Chuyên Duỗi Tóc để được tư vấn miễn phí!",,,/var/www/fb-marketing-app/data/schedule-videos/final_1786192066925.mp4
22,2026-08-27,19:25,"💧 Chăm chút từng bước tại Susi Hair Studio  Chuyên Duỗi Tóc — từ gội, ủ đến tạo kiểu, không vội vàng.
☎️ Gọi hotline để giữ giờ đẹp!",,,/var/www/fb-marketing-app/data/schedule-videos/final_1786192503392.mp4
22,2026-08-28,19:25,"🎨 Một tông màu mới, một diện mạo mới cùng Susi Hair Studio  Chuyên Duỗi Tóc.
💬 Nhắn tin để stylist tư vấn riêng cho bạn!",,,/var/www/fb-marketing-app/data/schedule-videos/final_1786192874824.mp4
22,2026-08-29,19:25,"💁‍♀️ Stylist tại Susi Hair Studio  Chuyên Duỗi Tóc luôn lắng nghe trước khi bắt tay vào làm.
📍 Đặt lịch ngay hôm nay nhé!",,,/var/www/fb-marketing-app/data/schedule-videos/final_1786193562054.mp4
22,2026-08-30,19:25,"🌤️ Đổi gió cho mái tóc cùng Susi Hair Studio  Chuyên Duỗi Tóc — nhẹ nhàng mà cuốn hút.
💌 Inbox Susi Hair Studio  Chuyên Duỗi Tóc để được tư vấn miễn phí!",,,/var/www/fb-marketing-app/data/schedule-videos/final_1786194978037.mp4
22,2026-08-31,19:25,"🧴 Susi Hair Studio  Chuyên Duỗi Tóc ưu tiên sản phẩm dưỡng an toàn cho tóc nhuộm/uốn.
☎️ Gọi hotline để giữ giờ đẹp!",,,/var/www/fb-marketing-app/data/schedule-videos/final_1786195873283.mp4
22,2026-09-01,19:25,"✂️ Từng đường cắt tại Susi Hair Studio  Chuyên Duỗi Tóc đều có lý do — không làm qua loa.
💬 Nhắn tin để stylist tư vấn riêng cho bạn!",,,/var/www/fb-marketing-app/data/schedule-videos/final_1786202807893.mp4
22,2026-09-02,19:25,"💆‍♀️ Thư giãn trọn vẹn trong lúc làm tóc tại Susi Hair Studio  Chuyên Duỗi Tóc.
📍 Đặt lịch ngay hôm nay nhé!",,,/var/www/fb-marketing-app/data/schedule-videos/final_1786204378507.mp4
22,2026-09-03,19:25,"🌟 Một buổi làm tóc, một lần tự tin hơn — cùng Susi Hair Studio  Chuyên Duỗi Tóc.
💌 Inbox Susi Hair Studio  Chuyên Duỗi Tóc để được tư vấn miễn phí!",,,/var/www/fb-marketing-app/data/schedule-videos/final_1786204993148.mp4
22,2026-09-04,19:25,"📸 Khoảnh khắc thật tại Susi Hair Studio  Chuyên Duỗi Tóc, không dàn dựng.
☎️ Gọi hotline để giữ giờ đẹp!",,,/var/www/fb-marketing-app/data/schedule-videos/fullhd_1786185645789.mp4
22,2026-09-05,19:25,"🩷 Susi Hair Studio  Chuyên Duỗi Tóc — nơi mỗi mái tóc đều được chăm như lần đầu.
💬 Nhắn tin để stylist tư vấn riêng cho bạn!",,,/var/www/fb-marketing-app/data/schedule-videos/fullhd_1786186635195.mp4
22,2026-09-06,19:25,"🍃 Nhẹ nhàng, tự nhiên, đúng chất Susi Hair Studio  Chuyên Duỗi Tóc.
📍 Đặt lịch ngay hôm nay nhé!",,,/var/www/fb-marketing-app/data/schedule-videos/fullhd_1786193679247.mp4
22,2026-09-07,19:25,"💇‍♀️ Một khoảnh khắc làm tóc tại Susi Hair Studio  Chuyên Duỗi Tóc — nhẹ nhàng, tự nhiên, đúng phong cách bạn thích.
💌 Inbox Susi Hair Studio  Chuyên Duỗi Tóc để được tư vấn miễn phí!",,,/var/www/fb-marketing-app/data/schedule-videos/fullhd_1786195070432.mp4
22,2026-09-08,19:25,"✨ Susi Hair Studio  Chuyên Duỗi Tóc luôn chú trọng từng chi tiết nhỏ để mái tóc bạn lên form đẹp nhất.
☎️ Gọi hotline để giữ giờ đẹp!",,,/var/www/fb-marketing-app/data/schedule-videos/fullhd_1786195795072.mp4
21,2026-08-10,19:48,"💇‍♀️ Một khoảnh khắc làm tóc tại Susi Hair Studio 32 Hoàng Ngọc Phách Đống Đa chuyên duỗi layer — nhẹ nhàng, tự nhiên, đúng phong cách bạn thích.
☎️ Gọi hotline để giữ giờ đẹp!",,,/var/www/fb-marketing-app/data/schedule-videos/salon_Chuy_n_ng_t_c_m_t_7_cut.mp4
21,2026-08-11,19:48,"✨ Susi Hair Studio 32 Hoàng Ngọc Phách Đống Đa chuyên duỗi layer luôn chú trọng từng chi tiết nhỏ để mái tóc bạn lên form đẹp nhất.
💬 Nhắn tin để stylist tư vấn riêng cho bạn!",,,/var/www/fb-marketing-app/data/schedule-videos/salon_N_c_i_th_n_th_ng_5_cut.mp4
21,2026-08-12,19:48,"🌸 Ghé Susi Hair Studio 32 Hoàng Ngọc Phách Đống Đa chuyên duỗi layer để cảm nhận sự khác biệt trong từng đường kéo, từng lọn tóc.
📍 Đặt lịch ngay hôm nay nhé!",,,/var/www/fb-marketing-app/data/schedule-videos/salon_Ng_c_nh_n_t_nhi_n_2_cut.mp4
21,2026-08-13,19:48,"💧 Chăm chút từng bước tại Susi Hair Studio 32 Hoàng Ngọc Phách Đống Đa chuyên duỗi layer — từ gội, ủ đến tạo kiểu, không vội vàng.
💌 Inbox Susi Hair Studio 32 Hoàng Ngọc Phách Đống Đa chuyên duỗi layer để được tư vấn miễn phí!",,,/var/www/fb-marketing-app/data/schedule-videos/salon_Nh_n_qua_vai_6_cut.mp4
21,2026-08-14,19:48,"🎨 Một tông màu mới, một diện mạo mới cùng Susi Hair Studio 32 Hoàng Ngọc Phách Đống Đa chuyên duỗi layer.
☎️ Gọi hotline để giữ giờ đẹp!",,,/var/www/fb-marketing-app/data/schedule-videos/salon_Salon_-_Ch_nh_t_c_1_7_cut.mp4
21,2026-08-15,19:48,"💁‍♀️ Stylist tại Susi Hair Studio 32 Hoàng Ngọc Phách Đống Đa chuyên duỗi layer luôn lắng nghe trước khi bắt tay vào làm.
💬 Nhắn tin để stylist tư vấn riêng cho bạn!",,,/var/www/fb-marketing-app/data/schedule-videos/salon_Salon_-_Ch_nh_t_c_1_8_cut.mp4
21,2026-08-16,19:48,"🌤️ Đổi gió cho mái tóc cùng Susi Hair Studio 32 Hoàng Ngọc Phách Đống Đa chuyên duỗi layer — nhẹ nhàng mà cuốn hút.
📍 Đặt lịch ngay hôm nay nhé!",,,/var/www/fb-marketing-app/data/schedule-videos/salon_Salon_-_Ch_nh_t_c_2_8_cut.mp4
21,2026-08-17,19:48,"🧴 Susi Hair Studio 32 Hoàng Ngọc Phách Đống Đa chuyên duỗi layer ưu tiên sản phẩm dưỡng an toàn cho tóc nhuộm/uốn.
💌 Inbox Susi Hair Studio 32 Hoàng Ngọc Phách Đống Đa chuyên duỗi layer để được tư vấn miễn phí!",,,/var/www/fb-marketing-app/data/schedule-videos/salon_Salon_-_Ch_nh_t_c_2_9_cut.mp4
21,2026-08-18,19:48,"✂️ Từng đường cắt tại Susi Hair Studio 32 Hoàng Ngọc Phách Đống Đa chuyên duỗi layer đều có lý do — không làm qua loa.
☎️ Gọi hotline để giữ giờ đẹp!",,,/var/www/fb-marketing-app/data/schedule-videos/salon_Th_n_th_i_sang_tr_ng_9_cut.mp4
21,2026-08-19,19:48,"💆‍♀️ Thư giãn trọn vẹn trong lúc làm tóc tại Susi Hair Studio 32 Hoàng Ngọc Phách Đống Đa chuyên duỗi layer.
💬 Nhắn tin để stylist tư vấn riêng cho bạn!",,,/var/www/fb-marketing-app/data/schedule-videos/salon_Vu_t_t_c_duy_n_d_ng_4_cut.mp4
21,2026-08-20,19:48,"🌟 Một buổi làm tóc, một lần tự tin hơn — cùng Susi Hair Studio 32 Hoàng Ngọc Phách Đống Đa chuyên duỗi layer.
📍 Đặt lịch ngay hôm nay nhé!",,,/var/www/fb-marketing-app/data/schedule-videos/salon_Xoay_m_t_g_c_nghi_ng_3_cut.mp4
21,2026-08-21,19:48,"📸 Khoảnh khắc thật tại Susi Hair Studio 32 Hoàng Ngọc Phách Đống Đa chuyên duỗi layer, không dàn dựng.
💌 Inbox Susi Hair Studio 32 Hoàng Ngọc Phách Đống Đa chuyên duỗi layer để được tư vấn miễn phí!",,,/var/www/fb-marketing-app/data/schedule-videos/salon_nh_nh_n_d_u_d_ng_1_cut.mp4
21,2026-08-22,19:48,"🩷 Susi Hair Studio 32 Hoàng Ngọc Phách Đống Đa chuyên duỗi layer — nơi mỗi mái tóc đều được chăm như lần đầu.
☎️ Gọi hotline để giữ giờ đẹp!",,,/var/www/fb-marketing-app/data/schedule-videos/final_1786178553099.mp4
21,2026-08-23,19:48,"🍃 Nhẹ nhàng, tự nhiên, đúng chất Susi Hair Studio 32 Hoàng Ngọc Phách Đống Đa chuyên duỗi layer.
💬 Nhắn tin để stylist tư vấn riêng cho bạn!",,,/var/www/fb-marketing-app/data/schedule-videos/final_1786181766533.mp4
21,2026-08-24,19:48,"💇‍♀️ Một khoảnh khắc làm tóc tại Susi Hair Studio 32 Hoàng Ngọc Phách Đống Đa chuyên duỗi layer — nhẹ nhàng, tự nhiên, đúng phong cách bạn thích.
📍 Đặt lịch ngay hôm nay nhé!",,,/var/www/fb-marketing-app/data/schedule-videos/final_1786186507562.mp4
21,2026-08-25,19:48,"✨ Susi Hair Studio 32 Hoàng Ngọc Phách Đống Đa chuyên duỗi layer luôn chú trọng từng chi tiết nhỏ để mái tóc bạn lên form đẹp nhất.
💌 Inbox Susi Hair Studio 32 Hoàng Ngọc Phách Đống Đa chuyên duỗi layer để được tư vấn miễn phí!",,,/var/www/fb-marketing-app/data/schedule-videos/final_1786192066925.mp4
21,2026-08-26,19:48,"🌸 Ghé Susi Hair Studio 32 Hoàng Ngọc Phách Đống Đa chuyên duỗi layer để cảm nhận sự khác biệt trong từng đường kéo, từng lọn tóc.
☎️ Gọi hotline để giữ giờ đẹp!",,,/var/www/fb-marketing-app/data/schedule-videos/final_1786192503392.mp4
21,2026-08-27,19:48,"💧 Chăm chút từng bước tại Susi Hair Studio 32 Hoàng Ngọc Phách Đống Đa chuyên duỗi layer — từ gội, ủ đến tạo kiểu, không vội vàng.
💬 Nhắn tin để stylist tư vấn riêng cho bạn!",,,/var/www/fb-marketing-app/data/schedule-videos/final_1786192874824.mp4
21,2026-08-28,19:48,"🎨 Một tông màu mới, một diện mạo mới cùng Susi Hair Studio 32 Hoàng Ngọc Phách Đống Đa chuyên duỗi layer.
📍 Đặt lịch ngay hôm nay nhé!",,,/var/www/fb-marketing-app/data/schedule-videos/final_1786193562054.mp4
21,2026-08-29,19:48,"💁‍♀️ Stylist tại Susi Hair Studio 32 Hoàng Ngọc Phách Đống Đa chuyên duỗi layer luôn lắng nghe trước khi bắt tay vào làm.
💌 Inbox Susi Hair Studio 32 Hoàng Ngọc Phách Đống Đa chuyên duỗi layer để được tư vấn miễn phí!",,,/var/www/fb-marketing-app/data/schedule-videos/final_1786194978037.mp4
21,2026-08-30,19:48,"🌤️ Đổi gió cho mái tóc cùng Susi Hair Studio 32 Hoàng Ngọc Phách Đống Đa chuyên duỗi layer — nhẹ nhàng mà cuốn hút.
☎️ Gọi hotline để giữ giờ đẹp!",,,/var/www/fb-marketing-app/data/schedule-videos/final_1786195873283.mp4
21,2026-08-31,19:48,"🧴 Susi Hair Studio 32 Hoàng Ngọc Phách Đống Đa chuyên duỗi layer ưu tiên sản phẩm dưỡng an toàn cho tóc nhuộm/uốn.
💬 Nhắn tin để stylist tư vấn riêng cho bạn!",,,/var/www/fb-marketing-app/data/schedule-videos/final_1786202807893.mp4
21,2026-09-01,19:48,"✂️ Từng đường cắt tại Susi Hair Studio 32 Hoàng Ngọc Phách Đống Đa chuyên duỗi layer đều có lý do — không làm qua loa.
📍 Đặt lịch ngay hôm nay nhé!",,,/var/www/fb-marketing-app/data/schedule-videos/final_1786204378507.mp4
21,2026-09-02,19:48,"💆‍♀️ Thư giãn trọn vẹn trong lúc làm tóc tại Susi Hair Studio 32 Hoàng Ngọc Phách Đống Đa chuyên duỗi layer.
💌 Inbox Susi Hair Studio 32 Hoàng Ngọc Phách Đống Đa chuyên duỗi layer để được tư vấn miễn phí!",,,/var/www/fb-marketing-app/data/schedule-videos/final_1786204993148.mp4
21,2026-09-03,19:48,"🌟 Một buổi làm tóc, một lần tự tin hơn — cùng Susi Hair Studio 32 Hoàng Ngọc Phách Đống Đa chuyên duỗi layer.
☎️ Gọi hotline để giữ giờ đẹp!",,,/var/www/fb-marketing-app/data/schedule-videos/fullhd_1786185645789.mp4
21,2026-09-04,19:48,"📸 Khoảnh khắc thật tại Susi Hair Studio 32 Hoàng Ngọc Phách Đống Đa chuyên duỗi layer, không dàn dựng.
💬 Nhắn tin để stylist tư vấn riêng cho bạn!",,,/var/www/fb-marketing-app/data/schedule-videos/fullhd_1786186635195.mp4
21,2026-09-05,19:48,"🩷 Susi Hair Studio 32 Hoàng Ngọc Phách Đống Đa chuyên duỗi layer — nơi mỗi mái tóc đều được chăm như lần đầu.
📍 Đặt lịch ngay hôm nay nhé!",,,/var/www/fb-marketing-app/data/schedule-videos/fullhd_1786193679247.mp4
21,2026-09-06,19:48,"🍃 Nhẹ nhàng, tự nhiên, đúng chất Susi Hair Studio 32 Hoàng Ngọc Phách Đống Đa chuyên duỗi layer.
💌 Inbox Susi Hair Studio 32 Hoàng Ngọc Phách Đống Đa chuyên duỗi layer để được tư vấn miễn phí!",,,/var/www/fb-marketing-app/data/schedule-videos/fullhd_1786195070432.mp4
21,2026-09-07,19:48,"💇‍♀️ Một khoảnh khắc làm tóc tại Susi Hair Studio 32 Hoàng Ngọc Phách Đống Đa chuyên duỗi layer — nhẹ nhàng, tự nhiên, đúng phong cách bạn thích.
☎️ Gọi hotline để giữ giờ đẹp!",,,/var/www/fb-marketing-app/data/schedule-videos/fullhd_1786195795072.mp4
21,2026-09-08,19:48,"✨ Susi Hair Studio 32 Hoàng Ngọc Phách Đống Đa chuyên duỗi layer luôn chú trọng từng chi tiết nhỏ để mái tóc bạn lên form đẹp nhất.
💬 Nhắn tin để stylist tư vấn riêng cho bạn!",,,/var/www/fb-marketing-app/data/schedule-videos/fullhd_1786196047409.mp4
20,2026-08-10,20:11,"💇‍♀️ Một khoảnh khắc làm tóc tại Susi Hair Trung Kính Chuyên uốn layer — nhẹ nhàng, tự nhiên, đúng phong cách bạn thích.
💬 Nhắn tin để stylist tư vấn riêng cho bạn!",,,/var/www/fb-marketing-app/data/schedule-videos/salon_N_c_i_th_n_th_ng_5_cut.mp4
20,2026-08-11,20:11,"✨ Susi Hair Trung Kính Chuyên uốn layer luôn chú trọng từng chi tiết nhỏ để mái tóc bạn lên form đẹp nhất.
📍 Đặt lịch ngay hôm nay nhé!",,,/var/www/fb-marketing-app/data/schedule-videos/salon_Ng_c_nh_n_t_nhi_n_2_cut.mp4
20,2026-08-12,20:11,"🌸 Ghé Susi Hair Trung Kính Chuyên uốn layer để cảm nhận sự khác biệt trong từng đường kéo, từng lọn tóc.
💌 Inbox Susi Hair Trung Kính Chuyên uốn layer để được tư vấn miễn phí!",,,/var/www/fb-marketing-app/data/schedule-videos/salon_Nh_n_qua_vai_6_cut.mp4
20,2026-08-13,20:11,"💧 Chăm chút từng bước tại Susi Hair Trung Kính Chuyên uốn layer — từ gội, ủ đến tạo kiểu, không vội vàng.
☎️ Gọi hotline để giữ giờ đẹp!",,,/var/www/fb-marketing-app/data/schedule-videos/salon_Salon_-_Ch_nh_t_c_1_7_cut.mp4
20,2026-08-14,20:11,"🎨 Một tông màu mới, một diện mạo mới cùng Susi Hair Trung Kính Chuyên uốn layer.
💬 Nhắn tin để stylist tư vấn riêng cho bạn!",,,/var/www/fb-marketing-app/data/schedule-videos/salon_Salon_-_Ch_nh_t_c_1_8_cut.mp4
20,2026-08-15,20:11,"💁‍♀️ Stylist tại Susi Hair Trung Kính Chuyên uốn layer luôn lắng nghe trước khi bắt tay vào làm.
📍 Đặt lịch ngay hôm nay nhé!",,,/var/www/fb-marketing-app/data/schedule-videos/salon_Salon_-_Ch_nh_t_c_2_8_cut.mp4
20,2026-08-16,20:11,"🌤️ Đổi gió cho mái tóc cùng Susi Hair Trung Kính Chuyên uốn layer — nhẹ nhàng mà cuốn hút.
💌 Inbox Susi Hair Trung Kính Chuyên uốn layer để được tư vấn miễn phí!",,,/var/www/fb-marketing-app/data/schedule-videos/salon_Salon_-_Ch_nh_t_c_2_9_cut.mp4
20,2026-08-17,20:11,"🧴 Susi Hair Trung Kính Chuyên uốn layer ưu tiên sản phẩm dưỡng an toàn cho tóc nhuộm/uốn.
☎️ Gọi hotline để giữ giờ đẹp!",,,/var/www/fb-marketing-app/data/schedule-videos/salon_Th_n_th_i_sang_tr_ng_9_cut.mp4
20,2026-08-18,20:11,"✂️ Từng đường cắt tại Susi Hair Trung Kính Chuyên uốn layer đều có lý do — không làm qua loa.
💬 Nhắn tin để stylist tư vấn riêng cho bạn!",,,/var/www/fb-marketing-app/data/schedule-videos/salon_Vu_t_t_c_duy_n_d_ng_4_cut.mp4
20,2026-08-19,20:11,"💆‍♀️ Thư giãn trọn vẹn trong lúc làm tóc tại Susi Hair Trung Kính Chuyên uốn layer.
📍 Đặt lịch ngay hôm nay nhé!",,,/var/www/fb-marketing-app/data/schedule-videos/salon_Xoay_m_t_g_c_nghi_ng_3_cut.mp4
20,2026-08-20,20:11,"🌟 Một buổi làm tóc, một lần tự tin hơn — cùng Susi Hair Trung Kính Chuyên uốn layer.
💌 Inbox Susi Hair Trung Kính Chuyên uốn layer để được tư vấn miễn phí!",,,/var/www/fb-marketing-app/data/schedule-videos/salon_nh_nh_n_d_u_d_ng_1_cut.mp4
20,2026-08-21,20:11,"📸 Khoảnh khắc thật tại Susi Hair Trung Kính Chuyên uốn layer, không dàn dựng.
☎️ Gọi hotline để giữ giờ đẹp!",,,/var/www/fb-marketing-app/data/schedule-videos/final_1786178553099.mp4
20,2026-08-22,20:11,"🩷 Susi Hair Trung Kính Chuyên uốn layer — nơi mỗi mái tóc đều được chăm như lần đầu.
💬 Nhắn tin để stylist tư vấn riêng cho bạn!",,,/var/www/fb-marketing-app/data/schedule-videos/final_1786181766533.mp4
20,2026-08-23,20:11,"🍃 Nhẹ nhàng, tự nhiên, đúng chất Susi Hair Trung Kính Chuyên uốn layer.
📍 Đặt lịch ngay hôm nay nhé!",,,/var/www/fb-marketing-app/data/schedule-videos/final_1786186507562.mp4
20,2026-08-24,20:11,"💇‍♀️ Một khoảnh khắc làm tóc tại Susi Hair Trung Kính Chuyên uốn layer — nhẹ nhàng, tự nhiên, đúng phong cách bạn thích.
💌 Inbox Susi Hair Trung Kính Chuyên uốn layer để được tư vấn miễn phí!",,,/var/www/fb-marketing-app/data/schedule-videos/final_1786192066925.mp4
20,2026-08-25,20:11,"✨ Susi Hair Trung Kính Chuyên uốn layer luôn chú trọng từng chi tiết nhỏ để mái tóc bạn lên form đẹp nhất.
☎️ Gọi hotline để giữ giờ đẹp!",,,/var/www/fb-marketing-app/data/schedule-videos/final_1786192503392.mp4
20,2026-08-26,20:11,"🌸 Ghé Susi Hair Trung Kính Chuyên uốn layer để cảm nhận sự khác biệt trong từng đường kéo, từng lọn tóc.
💬 Nhắn tin để stylist tư vấn riêng cho bạn!",,,/var/www/fb-marketing-app/data/schedule-videos/final_1786192874824.mp4
20,2026-08-27,20:11,"💧 Chăm chút từng bước tại Susi Hair Trung Kính Chuyên uốn layer — từ gội, ủ đến tạo kiểu, không vội vàng.
📍 Đặt lịch ngay hôm nay nhé!",,,/var/www/fb-marketing-app/data/schedule-videos/final_1786193562054.mp4
20,2026-08-28,20:11,"🎨 Một tông màu mới, một diện mạo mới cùng Susi Hair Trung Kính Chuyên uốn layer.
💌 Inbox Susi Hair Trung Kính Chuyên uốn layer để được tư vấn miễn phí!",,,/var/www/fb-marketing-app/data/schedule-videos/final_1786194978037.mp4
20,2026-08-29,20:11,"💁‍♀️ Stylist tại Susi Hair Trung Kính Chuyên uốn layer luôn lắng nghe trước khi bắt tay vào làm.
☎️ Gọi hotline để giữ giờ đẹp!",,,/var/www/fb-marketing-app/data/schedule-videos/final_1786195873283.mp4
20,2026-08-30,20:11,"🌤️ Đổi gió cho mái tóc cùng Susi Hair Trung Kính Chuyên uốn layer — nhẹ nhàng mà cuốn hút.
💬 Nhắn tin để stylist tư vấn riêng cho bạn!",,,/var/www/fb-marketing-app/data/schedule-videos/final_1786202807893.mp4
20,2026-08-31,20:11,"🧴 Susi Hair Trung Kính Chuyên uốn layer ưu tiên sản phẩm dưỡng an toàn cho tóc nhuộm/uốn.
📍 Đặt lịch ngay hôm nay nhé!",,,/var/www/fb-marketing-app/data/schedule-videos/final_1786204378507.mp4
20,2026-09-01,20:11,"✂️ Từng đường cắt tại Susi Hair Trung Kính Chuyên uốn layer đều có lý do — không làm qua loa.
💌 Inbox Susi Hair Trung Kính Chuyên uốn layer để được tư vấn miễn phí!",,,/var/www/fb-marketing-app/data/schedule-videos/final_1786204993148.mp4
20,2026-09-02,20:11,"💆‍♀️ Thư giãn trọn vẹn trong lúc làm tóc tại Susi Hair Trung Kính Chuyên uốn layer.
☎️ Gọi hotline để giữ giờ đẹp!",,,/var/www/fb-marketing-app/data/schedule-videos/fullhd_1786185645789.mp4
20,2026-09-03,20:11,"🌟 Một buổi làm tóc, một lần tự tin hơn — cùng Susi Hair Trung Kính Chuyên uốn layer.
💬 Nhắn tin để stylist tư vấn riêng cho bạn!",,,/var/www/fb-marketing-app/data/schedule-videos/fullhd_1786186635195.mp4
20,2026-09-04,20:11,"📸 Khoảnh khắc thật tại Susi Hair Trung Kính Chuyên uốn layer, không dàn dựng.
📍 Đặt lịch ngay hôm nay nhé!",,,/var/www/fb-marketing-app/data/schedule-videos/fullhd_1786193679247.mp4
20,2026-09-05,20:11,"🩷 Susi Hair Trung Kính Chuyên uốn layer — nơi mỗi mái tóc đều được chăm như lần đầu.
💌 Inbox Susi Hair Trung Kính Chuyên uốn layer để được tư vấn miễn phí!",,,/var/www/fb-marketing-app/data/schedule-videos/fullhd_1786195070432.mp4
20,2026-09-06,20:11,"🍃 Nhẹ nhàng, tự nhiên, đúng chất Susi Hair Trung Kính Chuyên uốn layer.
☎️ Gọi hotline để giữ giờ đẹp!",,,/var/www/fb-marketing-app/data/schedule-videos/fullhd_1786195795072.mp4
20,2026-09-07,20:11,"💇‍♀️ Một khoảnh khắc làm tóc tại Susi Hair Trung Kính Chuyên uốn layer — nhẹ nhàng, tự nhiên, đúng phong cách bạn thích.
💬 Nhắn tin để stylist tư vấn riêng cho bạn!",,,/var/www/fb-marketing-app/data/schedule-videos/fullhd_1786196047409.mp4
20,2026-09-08,20:11,"✨ Susi Hair Trung Kính Chuyên uốn layer luôn chú trọng từng chi tiết nhỏ để mái tóc bạn lên form đẹp nhất.
📍 Đặt lịch ngay hôm nay nhé!",,,/var/www/fb-marketing-app/data/schedule-videos/fullhd_1786203117230.mp4
19,2026-08-10,19:03,"💇‍♀️ Một khoảnh khắc làm tóc tại SuSi Hair Design — nhẹ nhàng, tự nhiên, đúng phong cách bạn thích.
📍 Đặt lịch ngay hôm nay nhé!",,,/var/www/fb-marketing-app/data/schedule-videos/salon_Ng_c_nh_n_t_nhi_n_2_cut.mp4
19,2026-08-11,19:03,"✨ SuSi Hair Design luôn chú trọng từng chi tiết nhỏ để mái tóc bạn lên form đẹp nhất.
💌 Inbox SuSi Hair Design để được tư vấn miễn phí!",,,/var/www/fb-marketing-app/data/schedule-videos/salon_Nh_n_qua_vai_6_cut.mp4
19,2026-08-12,19:03,"🌸 Ghé SuSi Hair Design để cảm nhận sự khác biệt trong từng đường kéo, từng lọn tóc.
☎️ Gọi hotline để giữ giờ đẹp!",,,/var/www/fb-marketing-app/data/schedule-videos/salon_Salon_-_Ch_nh_t_c_1_7_cut.mp4
19,2026-08-13,19:03,"💧 Chăm chút từng bước tại SuSi Hair Design — từ gội, ủ đến tạo kiểu, không vội vàng.
💬 Nhắn tin để stylist tư vấn riêng cho bạn!",,,/var/www/fb-marketing-app/data/schedule-videos/salon_Salon_-_Ch_nh_t_c_1_8_cut.mp4
19,2026-08-14,19:03,"🎨 Một tông màu mới, một diện mạo mới cùng SuSi Hair Design.
📍 Đặt lịch ngay hôm nay nhé!",,,/var/www/fb-marketing-app/data/schedule-videos/salon_Salon_-_Ch_nh_t_c_2_8_cut.mp4
19,2026-08-15,19:03,"💁‍♀️ Stylist tại SuSi Hair Design luôn lắng nghe trước khi bắt tay vào làm.
💌 Inbox SuSi Hair Design để được tư vấn miễn phí!",,,/var/www/fb-marketing-app/data/schedule-videos/salon_Salon_-_Ch_nh_t_c_2_9_cut.mp4
19,2026-08-16,19:03,"🌤️ Đổi gió cho mái tóc cùng SuSi Hair Design — nhẹ nhàng mà cuốn hút.
☎️ Gọi hotline để giữ giờ đẹp!",,,/var/www/fb-marketing-app/data/schedule-videos/salon_Th_n_th_i_sang_tr_ng_9_cut.mp4
19,2026-08-17,19:03,"🧴 SuSi Hair Design ưu tiên sản phẩm dưỡng an toàn cho tóc nhuộm/uốn.
💬 Nhắn tin để stylist tư vấn riêng cho bạn!",,,/var/www/fb-marketing-app/data/schedule-videos/salon_Vu_t_t_c_duy_n_d_ng_4_cut.mp4
19,2026-08-18,19:03,"✂️ Từng đường cắt tại SuSi Hair Design đều có lý do — không làm qua loa.
📍 Đặt lịch ngay hôm nay nhé!",,,/var/www/fb-marketing-app/data/schedule-videos/salon_Xoay_m_t_g_c_nghi_ng_3_cut.mp4
19,2026-08-19,19:03,"💆‍♀️ Thư giãn trọn vẹn trong lúc làm tóc tại SuSi Hair Design.
💌 Inbox SuSi Hair Design để được tư vấn miễn phí!",,,/var/www/fb-marketing-app/data/schedule-videos/salon_nh_nh_n_d_u_d_ng_1_cut.mp4
19,2026-08-20,19:03,"🌟 Một buổi làm tóc, một lần tự tin hơn — cùng SuSi Hair Design.
☎️ Gọi hotline để giữ giờ đẹp!",,,/var/www/fb-marketing-app/data/schedule-videos/final_1786178553099.mp4
19,2026-08-21,19:03,"📸 Khoảnh khắc thật tại SuSi Hair Design, không dàn dựng.
💬 Nhắn tin để stylist tư vấn riêng cho bạn!",,,/var/www/fb-marketing-app/data/schedule-videos/final_1786181766533.mp4
19,2026-08-22,19:03,"🩷 SuSi Hair Design — nơi mỗi mái tóc đều được chăm như lần đầu.
📍 Đặt lịch ngay hôm nay nhé!",,,/var/www/fb-marketing-app/data/schedule-videos/final_1786186507562.mp4
19,2026-08-23,19:03,"🍃 Nhẹ nhàng, tự nhiên, đúng chất SuSi Hair Design.
💌 Inbox SuSi Hair Design để được tư vấn miễn phí!",,,/var/www/fb-marketing-app/data/schedule-videos/final_1786192066925.mp4
19,2026-08-24,19:03,"💇‍♀️ Một khoảnh khắc làm tóc tại SuSi Hair Design — nhẹ nhàng, tự nhiên, đúng phong cách bạn thích.
☎️ Gọi hotline để giữ giờ đẹp!",,,/var/www/fb-marketing-app/data/schedule-videos/final_1786192503392.mp4
19,2026-08-25,19:03,"✨ SuSi Hair Design luôn chú trọng từng chi tiết nhỏ để mái tóc bạn lên form đẹp nhất.
💬 Nhắn tin để stylist tư vấn riêng cho bạn!",,,/var/www/fb-marketing-app/data/schedule-videos/final_1786192874824.mp4
19,2026-08-26,19:03,"🌸 Ghé SuSi Hair Design để cảm nhận sự khác biệt trong từng đường kéo, từng lọn tóc.
📍 Đặt lịch ngay hôm nay nhé!",,,/var/www/fb-marketing-app/data/schedule-videos/final_1786193562054.mp4
19,2026-08-27,19:03,"💧 Chăm chút từng bước tại SuSi Hair Design — từ gội, ủ đến tạo kiểu, không vội vàng.
💌 Inbox SuSi Hair Design để được tư vấn miễn phí!",,,/var/www/fb-marketing-app/data/schedule-videos/final_1786194978037.mp4
19,2026-08-28,19:03,"🎨 Một tông màu mới, một diện mạo mới cùng SuSi Hair Design.
☎️ Gọi hotline để giữ giờ đẹp!",,,/var/www/fb-marketing-app/data/schedule-videos/final_1786195873283.mp4
19,2026-08-29,19:03,"💁‍♀️ Stylist tại SuSi Hair Design luôn lắng nghe trước khi bắt tay vào làm.
💬 Nhắn tin để stylist tư vấn riêng cho bạn!",,,/var/www/fb-marketing-app/data/schedule-videos/final_1786202807893.mp4
19,2026-08-30,19:03,"🌤️ Đổi gió cho mái tóc cùng SuSi Hair Design — nhẹ nhàng mà cuốn hút.
📍 Đặt lịch ngay hôm nay nhé!",,,/var/www/fb-marketing-app/data/schedule-videos/final_1786204378507.mp4
19,2026-08-31,19:03,"🧴 SuSi Hair Design ưu tiên sản phẩm dưỡng an toàn cho tóc nhuộm/uốn.
💌 Inbox SuSi Hair Design để được tư vấn miễn phí!",,,/var/www/fb-marketing-app/data/schedule-videos/final_1786204993148.mp4
19,2026-09-01,19:03,"✂️ Từng đường cắt tại SuSi Hair Design đều có lý do — không làm qua loa.
☎️ Gọi hotline để giữ giờ đẹp!",,,/var/www/fb-marketing-app/data/schedule-videos/fullhd_1786185645789.mp4
19,2026-09-02,19:03,"💆‍♀️ Thư giãn trọn vẹn trong lúc làm tóc tại SuSi Hair Design.
💬 Nhắn tin để stylist tư vấn riêng cho bạn!",,,/var/www/fb-marketing-app/data/schedule-videos/fullhd_1786186635195.mp4
19,2026-09-03,19:03,"🌟 Một buổi làm tóc, một lần tự tin hơn — cùng SuSi Hair Design.
📍 Đặt lịch ngay hôm nay nhé!",,,/var/www/fb-marketing-app/data/schedule-videos/fullhd_1786193679247.mp4
19,2026-09-04,19:03,"📸 Khoảnh khắc thật tại SuSi Hair Design, không dàn dựng.
💌 Inbox SuSi Hair Design để được tư vấn miễn phí!",,,/var/www/fb-marketing-app/data/schedule-videos/fullhd_1786195070432.mp4
19,2026-09-05,19:03,"🩷 SuSi Hair Design — nơi mỗi mái tóc đều được chăm như lần đầu.
☎️ Gọi hotline để giữ giờ đẹp!",,,/var/www/fb-marketing-app/data/schedule-videos/fullhd_1786195795072.mp4
19,2026-09-06,19:03,"🍃 Nhẹ nhàng, tự nhiên, đúng chất SuSi Hair Design.
💬 Nhắn tin để stylist tư vấn riêng cho bạn!",,,/var/www/fb-marketing-app/data/schedule-videos/fullhd_1786196047409.mp4
19,2026-09-07,19:03,"💇‍♀️ Một khoảnh khắc làm tóc tại SuSi Hair Design — nhẹ nhàng, tự nhiên, đúng phong cách bạn thích.
📍 Đặt lịch ngay hôm nay nhé!",,,/var/www/fb-marketing-app/data/schedule-videos/fullhd_1786203117230.mp4
19,2026-09-08,19:03,"✨ SuSi Hair Design luôn chú trọng từng chi tiết nhỏ để mái tóc bạn lên form đẹp nhất.
💌 Inbox SuSi Hair Design để được tư vấn miễn phí!",,,/var/www/fb-marketing-app/data/schedule-videos/fullhd_1786204515702.mp4