page_row_id,date,time,content,image_url,video_url,image_path
2,2026-08-10,19:04,"💧 Mẹo nhỏ từ SuSi Hair Design: gội đầu bằng nước ấm (không quá nóng), massage nhẹ da đầu 2-3 phút rồi xả bằng nước mát để tóc lên nếp và bóng mượt lâu hơn. Bạn đã thử chưa? 😉
#meochamsoctoc #toccongso
💌 Inbox SuSi Hair Design để được tư vấn miễn phí!",,,D:\Ảnh tóc hàn\IMG_0250 2.PNG
2,2026-08-11,19:02,"⏰ Ưu đãi giờ hành chính tại SuSi Hair Design: đặt lịch cắt + gội trong khung 9h-17h các ngày trong tuần để được ưu đãi đặc biệt — tranh thủ giờ nghỉ trưa làm đẹp nhé!
#uudaigiohanhchinh #tocdephangngay
☎️ Gọi ngay hotline để đặt lịch nhanh nhất!",,,D:\Ảnh tóc hàn\IMG_0281 2.PNG
2,2026-08-12,19:00,"✂️ Không biết chọn kiểu tóc nào hợp khuôn mặt? Đến SuSi Hair Design, đội ngũ stylist sẽ tư vấn miễn phí để bạn có mái tóc vừa hợp mặt vừa dễ chăm sóc mỗi sáng đi làm.
#tuvantoccongso #kieutochopmat
📅 Đặt lịch trước để không phải chờ đợi khi ghé salon!",,,D:\Ảnh tóc hàn\IMG_0286.PNG
2,2026-08-13,18:56,"🕒 Bận rộn không có nhiều thời gian? Combo Cắt + Gội + Sấy tại SuSi Hair Design giúp bạn có mái tóc gọn gàng chỉn chu chỉ trong một buổi, tiết kiệm thời gian tối đa cho hội chị em công sở.
#combotrongoi #toccongso
💬 Nhắn tin ngay để được stylist tư vấn riêng cho bạn!",,,D:\Ảnh tóc hàn\IMG_0287.PNG
2,2026-08-14,19:01,"🎨 Mẹo chọn màu nhuộm từ SuSi Hair Design: da vàng ấm hợp tông nâu hạt dẻ, nâu socola; da trắng hồng hợp tông khói, tro lạnh. Bạn thuộc tông da nào? Inbox để được tư vấn màu phù hợp nhé!
#tuvanmaunhuom #nhuomtoc
📍 Đặt lịch ngay hôm nay để giữ chỗ giờ đẹp nhé!",,,D:\Ảnh tóc hàn\IMG_0288.PNG
2,2026-08-15,19:02,"🌤️ Cuối tuần rảnh rỗi, ghé SuSi Hair Design làm mới mái tóc cho tuần mới thật xinh! Đặt lịch trước để không phải chờ đợi nhé.
#cuoituanlamtoc #toccongso
💌 Inbox SuSi Hair Design để được tư vấn miễn phí!",,,D:\Ảnh tóc hàn\IMG_0289.PNG
2,2026-08-16,19:02,"💆‍♀️ Tóc uốn/duỗi dễ mất nếp nếu chăm sai cách. SuSi Hair Design mách bạn: hạn chế cột tóc chặt, dùng lược răng thưa, ủ dưỡng 1 lần/tuần để nếp tóc bền đẹp lâu hơn.
#chamsoctocuon #meotoc
☎️ Gọi ngay hotline để đặt lịch nhanh nhất!",,,D:\Ảnh tóc hàn\IMG_0290.PNG
2,2026-08-17,18:59,"👩‍🎨 Đội ngũ stylist tại SuSi Hair Design luôn cập nhật xu hướng mới, tận tâm tư vấn để mỗi khách hàng đều hài lòng khi rời salon. Đến trải nghiệm để cảm nhận sự khác biệt nhé!
#stylistchuyennghiep #toccongso
📅 Đặt lịch trước để không phải chờ đợi khi ghé salon!",,,D:\Ảnh tóc hàn\IMG_0291.PNG
2,2026-08-18,19:01,"✨ Uốn lơi, nhuộm balayage đang là xu hướng được các nàng công sở yêu thích tại SuSi Hair Design — vừa sang trọng vừa dễ phối đồ đi làm mỗi ngày.
#trenduoc #uonlogia
💬 Nhắn tin ngay để được stylist tư vấn riêng cho bạn!",,,D:\Ảnh tóc hàn\IMG_0292.PNG
2,2026-08-19,19:03,"🎁 Giới thiệu bạn bè đến SuSi Hair Design — cả bạn và người được giới thiệu đều nhận ưu đãi hấp dẫn khi làm tóc. Rủ ngay hội chị em công sở của bạn nhé!
#gioithieubanbe #uudai
📍 Đặt lịch ngay hôm nay để giữ chỗ giờ đẹp nhé!",,,D:\Ảnh tóc hàn\IMG_0293.PNG
2,2026-08-20,18:56,"🧴 Tóc khô xơ vì máy sấy, hoá chất? SuSi Hair Design có liệu trình ủ phục hồi chuyên sâu chỉ 15-20 phút, giúp tóc mềm mượt trở lại nhanh chóng.
#uphuchoi #toccongso
💌 Inbox SuSi Hair Design để được tư vấn miễn phí!",,,D:\Ảnh tóc hàn\IMG_0294.PNG
2,2026-08-21,19:01,"⚡ Flash sale hôm nay tại SuSi Hair Design — ưu đãi chỉ trong 1 ngày, nhanh tay đặt lịch trước khi hết chỗ nhé!
#flashsale #uudaihomnay
☎️ Gọi ngay hotline để đặt lịch nhanh nhất!",,,D:\Ảnh tóc hàn\IMG_0295.PNG
2,2026-08-22,18:58,"💬 ""Lần đầu đến SuSi Hair Design mà ưng ý ngay từ lần cắt đầu tiên, các bạn stylist tư vấn rất nhiệt tình"" — đó là chia sẻ của một khách hàng thân thiết. Cảm ơn bạn đã tin tưởng!
#khachhangnoigi #toccongso
📅 Đặt lịch trước để không phải chờ đợi khi ghé salon!",,,D:\Ảnh tóc hàn\IMG_0296.PNG
2,2026-08-23,18:59,"🧴 SuSi Hair Design đang sử dụng dòng sản phẩm gội dưỡng chuyên sâu, an toàn cho tóc nhuộm/uốn, giúp tóc chắc khoẻ và lên màu chuẩn lâu hơn.
#sanphamduongtoc #toccongso
💬 Nhắn tin ngay để được stylist tư vấn riêng cho bạn!",,,D:\Ảnh tóc hàn\IMG_0297.PNG
2,2026-08-24,19:00,"🩹 Tóc hư tổn nặng do nhuộm/duỗi nhiều lần? SuSi Hair Design có liệu trình phục hồi chuyên sâu theo từng cấp độ hư tổn — tư vấn miễn phí trước khi làm.
#phuchoitoc #toccongso
📍 Đặt lịch ngay hôm nay để giữ chỗ giờ đẹp nhé!",,,D:\Ảnh tóc hàn\IMG_0298.PNG
2,2026-08-25,19:03,"⏱️ Mẹo tạo kiểu 5 phút mỗi sáng từ SuSi Hair Design: sấy tóc theo chiều từ gốc xuống ngọn, dùng lược tròn tạo phồng nhẹ ở chân tóc — chuẩn bị đi làm nhanh gọn mà vẫn xinh.
#taokieunhanh #meotoc
💌 Inbox SuSi Hair Design để được tư vấn miễn phí!",,,D:\Ảnh tóc hàn\IMG_0299.PNG
2,2026-08-26,18:58,"📱 Đặt lịch trước qua Zalo/inbox SuSi Hair Design để được giữ giờ đẹp và không phải chờ đợi khi đến salon — tiện lợi cho lịch trình bận rộn của bạn.
#datlichtruoc #toccongso
☎️ Gọi ngay hotline để đặt lịch nhanh nhất!",,,D:\Ảnh tóc hàn\IMG_0300.PNG
2,2026-08-27,19:03,"☕ SuSi Hair Design không chỉ là nơi làm tóc mà còn là góc thư giãn lý tưởng cho giờ nghỉ trưa — ghé qua nhâm nhi trà, làm đẹp và nạp lại năng lượng cho buổi chiều làm việc.
#khonggianthugian #toccongso
📅 Đặt lịch trước để không phải chờ đợi khi ghé salon!",,,D:\Ảnh tóc hàn\IMG_0301.PNG
2,2026-08-28,19:01,"❓ Hỏi đáp nhanh: Bao lâu nên đi cắt tóc 1 lần? SuSi Hair Design khuyên bạn nên tỉa ngọn mỗi 6-8 tuần để tóc luôn gọn gàng và hạn chế chẻ ngọn.
#hoidapchamtoc #toccongso
💬 Nhắn tin ngay để được stylist tư vấn riêng cho bạn!",,,D:\Ảnh tóc hàn\IMG_0302.PNG
2,2026-08-29,19:02,"🌀 Mẹo giữ nếp tóc uốn lâu hơn: hạn chế gội đầu liên tục, dùng gối lụa khi ngủ, và xịt dưỡng giữ nếp mỗi sáng — SuSi Hair Design luôn sẵn sàng tư vấn thêm cho bạn.
#giunepuon #meotoc
📍 Đặt lịch ngay hôm nay để giữ chỗ giờ đẹp nhé!",,,D:\Ảnh tóc hàn\IMG_0303.PNG
2,2026-08-30,19:02,"🌆 Tối thứ 6 rảnh rỗi? Ghé SuSi Hair Design làm mới mái tóc, chuẩn bị tinh thần thật xinh cho cuối tuần nhé!
#toithu6 #toccongso
💌 Inbox SuSi Hair Design để được tư vấn miễn phí!",,,D:\Ảnh tóc hàn\IMG_0304.PNG
2,2026-08-31,18:59,"🙋‍♀️ Lần đầu đến SuSi Hair Design? Đừng ngại chia sẻ mong muốn của bạn — đội ngũ stylist sẽ tư vấn kỹ trước khi làm để đảm bảo bạn ưng ý nhất.
#landaudentiem #toccongso
☎️ Gọi ngay hotline để đặt lịch nhanh nhất!",,,D:\Ảnh tóc hàn\IMG_0306.PNG
2,2026-09-01,19:00,"📝 Trước mỗi dịch vụ, SuSi Hair Design luôn dành thời gian tư vấn kỹ về kiểu dáng, màu sắc phù hợp với bạn — không làm vội, không qua loa.
#tuvantacnhinh #toccongso
📅 Đặt lịch trước để không phải chờ đợi khi ghé salon!",,,D:\Ảnh tóc hàn\IMG_0307.PNG
2,2026-09-02,18:58,"🔥 Sấy, uốn, duỗi thường xuyên khiến tóc yếu dần. SuSi Hair Design gợi ý dùng xịt dưỡng chống nhiệt trước khi tạo kiểu để bảo vệ tóc tốt hơn.
#baovetoc #meotoc
💬 Nhắn tin ngay để được stylist tư vấn riêng cho bạn!",,,D:\Ảnh tóc hàn\IMG_0308.PNG
2,2026-09-03,19:01,"📅 Cuối tháng bận rộn, SuSi Hair Design khuyên bạn nên đặt lịch sớm để giữ giờ đẹp — tránh tình trạng hết chỗ vào phút chót nhé.
#datlichsom #toccongso
📍 Đặt lịch ngay hôm nay để giữ chỗ giờ đẹp nhé!",,,D:\Ảnh tóc hàn\IMG_0309.PNG
2,2026-09-04,18:57,"💁‍♀️ Mặt tròn hợp tóc layer bồng nhẹ, mặt dài hợp mái thưa — SuSi Hair Design luôn tư vấn kiểu tóc tôn dáng nhất cho từng khuôn mặt.
#kieutochopmat #toccongso
💌 Inbox SuSi Hair Design để được tư vấn miễn phí!",,,D:\Ảnh tóc hàn\IMG_0310.PNG
2,2026-09-05,18:59,"🙏 SuSi Hair Design xin cảm ơn tất cả khách hàng đã tin tưởng và đồng hành trong suốt tháng qua. Hẹn gặp lại các bạn ở những lần làm tóc tiếp theo nhé!
#camonkhachhang #toccongso
☎️ Gọi ngay hotline để đặt lịch nhanh nhất!",,,D:\Ảnh tóc hàn\IMG_0311.PNG
2,2026-09-06,18:59,"🎉 Bật mí nhẹ: tháng sau SuSi Hair Design sẽ có ưu đãi mới cực hấp dẫn dành riêng cho khách hàng thân thiết — đón chờ nhé!
#uudaithangtoi #toccongso
📅 Đặt lịch trước để không phải chờ đợi khi ghé salon!",,,D:\Ảnh tóc hàn\New folder\IMG_0241.PNG
2,2026-09-07,19:01,"✅ Khép lại một tháng thật nhiều mái tóc đẹp tại SuSi Hair Design! Cảm ơn các bạn đã ghé thăm — đặt lịch ngay hôm nay để bắt đầu tháng mới với diện mạo mới nhé.
#tongketthang #toccongso
💬 Nhắn tin ngay để được stylist tư vấn riêng cho bạn!",,,D:\Ảnh tóc hàn\IMG_0250 2.PNG
3,2026-08-10,19:04,"💧 Mẹo nhỏ từ Susi Hair: gội đầu bằng nước ấm (không quá nóng), massage nhẹ da đầu 2-3 phút rồi xả bằng nước mát để tóc lên nếp và bóng mượt lâu hơn. Bạn đã thử chưa? 😉
#meochamsoctoc #toccongso
☎️ Gọi ngay hotline để đặt lịch nhanh nhất!",,,D:\Ảnh tóc hàn\IMG_0281 2.PNG
3,2026-08-11,19:02,"⏰ Ưu đãi giờ hành chính tại Susi Hair: đặt lịch cắt + gội trong khung 9h-17h các ngày trong tuần để được ưu đãi đặc biệt — tranh thủ giờ nghỉ trưa làm đẹp nhé!
#uudaigiohanhchinh #tocdephangngay
📅 Đặt lịch trước để không phải chờ đợi khi ghé salon!",,,D:\Ảnh tóc hàn\IMG_0286.PNG
3,2026-08-12,19:02,"✂️ Không biết chọn kiểu tóc nào hợp khuôn mặt? Đến Susi Hair, đội ngũ stylist sẽ tư vấn miễn phí để bạn có mái tóc vừa hợp mặt vừa dễ chăm sóc mỗi sáng đi làm.
#tuvantoccongso #kieutochopmat
💬 Nhắn tin ngay để được stylist tư vấn riêng cho bạn!",,,D:\Ảnh tóc hàn\IMG_0287.PNG
3,2026-08-13,19:05,"🕒 Bận rộn không có nhiều thời gian? Combo Cắt + Gội + Sấy tại Susi Hair giúp bạn có mái tóc gọn gàng chỉn chu chỉ trong một buổi, tiết kiệm thời gian tối đa cho hội chị em công sở.
#combotrongoi #toccongso
📍 Đặt lịch ngay hôm nay để giữ chỗ giờ đẹp nhé!",,,D:\Ảnh tóc hàn\IMG_0288.PNG
3,2026-08-14,19:01,"🎨 Mẹo chọn màu nhuộm từ Susi Hair: da vàng ấm hợp tông nâu hạt dẻ, nâu socola; da trắng hồng hợp tông khói, tro lạnh. Bạn thuộc tông da nào? Inbox để được tư vấn màu phù hợp nhé!
#tuvanmaunhuom #nhuomtoc
💌 Inbox Susi Hair để được tư vấn miễn phí!",,,D:\Ảnh tóc hàn\IMG_0289.PNG
3,2026-08-15,19:05,"🌤️ Cuối tuần rảnh rỗi, ghé Susi Hair làm mới mái tóc cho tuần mới thật xinh! Đặt lịch trước để không phải chờ đợi nhé.
#cuoituanlamtoc #toccongso
☎️ Gọi ngay hotline để đặt lịch nhanh nhất!",,,D:\Ảnh tóc hàn\IMG_0290.PNG
3,2026-08-16,19:05,"💆‍♀️ Tóc uốn/duỗi dễ mất nếp nếu chăm sai cách. Susi Hair mách bạn: hạn chế cột tóc chặt, dùng lược răng thưa, ủ dưỡng 1 lần/tuần để nếp tóc bền đẹp lâu hơn.
#chamsoctocuon #meotoc
📅 Đặt lịch trước để không phải chờ đợi khi ghé salon!",,,D:\Ảnh tóc hàn\IMG_0291.PNG
3,2026-08-17,19:02,"👩‍🎨 Đội ngũ stylist tại Susi Hair luôn cập nhật xu hướng mới, tận tâm tư vấn để mỗi khách hàng đều hài lòng khi rời salon. Đến trải nghiệm để cảm nhận sự khác biệt nhé!
#stylistchuyennghiep #toccongso
💬 Nhắn tin ngay để được stylist tư vấn riêng cho bạn!",,,D:\Ảnh tóc hàn\IMG_0292.PNG
3,2026-08-18,19:05,"✨ Uốn lơi, nhuộm balayage đang là xu hướng được các nàng công sở yêu thích tại Susi Hair — vừa sang trọng vừa dễ phối đồ đi làm mỗi ngày.
#trenduoc #uonlogia
📍 Đặt lịch ngay hôm nay để giữ chỗ giờ đẹp nhé!",,,D:\Ảnh tóc hàn\IMG_0293.PNG
3,2026-08-19,19:03,"🎁 Giới thiệu bạn bè đến Susi Hair — cả bạn và người được giới thiệu đều nhận ưu đãi hấp dẫn khi làm tóc. Rủ ngay hội chị em công sở của bạn nhé!
#gioithieubanbe #uudai
💌 Inbox Susi Hair để được tư vấn miễn phí!",,,D:\Ảnh tóc hàn\IMG_0294.PNG
3,2026-08-20,19:06,"🧴 Tóc khô xơ vì máy sấy, hoá chất? Susi Hair có liệu trình ủ phục hồi chuyên sâu chỉ 15-20 phút, giúp tóc mềm mượt trở lại nhanh chóng.
#uphuchoi #toccongso
☎️ Gọi ngay hotline để đặt lịch nhanh nhất!",,,D:\Ảnh tóc hàn\IMG_0295.PNG
3,2026-08-21,19:02,"⚡ Flash sale hôm nay tại Susi Hair — ưu đãi chỉ trong 1 ngày, nhanh tay đặt lịch trước khi hết chỗ nhé!
#flashsale #uudaihomnay
📅 Đặt lịch trước để không phải chờ đợi khi ghé salon!",,,D:\Ảnh tóc hàn\IMG_0296.PNG
3,2026-08-22,19:07,"💬 ""Lần đầu đến Susi Hair mà ưng ý ngay từ lần cắt đầu tiên, các bạn stylist tư vấn rất nhiệt tình"" — đó là chia sẻ của một khách hàng thân thiết. Cảm ơn bạn đã tin tưởng!
#khachhangnoigi #toccongso
💬 Nhắn tin ngay để được stylist tư vấn riêng cho bạn!",,,D:\Ảnh tóc hàn\IMG_0297.PNG
3,2026-08-23,19:04,"🧴 Susi Hair đang sử dụng dòng sản phẩm gội dưỡng chuyên sâu, an toàn cho tóc nhuộm/uốn, giúp tóc chắc khoẻ và lên màu chuẩn lâu hơn.
#sanphamduongtoc #toccongso
📍 Đặt lịch ngay hôm nay để giữ chỗ giờ đẹp nhé!",,,D:\Ảnh tóc hàn\IMG_0298.PNG
3,2026-08-24,19:08,"🩹 Tóc hư tổn nặng do nhuộm/duỗi nhiều lần? Susi Hair có liệu trình phục hồi chuyên sâu theo từng cấp độ hư tổn — tư vấn miễn phí trước khi làm.
#phuchoitoc #toccongso
💌 Inbox Susi Hair để được tư vấn miễn phí!",,,D:\Ảnh tóc hàn\IMG_0299.PNG
3,2026-08-25,19:05,"⏱️ Mẹo tạo kiểu 5 phút mỗi sáng từ Susi Hair: sấy tóc theo chiều từ gốc xuống ngọn, dùng lược tròn tạo phồng nhẹ ở chân tóc — chuẩn bị đi làm nhanh gọn mà vẫn xinh.
#taokieunhanh #meotoc
☎️ Gọi ngay hotline để đặt lịch nhanh nhất!",,,D:\Ảnh tóc hàn\IMG_0300.PNG
3,2026-08-26,19:02,"📱 Đặt lịch trước qua Zalo/inbox Susi Hair để được giữ giờ đẹp và không phải chờ đợi khi đến salon — tiện lợi cho lịch trình bận rộn của bạn.
#datlichtruoc #toccongso
📅 Đặt lịch trước để không phải chờ đợi khi ghé salon!",,,D:\Ảnh tóc hàn\IMG_0301.PNG
3,2026-08-27,19:02,"☕ Susi Hair không chỉ là nơi làm tóc mà còn là góc thư giãn lý tưởng cho giờ nghỉ trưa — ghé qua nhâm nhi trà, làm đẹp và nạp lại năng lượng cho buổi chiều làm việc.
#khonggianthugian #toccongso
💬 Nhắn tin ngay để được stylist tư vấn riêng cho bạn!",,,D:\Ảnh tóc hàn\IMG_0302.PNG
3,2026-08-28,19:04,"❓ Hỏi đáp nhanh: Bao lâu nên đi cắt tóc 1 lần? Susi Hair khuyên bạn nên tỉa ngọn mỗi 6-8 tuần để tóc luôn gọn gàng và hạn chế chẻ ngọn.
#hoidapchamtoc #toccongso
📍 Đặt lịch ngay hôm nay để giữ chỗ giờ đẹp nhé!",,,D:\Ảnh tóc hàn\IMG_0303.PNG
3,2026-08-29,19:03,"🌀 Mẹo giữ nếp tóc uốn lâu hơn: hạn chế gội đầu liên tục, dùng gối lụa khi ngủ, và xịt dưỡng giữ nếp mỗi sáng — Susi Hair luôn sẵn sàng tư vấn thêm cho bạn.
#giunepuon #meotoc
💌 Inbox Susi Hair để được tư vấn miễn phí!",,,D:\Ảnh tóc hàn\IMG_0304.PNG
3,2026-08-30,19:06,"🌆 Tối thứ 6 rảnh rỗi? Ghé Susi Hair làm mới mái tóc, chuẩn bị tinh thần thật xinh cho cuối tuần nhé!
#toithu6 #toccongso
☎️ Gọi ngay hotline để đặt lịch nhanh nhất!",,,D:\Ảnh tóc hàn\IMG_0306.PNG
3,2026-08-31,19:02,"🙋‍♀️ Lần đầu đến Susi Hair? Đừng ngại chia sẻ mong muốn của bạn — đội ngũ stylist sẽ tư vấn kỹ trước khi làm để đảm bảo bạn ưng ý nhất.
#landaudentiem #toccongso
📅 Đặt lịch trước để không phải chờ đợi khi ghé salon!",,,D:\Ảnh tóc hàn\IMG_0307.PNG
3,2026-09-01,19:04,"📝 Trước mỗi dịch vụ, Susi Hair luôn dành thời gian tư vấn kỹ về kiểu dáng, màu sắc phù hợp với bạn — không làm vội, không qua loa.
#tuvantacnhinh #toccongso
💬 Nhắn tin ngay để được stylist tư vấn riêng cho bạn!",,,D:\Ảnh tóc hàn\IMG_0308.PNG
3,2026-09-02,19:04,"🔥 Sấy, uốn, duỗi thường xuyên khiến tóc yếu dần. Susi Hair gợi ý dùng xịt dưỡng chống nhiệt trước khi tạo kiểu để bảo vệ tóc tốt hơn.
#baovetoc #meotoc
📍 Đặt lịch ngay hôm nay để giữ chỗ giờ đẹp nhé!",,,D:\Ảnh tóc hàn\IMG_0309.PNG
3,2026-09-03,19:04,"📅 Cuối tháng bận rộn, Susi Hair khuyên bạn nên đặt lịch sớm để giữ giờ đẹp — tránh tình trạng hết chỗ vào phút chót nhé.
#datlichsom #toccongso
💌 Inbox Susi Hair để được tư vấn miễn phí!",,,D:\Ảnh tóc hàn\IMG_0310.PNG
3,2026-09-04,19:04,"💁‍♀️ Mặt tròn hợp tóc layer bồng nhẹ, mặt dài hợp mái thưa — Susi Hair luôn tư vấn kiểu tóc tôn dáng nhất cho từng khuôn mặt.
#kieutochopmat #toccongso
☎️ Gọi ngay hotline để đặt lịch nhanh nhất!",,,D:\Ảnh tóc hàn\IMG_0311.PNG
3,2026-09-05,19:05,"🙏 Susi Hair xin cảm ơn tất cả khách hàng đã tin tưởng và đồng hành trong suốt tháng qua. Hẹn gặp lại các bạn ở những lần làm tóc tiếp theo nhé!
#camonkhachhang #toccongso
📅 Đặt lịch trước để không phải chờ đợi khi ghé salon!",,,D:\Ảnh tóc hàn\New folder\IMG_0241.PNG
3,2026-09-06,19:01,"🎉 Bật mí nhẹ: tháng sau Susi Hair sẽ có ưu đãi mới cực hấp dẫn dành riêng cho khách hàng thân thiết — đón chờ nhé!
#uudaithangtoi #toccongso
💬 Nhắn tin ngay để được stylist tư vấn riêng cho bạn!",,,D:\Ảnh tóc hàn\IMG_0250 2.PNG
3,2026-09-07,19:04,"✅ Khép lại một tháng thật nhiều mái tóc đẹp tại Susi Hair! Cảm ơn các bạn đã ghé thăm — đặt lịch ngay hôm nay để bắt đầu tháng mới với diện mạo mới nhé.
#tongketthang #toccongso
📍 Đặt lịch ngay hôm nay để giữ chỗ giờ đẹp nhé!",,,D:\Ảnh tóc hàn\IMG_0281 2.PNG
4,2026-08-10,19:05,"💧 Mẹo nhỏ từ Susi Hair Studio - Chuyên Duỗi Layer: gội đầu bằng nước ấm (không quá nóng), massage nhẹ da đầu 2-3 phút rồi xả bằng nước mát để tóc lên nếp và bóng mượt lâu hơn. Bạn đã thử chưa? 😉
#meochamsoctoc #toccongso
📅 Đặt lịch trước để không phải chờ đợi khi ghé salon!",,,D:\Ảnh tóc hàn\IMG_0286.PNG
4,2026-08-11,19:04,"⏰ Ưu đãi giờ hành chính tại Susi Hair Studio - Chuyên Duỗi Layer: đặt lịch cắt + gội trong khung 9h-17h các ngày trong tuần để được ưu đãi đặc biệt — tranh thủ giờ nghỉ trưa làm đẹp nhé!
#uudaigiohanhchinh #tocdephangngay
💬 Nhắn tin ngay để được stylist tư vấn riêng cho bạn!",,,D:\Ảnh tóc hàn\IMG_0287.PNG
4,2026-08-12,19:07,"✂️ Không biết chọn kiểu tóc nào hợp khuôn mặt? Đến Susi Hair Studio - Chuyên Duỗi Layer, đội ngũ stylist sẽ tư vấn miễn phí để bạn có mái tóc vừa hợp mặt vừa dễ chăm sóc mỗi sáng đi làm.
#tuvantoccongso #kieutochopmat
📍 Đặt lịch ngay hôm nay để giữ chỗ giờ đẹp nhé!",,,D:\Ảnh tóc hàn\IMG_0288.PNG
4,2026-08-13,19:07,"🕒 Bận rộn không có nhiều thời gian? Combo Cắt + Gội + Sấy tại Susi Hair Studio - Chuyên Duỗi Layer giúp bạn có mái tóc gọn gàng chỉn chu chỉ trong một buổi, tiết kiệm thời gian tối đa cho hội chị em công sở.
#combotrongoi #toccongso
💌 Inbox Susi Hair Studio - Chuyên Duỗi Layer để được tư vấn miễn phí!",,,D:\Ảnh tóc hàn\IMG_0289.PNG
4,2026-08-14,19:10,"🎨 Mẹo chọn màu nhuộm từ Susi Hair Studio - Chuyên Duỗi Layer: da vàng ấm hợp tông nâu hạt dẻ, nâu socola; da trắng hồng hợp tông khói, tro lạnh. Bạn thuộc tông da nào? Inbox để được tư vấn màu phù hợp nhé!
#tuvanmaunhuom #nhuomtoc
☎️ Gọi ngay hotline để đặt lịch nhanh nhất!",,,D:\Ảnh tóc hàn\IMG_0290.PNG
4,2026-08-15,19:06,"🌤️ Cuối tuần rảnh rỗi, ghé Susi Hair Studio - Chuyên Duỗi Layer làm mới mái tóc cho tuần mới thật xinh! Đặt lịch trước để không phải chờ đợi nhé.
#cuoituanlamtoc #toccongso
📅 Đặt lịch trước để không phải chờ đợi khi ghé salon!",,,D:\Ảnh tóc hàn\IMG_0291.PNG
4,2026-08-16,19:07,"💆‍♀️ Tóc uốn/duỗi dễ mất nếp nếu chăm sai cách. Susi Hair Studio - Chuyên Duỗi Layer mách bạn: hạn chế cột tóc chặt, dùng lược răng thưa, ủ dưỡng 1 lần/tuần để nếp tóc bền đẹp lâu hơn.
#chamsoctocuon #meotoc
💬 Nhắn tin ngay để được stylist tư vấn riêng cho bạn!",,,D:\Ảnh tóc hàn\IMG_0292.PNG
4,2026-08-17,19:07,"👩‍🎨 Đội ngũ stylist tại Susi Hair Studio - Chuyên Duỗi Layer luôn cập nhật xu hướng mới, tận tâm tư vấn để mỗi khách hàng đều hài lòng khi rời salon. Đến trải nghiệm để cảm nhận sự khác biệt nhé!
#stylistchuyennghiep #toccongso
📍 Đặt lịch ngay hôm nay để giữ chỗ giờ đẹp nhé!",,,D:\Ảnh tóc hàn\IMG_0293.PNG
4,2026-08-18,19:04,"✨ Uốn lơi, nhuộm balayage đang là xu hướng được các nàng công sở yêu thích tại Susi Hair Studio - Chuyên Duỗi Layer — vừa sang trọng vừa dễ phối đồ đi làm mỗi ngày.
#trenduoc #uonlogia
💌 Inbox Susi Hair Studio - Chuyên Duỗi Layer để được tư vấn miễn phí!",,,D:\Ảnh tóc hàn\IMG_0294.PNG
4,2026-08-19,19:07,"🎁 Giới thiệu bạn bè đến Susi Hair Studio - Chuyên Duỗi Layer — cả bạn và người được giới thiệu đều nhận ưu đãi hấp dẫn khi làm tóc. Rủ ngay hội chị em công sở của bạn nhé!
#gioithieubanbe #uudai
☎️ Gọi ngay hotline để đặt lịch nhanh nhất!",,,D:\Ảnh tóc hàn\IMG_0295.PNG
4,2026-08-20,19:05,"🧴 Tóc khô xơ vì máy sấy, hoá chất? Susi Hair Studio - Chuyên Duỗi Layer có liệu trình ủ phục hồi chuyên sâu chỉ 15-20 phút, giúp tóc mềm mượt trở lại nhanh chóng.
#uphuchoi #toccongso
📅 Đặt lịch trước để không phải chờ đợi khi ghé salon!",,,D:\Ảnh tóc hàn\IMG_0296.PNG
4,2026-08-21,19:11,"⚡ Flash sale hôm nay tại Susi Hair Studio - Chuyên Duỗi Layer — ưu đãi chỉ trong 1 ngày, nhanh tay đặt lịch trước khi hết chỗ nhé!
#flashsale #uudaihomnay
💬 Nhắn tin ngay để được stylist tư vấn riêng cho bạn!",,,D:\Ảnh tóc hàn\IMG_0297.PNG
4,2026-08-22,19:06,"💬 ""Lần đầu đến Susi Hair Studio - Chuyên Duỗi Layer mà ưng ý ngay từ lần cắt đầu tiên, các bạn stylist tư vấn rất nhiệt tình"" — đó là chia sẻ của một khách hàng thân thiết. Cảm ơn bạn đã tin tưởng!
#khachhangnoigi #toccongso
📍 Đặt lịch ngay hôm nay để giữ chỗ giờ đẹp nhé!",,,D:\Ảnh tóc hàn\IMG_0298.PNG
4,2026-08-23,19:03,"🧴 Susi Hair Studio - Chuyên Duỗi Layer đang sử dụng dòng sản phẩm gội dưỡng chuyên sâu, an toàn cho tóc nhuộm/uốn, giúp tóc chắc khoẻ và lên màu chuẩn lâu hơn.
#sanphamduongtoc #toccongso
💌 Inbox Susi Hair Studio - Chuyên Duỗi Layer để được tư vấn miễn phí!",,,D:\Ảnh tóc hàn\IMG_0299.PNG
4,2026-08-24,19:09,"🩹 Tóc hư tổn nặng do nhuộm/duỗi nhiều lần? Susi Hair Studio - Chuyên Duỗi Layer có liệu trình phục hồi chuyên sâu theo từng cấp độ hư tổn — tư vấn miễn phí trước khi làm.
#phuchoitoc #toccongso
☎️ Gọi ngay hotline để đặt lịch nhanh nhất!",,,D:\Ảnh tóc hàn\IMG_0300.PNG
4,2026-08-25,19:09,"⏱️ Mẹo tạo kiểu 5 phút mỗi sáng từ Susi Hair Studio - Chuyên Duỗi Layer: sấy tóc theo chiều từ gốc xuống ngọn, dùng lược tròn tạo phồng nhẹ ở chân tóc — chuẩn bị đi làm nhanh gọn mà vẫn xinh.
#taokieunhanh #meotoc
📅 Đặt lịch trước để không phải chờ đợi khi ghé salon!",,,D:\Ảnh tóc hàn\IMG_0301.PNG
4,2026-08-26,19:05,"📱 Đặt lịch trước qua Zalo/inbox Susi Hair Studio - Chuyên Duỗi Layer để được giữ giờ đẹp và không phải chờ đợi khi đến salon — tiện lợi cho lịch trình bận rộn của bạn.
#datlichtruoc #toccongso
💬 Nhắn tin ngay để được stylist tư vấn riêng cho bạn!",,,D:\Ảnh tóc hàn\IMG_0302.PNG
4,2026-08-27,19:11,"☕ Susi Hair Studio - Chuyên Duỗi Layer không chỉ là nơi làm tóc mà còn là góc thư giãn lý tưởng cho giờ nghỉ trưa — ghé qua nhâm nhi trà, làm đẹp và nạp lại năng lượng cho buổi chiều làm việc.
#khonggianthugian #toccongso
📍 Đặt lịch ngay hôm nay để giữ chỗ giờ đẹp nhé!",,,D:\Ảnh tóc hàn\IMG_0303.PNG
4,2026-08-28,19:08,"❓ Hỏi đáp nhanh: Bao lâu nên đi cắt tóc 1 lần? Susi Hair Studio - Chuyên Duỗi Layer khuyên bạn nên tỉa ngọn mỗi 6-8 tuần để tóc luôn gọn gàng và hạn chế chẻ ngọn.
#hoidapchamtoc #toccongso
💌 Inbox Susi Hair Studio - Chuyên Duỗi Layer để được tư vấn miễn phí!",,,D:\Ảnh tóc hàn\IMG_0304.PNG
4,2026-08-29,19:06,"🌀 Mẹo giữ nếp tóc uốn lâu hơn: hạn chế gội đầu liên tục, dùng gối lụa khi ngủ, và xịt dưỡng giữ nếp mỗi sáng — Susi Hair Studio - Chuyên Duỗi Layer luôn sẵn sàng tư vấn thêm cho bạn.
#giunepuon #meotoc
☎️ Gọi ngay hotline để đặt lịch nhanh nhất!",,,D:\Ảnh tóc hàn\IMG_0306.PNG
4,2026-08-30,19:05,"🌆 Tối thứ 6 rảnh rỗi? Ghé Susi Hair Studio - Chuyên Duỗi Layer làm mới mái tóc, chuẩn bị tinh thần thật xinh cho cuối tuần nhé!
#toithu6 #toccongso
📅 Đặt lịch trước để không phải chờ đợi khi ghé salon!",,,D:\Ảnh tóc hàn\IMG_0307.PNG
4,2026-08-31,19:04,"🙋‍♀️ Lần đầu đến Susi Hair Studio - Chuyên Duỗi Layer? Đừng ngại chia sẻ mong muốn của bạn — đội ngũ stylist sẽ tư vấn kỹ trước khi làm để đảm bảo bạn ưng ý nhất.
#landaudentiem #toccongso
💬 Nhắn tin ngay để được stylist tư vấn riêng cho bạn!",,,D:\Ảnh tóc hàn\IMG_0308.PNG
4,2026-09-01,19:08,"📝 Trước mỗi dịch vụ, Susi Hair Studio - Chuyên Duỗi Layer luôn dành thời gian tư vấn kỹ về kiểu dáng, màu sắc phù hợp với bạn — không làm vội, không qua loa.
#tuvantacnhinh #toccongso
📍 Đặt lịch ngay hôm nay để giữ chỗ giờ đẹp nhé!",,,D:\Ảnh tóc hàn\IMG_0309.PNG
4,2026-09-02,19:06,"🔥 Sấy, uốn, duỗi thường xuyên khiến tóc yếu dần. Susi Hair Studio - Chuyên Duỗi Layer gợi ý dùng xịt dưỡng chống nhiệt trước khi tạo kiểu để bảo vệ tóc tốt hơn.
#baovetoc #meotoc
💌 Inbox Susi Hair Studio - Chuyên Duỗi Layer để được tư vấn miễn phí!",,,D:\Ảnh tóc hàn\IMG_0310.PNG
4,2026-09-03,19:09,"📅 Cuối tháng bận rộn, Susi Hair Studio - Chuyên Duỗi Layer khuyên bạn nên đặt lịch sớm để giữ giờ đẹp — tránh tình trạng hết chỗ vào phút chót nhé.
#datlichsom #toccongso
☎️ Gọi ngay hotline để đặt lịch nhanh nhất!",,,D:\Ảnh tóc hàn\IMG_0311.PNG
4,2026-09-04,19:10,"💁‍♀️ Mặt tròn hợp tóc layer bồng nhẹ, mặt dài hợp mái thưa — Susi Hair Studio - Chuyên Duỗi Layer luôn tư vấn kiểu tóc tôn dáng nhất cho từng khuôn mặt.
#kieutochopmat #toccongso
📅 Đặt lịch trước để không phải chờ đợi khi ghé salon!",,,D:\Ảnh tóc hàn\New folder\IMG_0241.PNG
4,2026-09-05,19:10,"🙏 Susi Hair Studio - Chuyên Duỗi Layer xin cảm ơn tất cả khách hàng đã tin tưởng và đồng hành trong suốt tháng qua. Hẹn gặp lại các bạn ở những lần làm tóc tiếp theo nhé!
#camonkhachhang #toccongso
💬 Nhắn tin ngay để được stylist tư vấn riêng cho bạn!",,,D:\Ảnh tóc hàn\IMG_0250 2.PNG
4,2026-09-06,19:09,"🎉 Bật mí nhẹ: tháng sau Susi Hair Studio - Chuyên Duỗi Layer sẽ có ưu đãi mới cực hấp dẫn dành riêng cho khách hàng thân thiết — đón chờ nhé!
#uudaithangtoi #toccongso
📍 Đặt lịch ngay hôm nay để giữ chỗ giờ đẹp nhé!",,,D:\Ảnh tóc hàn\IMG_0281 2.PNG
4,2026-09-07,19:07,"✅ Khép lại một tháng thật nhiều mái tóc đẹp tại Susi Hair Studio - Chuyên Duỗi Layer! Cảm ơn các bạn đã ghé thăm — đặt lịch ngay hôm nay để bắt đầu tháng mới với diện mạo mới nhé.
#tongketthang #toccongso
💌 Inbox Susi Hair Studio - Chuyên Duỗi Layer để được tư vấn miễn phí!",,,D:\Ảnh tóc hàn\IMG_0286.PNG
5,2026-08-10,19:11,"💧 Mẹo nhỏ từ Susi Hair Studio - Chuyên Duỗi Tóc: gội đầu bằng nước ấm (không quá nóng), massage nhẹ da đầu 2-3 phút rồi xả bằng nước mát để tóc lên nếp và bóng mượt lâu hơn. Bạn đã thử chưa? 😉
#meochamsoctoc #toccongso
💬 Nhắn tin ngay để được stylist tư vấn riêng cho bạn!",,,D:\Ảnh tóc hàn\IMG_0287.PNG
5,2026-08-11,19:13,"⏰ Ưu đãi giờ hành chính tại Susi Hair Studio - Chuyên Duỗi Tóc: đặt lịch cắt + gội trong khung 9h-17h các ngày trong tuần để được ưu đãi đặc biệt — tranh thủ giờ nghỉ trưa làm đẹp nhé!
#uudaigiohanhchinh #tocdephangngay
📍 Đặt lịch ngay hôm nay để giữ chỗ giờ đẹp nhé!",,,D:\Ảnh tóc hàn\IMG_0288.PNG
5,2026-08-12,19:13,"✂️ Không biết chọn kiểu tóc nào hợp khuôn mặt? Đến Susi Hair Studio - Chuyên Duỗi Tóc, đội ngũ stylist sẽ tư vấn miễn phí để bạn có mái tóc vừa hợp mặt vừa dễ chăm sóc mỗi sáng đi làm.
#tuvantoccongso #kieutochopmat
💌 Inbox Susi Hair Studio - Chuyên Duỗi Tóc để được tư vấn miễn phí!",,,D:\Ảnh tóc hàn\IMG_0289.PNG
5,2026-08-13,19:12,"🕒 Bận rộn không có nhiều thời gian? Combo Cắt + Gội + Sấy tại Susi Hair Studio - Chuyên Duỗi Tóc giúp bạn có mái tóc gọn gàng chỉn chu chỉ trong một buổi, tiết kiệm thời gian tối đa cho hội chị em công sở.
#combotrongoi #toccongso
☎️ Gọi ngay hotline để đặt lịch nhanh nhất!",,,D:\Ảnh tóc hàn\IMG_0290.PNG
5,2026-08-14,19:12,"🎨 Mẹo chọn màu nhuộm từ Susi Hair Studio - Chuyên Duỗi Tóc: da vàng ấm hợp tông nâu hạt dẻ, nâu socola; da trắng hồng hợp tông khói, tro lạnh. Bạn thuộc tông da nào? Inbox để được tư vấn màu phù hợp nhé!
#tuvanmaunhuom #nhuomtoc
📅 Đặt lịch trước để không phải chờ đợi khi ghé salon!",,,D:\Ảnh tóc hàn\IMG_0291.PNG
5,2026-08-15,19:12,"🌤️ Cuối tuần rảnh rỗi, ghé Susi Hair Studio - Chuyên Duỗi Tóc làm mới mái tóc cho tuần mới thật xinh! Đặt lịch trước để không phải chờ đợi nhé.
#cuoituanlamtoc #toccongso
💬 Nhắn tin ngay để được stylist tư vấn riêng cho bạn!",,,D:\Ảnh tóc hàn\IMG_0292.PNG
5,2026-08-16,19:10,"💆‍♀️ Tóc uốn/duỗi dễ mất nếp nếu chăm sai cách. Susi Hair Studio - Chuyên Duỗi Tóc mách bạn: hạn chế cột tóc chặt, dùng lược răng thưa, ủ dưỡng 1 lần/tuần để nếp tóc bền đẹp lâu hơn.
#chamsoctocuon #meotoc
📍 Đặt lịch ngay hôm nay để giữ chỗ giờ đẹp nhé!",,,D:\Ảnh tóc hàn\IMG_0293.PNG
5,2026-08-17,19:09,"👩‍🎨 Đội ngũ stylist tại Susi Hair Studio - Chuyên Duỗi Tóc luôn cập nhật xu hướng mới, tận tâm tư vấn để mỗi khách hàng đều hài lòng khi rời salon. Đến trải nghiệm để cảm nhận sự khác biệt nhé!
#stylistchuyennghiep #toccongso
💌 Inbox Susi Hair Studio - Chuyên Duỗi Tóc để được tư vấn miễn phí!",,,D:\Ảnh tóc hàn\IMG_0294.PNG
5,2026-08-18,19:13,"✨ Uốn lơi, nhuộm balayage đang là xu hướng được các nàng công sở yêu thích tại Susi Hair Studio - Chuyên Duỗi Tóc — vừa sang trọng vừa dễ phối đồ đi làm mỗi ngày.
#trenduoc #uonlogia
☎️ Gọi ngay hotline để đặt lịch nhanh nhất!",,,D:\Ảnh tóc hàn\IMG_0295.PNG
5,2026-08-19,19:07,"🎁 Giới thiệu bạn bè đến Susi Hair Studio - Chuyên Duỗi Tóc — cả bạn và người được giới thiệu đều nhận ưu đãi hấp dẫn khi làm tóc. Rủ ngay hội chị em công sở của bạn nhé!
#gioithieubanbe #uudai
📅 Đặt lịch trước để không phải chờ đợi khi ghé salon!",,,D:\Ảnh tóc hàn\IMG_0296.PNG
5,2026-08-20,19:11,"🧴 Tóc khô xơ vì máy sấy, hoá chất? Susi Hair Studio - Chuyên Duỗi Tóc có liệu trình ủ phục hồi chuyên sâu chỉ 15-20 phút, giúp tóc mềm mượt trở lại nhanh chóng.
#uphuchoi #toccongso
💬 Nhắn tin ngay để được stylist tư vấn riêng cho bạn!",,,D:\Ảnh tóc hàn\IMG_0297.PNG
5,2026-08-21,19:10,"⚡ Flash sale hôm nay tại Susi Hair Studio - Chuyên Duỗi Tóc — ưu đãi chỉ trong 1 ngày, nhanh tay đặt lịch trước khi hết chỗ nhé!
#flashsale #uudaihomnay
📍 Đặt lịch ngay hôm nay để giữ chỗ giờ đẹp nhé!",,,D:\Ảnh tóc hàn\IMG_0298.PNG
5,2026-08-22,19:08,"💬 ""Lần đầu đến Susi Hair Studio - Chuyên Duỗi Tóc mà ưng ý ngay từ lần cắt đầu tiên, các bạn stylist tư vấn rất nhiệt tình"" — đó là chia sẻ của một khách hàng thân thiết. Cảm ơn bạn đã tin tưởng!
#khachhangnoigi #toccongso
💌 Inbox Susi Hair Studio - Chuyên Duỗi Tóc để được tư vấn miễn phí!",,,D:\Ảnh tóc hàn\IMG_0299.PNG
5,2026-08-23,19:12,"🧴 Susi Hair Studio - Chuyên Duỗi Tóc đang sử dụng dòng sản phẩm gội dưỡng chuyên sâu, an toàn cho tóc nhuộm/uốn, giúp tóc chắc khoẻ và lên màu chuẩn lâu hơn.
#sanphamduongtoc #toccongso
☎️ Gọi ngay hotline để đặt lịch nhanh nhất!",,,D:\Ảnh tóc hàn\IMG_0300.PNG
5,2026-08-24,19:14,"🩹 Tóc hư tổn nặng do nhuộm/duỗi nhiều lần? Susi Hair Studio - Chuyên Duỗi Tóc có liệu trình phục hồi chuyên sâu theo từng cấp độ hư tổn — tư vấn miễn phí trước khi làm.
#phuchoitoc #toccongso
📅 Đặt lịch trước để không phải chờ đợi khi ghé salon!",,,D:\Ảnh tóc hàn\IMG_0301.PNG
5,2026-08-25,19:13,"⏱️ Mẹo tạo kiểu 5 phút mỗi sáng từ Susi Hair Studio - Chuyên Duỗi Tóc: sấy tóc theo chiều từ gốc xuống ngọn, dùng lược tròn tạo phồng nhẹ ở chân tóc — chuẩn bị đi làm nhanh gọn mà vẫn xinh.
#taokieunhanh #meotoc
💬 Nhắn tin ngay để được stylist tư vấn riêng cho bạn!",,,D:\Ảnh tóc hàn\IMG_0302.PNG
5,2026-08-26,19:13,"📱 Đặt lịch trước qua Zalo/inbox Susi Hair Studio - Chuyên Duỗi Tóc để được giữ giờ đẹp và không phải chờ đợi khi đến salon — tiện lợi cho lịch trình bận rộn của bạn.
#datlichtruoc #toccongso
📍 Đặt lịch ngay hôm nay để giữ chỗ giờ đẹp nhé!",,,D:\Ảnh tóc hàn\IMG_0303.PNG
5,2026-08-27,19:12,"☕ Susi Hair Studio - Chuyên Duỗi Tóc không chỉ là nơi làm tóc mà còn là góc thư giãn lý tưởng cho giờ nghỉ trưa — ghé qua nhâm nhi trà, làm đẹp và nạp lại năng lượng cho buổi chiều làm việc.
#khonggianthugian #toccongso
💌 Inbox Susi Hair Studio - Chuyên Duỗi Tóc để được tư vấn miễn phí!",,,D:\Ảnh tóc hàn\IMG_0304.PNG
5,2026-08-28,19:12,"❓ Hỏi đáp nhanh: Bao lâu nên đi cắt tóc 1 lần? Susi Hair Studio - Chuyên Duỗi Tóc khuyên bạn nên tỉa ngọn mỗi 6-8 tuần để tóc luôn gọn gàng và hạn chế chẻ ngọn.
#hoidapchamtoc #toccongso
☎️ Gọi ngay hotline để đặt lịch nhanh nhất!",,,D:\Ảnh tóc hàn\IMG_0306.PNG
5,2026-08-29,19:12,"🌀 Mẹo giữ nếp tóc uốn lâu hơn: hạn chế gội đầu liên tục, dùng gối lụa khi ngủ, và xịt dưỡng giữ nếp mỗi sáng — Susi Hair Studio - Chuyên Duỗi Tóc luôn sẵn sàng tư vấn thêm cho bạn.
#giunepuon #meotoc
📅 Đặt lịch trước để không phải chờ đợi khi ghé salon!",,,D:\Ảnh tóc hàn\IMG_0307.PNG
5,2026-08-30,19:14,"🌆 Tối thứ 6 rảnh rỗi? Ghé Susi Hair Studio - Chuyên Duỗi Tóc làm mới mái tóc, chuẩn bị tinh thần thật xinh cho cuối tuần nhé!
#toithu6 #toccongso
💬 Nhắn tin ngay để được stylist tư vấn riêng cho bạn!",,,D:\Ảnh tóc hàn\IMG_0308.PNG
5,2026-08-31,19:11,"🙋‍♀️ Lần đầu đến Susi Hair Studio - Chuyên Duỗi Tóc? Đừng ngại chia sẻ mong muốn của bạn — đội ngũ stylist sẽ tư vấn kỹ trước khi làm để đảm bảo bạn ưng ý nhất.
#landaudentiem #toccongso
📍 Đặt lịch ngay hôm nay để giữ chỗ giờ đẹp nhé!",,,D:\Ảnh tóc hàn\IMG_0309.PNG
5,2026-09-01,19:12,"📝 Trước mỗi dịch vụ, Susi Hair Studio - Chuyên Duỗi Tóc luôn dành thời gian tư vấn kỹ về kiểu dáng, màu sắc phù hợp với bạn — không làm vội, không qua loa.
#tuvantacnhinh #toccongso
💌 Inbox Susi Hair Studio - Chuyên Duỗi Tóc để được tư vấn miễn phí!",,,D:\Ảnh tóc hàn\IMG_0310.PNG
5,2026-09-02,19:09,"🔥 Sấy, uốn, duỗi thường xuyên khiến tóc yếu dần. Susi Hair Studio - Chuyên Duỗi Tóc gợi ý dùng xịt dưỡng chống nhiệt trước khi tạo kiểu để bảo vệ tóc tốt hơn.
#baovetoc #meotoc
☎️ Gọi ngay hotline để đặt lịch nhanh nhất!",,,D:\Ảnh tóc hàn\IMG_0311.PNG
5,2026-09-03,19:14,"📅 Cuối tháng bận rộn, Susi Hair Studio - Chuyên Duỗi Tóc khuyên bạn nên đặt lịch sớm để giữ giờ đẹp — tránh tình trạng hết chỗ vào phút chót nhé.
#datlichsom #toccongso
📅 Đặt lịch trước để không phải chờ đợi khi ghé salon!",,,D:\Ảnh tóc hàn\New folder\IMG_0241.PNG
5,2026-09-04,19:11,"💁‍♀️ Mặt tròn hợp tóc layer bồng nhẹ, mặt dài hợp mái thưa — Susi Hair Studio - Chuyên Duỗi Tóc luôn tư vấn kiểu tóc tôn dáng nhất cho từng khuôn mặt.
#kieutochopmat #toccongso
💬 Nhắn tin ngay để được stylist tư vấn riêng cho bạn!",,,D:\Ảnh tóc hàn\IMG_0250 2.PNG
5,2026-09-05,19:14,"🙏 Susi Hair Studio - Chuyên Duỗi Tóc xin cảm ơn tất cả khách hàng đã tin tưởng và đồng hành trong suốt tháng qua. Hẹn gặp lại các bạn ở những lần làm tóc tiếp theo nhé!
#camonkhachhang #toccongso
📍 Đặt lịch ngay hôm nay để giữ chỗ giờ đẹp nhé!",,,D:\Ảnh tóc hàn\IMG_0281 2.PNG
5,2026-09-06,19:12,"🎉 Bật mí nhẹ: tháng sau Susi Hair Studio - Chuyên Duỗi Tóc sẽ có ưu đãi mới cực hấp dẫn dành riêng cho khách hàng thân thiết — đón chờ nhé!
#uudaithangtoi #toccongso
💌 Inbox Susi Hair Studio - Chuyên Duỗi Tóc để được tư vấn miễn phí!",,,D:\Ảnh tóc hàn\IMG_0286.PNG
5,2026-09-07,19:15,"✅ Khép lại một tháng thật nhiều mái tóc đẹp tại Susi Hair Studio - Chuyên Duỗi Tóc! Cảm ơn các bạn đã ghé thăm — đặt lịch ngay hôm nay để bắt đầu tháng mới với diện mạo mới nhé.
#tongketthang #toccongso
☎️ Gọi ngay hotline để đặt lịch nhanh nhất!",,,D:\Ảnh tóc hàn\IMG_0287.PNG
6,2026-08-10,19:10,"💧 Mẹo nhỏ từ Susi Hair Salon: gội đầu bằng nước ấm (không quá nóng), massage nhẹ da đầu 2-3 phút rồi xả bằng nước mát để tóc lên nếp và bóng mượt lâu hơn. Bạn đã thử chưa? 😉
#meochamsoctoc #toccongso
📍 Đặt lịch ngay hôm nay để giữ chỗ giờ đẹp nhé!",,,D:\Ảnh tóc hàn\IMG_0288.PNG
6,2026-08-11,19:18,"⏰ Ưu đãi giờ hành chính tại Susi Hair Salon: đặt lịch cắt + gội trong khung 9h-17h các ngày trong tuần để được ưu đãi đặc biệt — tranh thủ giờ nghỉ trưa làm đẹp nhé!
#uudaigiohanhchinh #tocdephangngay
💌 Inbox Susi Hair Salon để được tư vấn miễn phí!",,,D:\Ảnh tóc hàn\IMG_0289.PNG
6,2026-08-12,19:11,"✂️ Không biết chọn kiểu tóc nào hợp khuôn mặt? Đến Susi Hair Salon, đội ngũ stylist sẽ tư vấn miễn phí để bạn có mái tóc vừa hợp mặt vừa dễ chăm sóc mỗi sáng đi làm.
#tuvantoccongso #kieutochopmat
☎️ Gọi ngay hotline để đặt lịch nhanh nhất!",,,D:\Ảnh tóc hàn\IMG_0290.PNG
6,2026-08-13,19:13,"🕒 Bận rộn không có nhiều thời gian? Combo Cắt + Gội + Sấy tại Susi Hair Salon giúp bạn có mái tóc gọn gàng chỉn chu chỉ trong một buổi, tiết kiệm thời gian tối đa cho hội chị em công sở.
#combotrongoi #toccongso
📅 Đặt lịch trước để không phải chờ đợi khi ghé salon!",,,D:\Ảnh tóc hàn\IMG_0291.PNG
6,2026-08-14,19:13,"🎨 Mẹo chọn màu nhuộm từ Susi Hair Salon: da vàng ấm hợp tông nâu hạt dẻ, nâu socola; da trắng hồng hợp tông khói, tro lạnh. Bạn thuộc tông da nào? Inbox để được tư vấn màu phù hợp nhé!
#tuvanmaunhuom #nhuomtoc
💬 Nhắn tin ngay để được stylist tư vấn riêng cho bạn!",,,D:\Ảnh tóc hàn\IMG_0292.PNG
6,2026-08-15,19:16,"🌤️ Cuối tuần rảnh rỗi, ghé Susi Hair Salon làm mới mái tóc cho tuần mới thật xinh! Đặt lịch trước để không phải chờ đợi nhé.
#cuoituanlamtoc #toccongso
📍 Đặt lịch ngay hôm nay để giữ chỗ giờ đẹp nhé!",,,D:\Ảnh tóc hàn\IMG_0293.PNG
6,2026-08-16,19:18,"💆‍♀️ Tóc uốn/duỗi dễ mất nếp nếu chăm sai cách. Susi Hair Salon mách bạn: hạn chế cột tóc chặt, dùng lược răng thưa, ủ dưỡng 1 lần/tuần để nếp tóc bền đẹp lâu hơn.
#chamsoctocuon #meotoc
💌 Inbox Susi Hair Salon để được tư vấn miễn phí!",,,D:\Ảnh tóc hàn\IMG_0294.PNG
6,2026-08-17,19:13,"👩‍🎨 Đội ngũ stylist tại Susi Hair Salon luôn cập nhật xu hướng mới, tận tâm tư vấn để mỗi khách hàng đều hài lòng khi rời salon. Đến trải nghiệm để cảm nhận sự khác biệt nhé!
#stylistchuyennghiep #toccongso
☎️ Gọi ngay hotline để đặt lịch nhanh nhất!",,,D:\Ảnh tóc hàn\IMG_0295.PNG
6,2026-08-18,19:17,"✨ Uốn lơi, nhuộm balayage đang là xu hướng được các nàng công sở yêu thích tại Susi Hair Salon — vừa sang trọng vừa dễ phối đồ đi làm mỗi ngày.
#trenduoc #uonlogia
📅 Đặt lịch trước để không phải chờ đợi khi ghé salon!",,,D:\Ảnh tóc hàn\IMG_0296.PNG
6,2026-08-19,19:16,"🎁 Giới thiệu bạn bè đến Susi Hair Salon — cả bạn và người được giới thiệu đều nhận ưu đãi hấp dẫn khi làm tóc. Rủ ngay hội chị em công sở của bạn nhé!
#gioithieubanbe #uudai
💬 Nhắn tin ngay để được stylist tư vấn riêng cho bạn!",,,D:\Ảnh tóc hàn\IMG_0297.PNG
6,2026-08-20,19:17,"🧴 Tóc khô xơ vì máy sấy, hoá chất? Susi Hair Salon có liệu trình ủ phục hồi chuyên sâu chỉ 15-20 phút, giúp tóc mềm mượt trở lại nhanh chóng.
#uphuchoi #toccongso
📍 Đặt lịch ngay hôm nay để giữ chỗ giờ đẹp nhé!",,,D:\Ảnh tóc hàn\IMG_0298.PNG
6,2026-08-21,19:12,"⚡ Flash sale hôm nay tại Susi Hair Salon — ưu đãi chỉ trong 1 ngày, nhanh tay đặt lịch trước khi hết chỗ nhé!
#flashsale #uudaihomnay
💌 Inbox Susi Hair Salon để được tư vấn miễn phí!",,,D:\Ảnh tóc hàn\IMG_0299.PNG
6,2026-08-22,19:13,"💬 ""Lần đầu đến Susi Hair Salon mà ưng ý ngay từ lần cắt đầu tiên, các bạn stylist tư vấn rất nhiệt tình"" — đó là chia sẻ của một khách hàng thân thiết. Cảm ơn bạn đã tin tưởng!
#khachhangnoigi #toccongso
☎️ Gọi ngay hotline để đặt lịch nhanh nhất!",,,D:\Ảnh tóc hàn\IMG_0300.PNG
6,2026-08-23,19:14,"🧴 Susi Hair Salon đang sử dụng dòng sản phẩm gội dưỡng chuyên sâu, an toàn cho tóc nhuộm/uốn, giúp tóc chắc khoẻ và lên màu chuẩn lâu hơn.
#sanphamduongtoc #toccongso
📅 Đặt lịch trước để không phải chờ đợi khi ghé salon!",,,D:\Ảnh tóc hàn\IMG_0301.PNG
6,2026-08-24,19:12,"🩹 Tóc hư tổn nặng do nhuộm/duỗi nhiều lần? Susi Hair Salon có liệu trình phục hồi chuyên sâu theo từng cấp độ hư tổn — tư vấn miễn phí trước khi làm.
#phuchoitoc #toccongso
💬 Nhắn tin ngay để được stylist tư vấn riêng cho bạn!",,,D:\Ảnh tóc hàn\IMG_0302.PNG
6,2026-08-25,19:15,"⏱️ Mẹo tạo kiểu 5 phút mỗi sáng từ Susi Hair Salon: sấy tóc theo chiều từ gốc xuống ngọn, dùng lược tròn tạo phồng nhẹ ở chân tóc — chuẩn bị đi làm nhanh gọn mà vẫn xinh.
#taokieunhanh #meotoc
📍 Đặt lịch ngay hôm nay để giữ chỗ giờ đẹp nhé!",,,D:\Ảnh tóc hàn\IMG_0303.PNG
6,2026-08-26,19:14,"📱 Đặt lịch trước qua Zalo/inbox Susi Hair Salon để được giữ giờ đẹp và không phải chờ đợi khi đến salon — tiện lợi cho lịch trình bận rộn của bạn.
#datlichtruoc #toccongso
💌 Inbox Susi Hair Salon để được tư vấn miễn phí!",,,D:\Ảnh tóc hàn\IMG_0304.PNG
6,2026-08-27,19:18,"☕ Susi Hair Salon không chỉ là nơi làm tóc mà còn là góc thư giãn lý tưởng cho giờ nghỉ trưa — ghé qua nhâm nhi trà, làm đẹp và nạp lại năng lượng cho buổi chiều làm việc.
#khonggianthugian #toccongso
☎️ Gọi ngay hotline để đặt lịch nhanh nhất!",,,D:\Ảnh tóc hàn\IMG_0306.PNG
6,2026-08-28,19:13,"❓ Hỏi đáp nhanh: Bao lâu nên đi cắt tóc 1 lần? Susi Hair Salon khuyên bạn nên tỉa ngọn mỗi 6-8 tuần để tóc luôn gọn gàng và hạn chế chẻ ngọn.
#hoidapchamtoc #toccongso
📅 Đặt lịch trước để không phải chờ đợi khi ghé salon!",,,D:\Ảnh tóc hàn\IMG_0307.PNG
6,2026-08-29,19:17,"🌀 Mẹo giữ nếp tóc uốn lâu hơn: hạn chế gội đầu liên tục, dùng gối lụa khi ngủ, và xịt dưỡng giữ nếp mỗi sáng — Susi Hair Salon luôn sẵn sàng tư vấn thêm cho bạn.
#giunepuon #meotoc
💬 Nhắn tin ngay để được stylist tư vấn riêng cho bạn!",,,D:\Ảnh tóc hàn\IMG_0308.PNG
6,2026-08-30,19:12,"🌆 Tối thứ 6 rảnh rỗi? Ghé Susi Hair Salon làm mới mái tóc, chuẩn bị tinh thần thật xinh cho cuối tuần nhé!
#toithu6 #toccongso
📍 Đặt lịch ngay hôm nay để giữ chỗ giờ đẹp nhé!",,,D:\Ảnh tóc hàn\IMG_0309.PNG
6,2026-08-31,19:12,"🙋‍♀️ Lần đầu đến Susi Hair Salon? Đừng ngại chia sẻ mong muốn của bạn — đội ngũ stylist sẽ tư vấn kỹ trước khi làm để đảm bảo bạn ưng ý nhất.
#landaudentiem #toccongso
💌 Inbox Susi Hair Salon để được tư vấn miễn phí!",,,D:\Ảnh tóc hàn\IMG_0310.PNG
6,2026-09-01,19:16,"📝 Trước mỗi dịch vụ, Susi Hair Salon luôn dành thời gian tư vấn kỹ về kiểu dáng, màu sắc phù hợp với bạn — không làm vội, không qua loa.
#tuvantacnhinh #toccongso
☎️ Gọi ngay hotline để đặt lịch nhanh nhất!",,,D:\Ảnh tóc hàn\IMG_0311.PNG
6,2026-09-02,19:17,"🔥 Sấy, uốn, duỗi thường xuyên khiến tóc yếu dần. Susi Hair Salon gợi ý dùng xịt dưỡng chống nhiệt trước khi tạo kiểu để bảo vệ tóc tốt hơn.
#baovetoc #meotoc
📅 Đặt lịch trước để không phải chờ đợi khi ghé salon!",,,D:\Ảnh tóc hàn\New folder\IMG_0241.PNG
6,2026-09-03,19:14,"📅 Cuối tháng bận rộn, Susi Hair Salon khuyên bạn nên đặt lịch sớm để giữ giờ đẹp — tránh tình trạng hết chỗ vào phút chót nhé.
#datlichsom #toccongso
💬 Nhắn tin ngay để được stylist tư vấn riêng cho bạn!",,,D:\Ảnh tóc hàn\IMG_0250 2.PNG
6,2026-09-04,19:11,"💁‍♀️ Mặt tròn hợp tóc layer bồng nhẹ, mặt dài hợp mái thưa — Susi Hair Salon luôn tư vấn kiểu tóc tôn dáng nhất cho từng khuôn mặt.
#kieutochopmat #toccongso
📍 Đặt lịch ngay hôm nay để giữ chỗ giờ đẹp nhé!",,,D:\Ảnh tóc hàn\IMG_0281 2.PNG
6,2026-09-05,19:14,"🙏 Susi Hair Salon xin cảm ơn tất cả khách hàng đã tin tưởng và đồng hành trong suốt tháng qua. Hẹn gặp lại các bạn ở những lần làm tóc tiếp theo nhé!
#camonkhachhang #toccongso
💌 Inbox Susi Hair Salon để được tư vấn miễn phí!",,,D:\Ảnh tóc hàn\IMG_0286.PNG
6,2026-09-06,19:17,"🎉 Bật mí nhẹ: tháng sau Susi Hair Salon sẽ có ưu đãi mới cực hấp dẫn dành riêng cho khách hàng thân thiết — đón chờ nhé!
#uudaithangtoi #toccongso
☎️ Gọi ngay hotline để đặt lịch nhanh nhất!",,,D:\Ảnh tóc hàn\IMG_0287.PNG
6,2026-09-07,19:16,"✅ Khép lại một tháng thật nhiều mái tóc đẹp tại Susi Hair Salon! Cảm ơn các bạn đã ghé thăm — đặt lịch ngay hôm nay để bắt đầu tháng mới với diện mạo mới nhé.
#tongketthang #toccongso
📅 Đặt lịch trước để không phải chờ đợi khi ghé salon!",,,D:\Ảnh tóc hàn\IMG_0288.PNG
7,2026-08-10,19:22,"💧 Mẹo nhỏ từ SUSI Hair & Beauty: gội đầu bằng nước ấm (không quá nóng), massage nhẹ da đầu 2-3 phút rồi xả bằng nước mát để tóc lên nếp và bóng mượt lâu hơn. Bạn đã thử chưa? 😉
#meochamsoctoc #toccongso
💌 Inbox SUSI Hair & Beauty để được tư vấn miễn phí!",,,D:\Ảnh tóc hàn\IMG_0289.PNG
7,2026-08-11,19:21,"⏰ Ưu đãi giờ hành chính tại SUSI Hair & Beauty: đặt lịch cắt + gội trong khung 9h-17h các ngày trong tuần để được ưu đãi đặc biệt — tranh thủ giờ nghỉ trưa làm đẹp nhé!
#uudaigiohanhchinh #tocdephangngay
☎️ Gọi ngay hotline để đặt lịch nhanh nhất!",,,D:\Ảnh tóc hàn\IMG_0290.PNG
7,2026-08-12,19:17,"✂️ Không biết chọn kiểu tóc nào hợp khuôn mặt? Đến SUSI Hair & Beauty, đội ngũ stylist sẽ tư vấn miễn phí để bạn có mái tóc vừa hợp mặt vừa dễ chăm sóc mỗi sáng đi làm.
#tuvantoccongso #kieutochopmat
📅 Đặt lịch trước để không phải chờ đợi khi ghé salon!",,,D:\Ảnh tóc hàn\IMG_0291.PNG
7,2026-08-13,19:17,"🕒 Bận rộn không có nhiều thời gian? Combo Cắt + Gội + Sấy tại SUSI Hair & Beauty giúp bạn có mái tóc gọn gàng chỉn chu chỉ trong một buổi, tiết kiệm thời gian tối đa cho hội chị em công sở.
#combotrongoi #toccongso
💬 Nhắn tin ngay để được stylist tư vấn riêng cho bạn!",,,D:\Ảnh tóc hàn\IMG_0292.PNG
7,2026-08-14,19:18,"🎨 Mẹo chọn màu nhuộm từ SUSI Hair & Beauty: da vàng ấm hợp tông nâu hạt dẻ, nâu socola; da trắng hồng hợp tông khói, tro lạnh. Bạn thuộc tông da nào? Inbox để được tư vấn màu phù hợp nhé!
#tuvanmaunhuom #nhuomtoc
📍 Đặt lịch ngay hôm nay để giữ chỗ giờ đẹp nhé!",,,D:\Ảnh tóc hàn\IMG_0293.PNG
7,2026-08-15,19:16,"🌤️ Cuối tuần rảnh rỗi, ghé SUSI Hair & Beauty làm mới mái tóc cho tuần mới thật xinh! Đặt lịch trước để không phải chờ đợi nhé.
#cuoituanlamtoc #toccongso
💌 Inbox SUSI Hair & Beauty để được tư vấn miễn phí!",,,D:\Ảnh tóc hàn\IMG_0294.PNG
7,2026-08-16,19:20,"💆‍♀️ Tóc uốn/duỗi dễ mất nếp nếu chăm sai cách. SUSI Hair & Beauty mách bạn: hạn chế cột tóc chặt, dùng lược răng thưa, ủ dưỡng 1 lần/tuần để nếp tóc bền đẹp lâu hơn.
#chamsoctocuon #meotoc
☎️ Gọi ngay hotline để đặt lịch nhanh nhất!",,,D:\Ảnh tóc hàn\IMG_0295.PNG
7,2026-08-17,19:18,"👩‍🎨 Đội ngũ stylist tại SUSI Hair & Beauty luôn cập nhật xu hướng mới, tận tâm tư vấn để mỗi khách hàng đều hài lòng khi rời salon. Đến trải nghiệm để cảm nhận sự khác biệt nhé!
#stylistchuyennghiep #toccongso
📅 Đặt lịch trước để không phải chờ đợi khi ghé salon!",,,D:\Ảnh tóc hàn\IMG_0296.PNG
7,2026-08-18,19:19,"✨ Uốn lơi, nhuộm balayage đang là xu hướng được các nàng công sở yêu thích tại SUSI Hair & Beauty — vừa sang trọng vừa dễ phối đồ đi làm mỗi ngày.
#trenduoc #uonlogia
💬 Nhắn tin ngay để được stylist tư vấn riêng cho bạn!",,,D:\Ảnh tóc hàn\IMG_0297.PNG
7,2026-08-19,19:20,"🎁 Giới thiệu bạn bè đến SUSI Hair & Beauty — cả bạn và người được giới thiệu đều nhận ưu đãi hấp dẫn khi làm tóc. Rủ ngay hội chị em công sở của bạn nhé!
#gioithieubanbe #uudai
📍 Đặt lịch ngay hôm nay để giữ chỗ giờ đẹp nhé!",,,D:\Ảnh tóc hàn\IMG_0298.PNG
7,2026-08-20,19:14,"🧴 Tóc khô xơ vì máy sấy, hoá chất? SUSI Hair & Beauty có liệu trình ủ phục hồi chuyên sâu chỉ 15-20 phút, giúp tóc mềm mượt trở lại nhanh chóng.
#uphuchoi #toccongso
💌 Inbox SUSI Hair & Beauty để được tư vấn miễn phí!",,,D:\Ảnh tóc hàn\IMG_0299.PNG
7,2026-08-21,19:17,"⚡ Flash sale hôm nay tại SUSI Hair & Beauty — ưu đãi chỉ trong 1 ngày, nhanh tay đặt lịch trước khi hết chỗ nhé!
#flashsale #uudaihomnay
☎️ Gọi ngay hotline để đặt lịch nhanh nhất!",,,D:\Ảnh tóc hàn\IMG_0300.PNG
7,2026-08-22,19:17,"💬 ""Lần đầu đến SUSI Hair & Beauty mà ưng ý ngay từ lần cắt đầu tiên, các bạn stylist tư vấn rất nhiệt tình"" — đó là chia sẻ của một khách hàng thân thiết. Cảm ơn bạn đã tin tưởng!
#khachhangnoigi #toccongso
📅 Đặt lịch trước để không phải chờ đợi khi ghé salon!",,,D:\Ảnh tóc hàn\IMG_0301.PNG
7,2026-08-23,19:20,"🧴 SUSI Hair & Beauty đang sử dụng dòng sản phẩm gội dưỡng chuyên sâu, an toàn cho tóc nhuộm/uốn, giúp tóc chắc khoẻ và lên màu chuẩn lâu hơn.
#sanphamduongtoc #toccongso
💬 Nhắn tin ngay để được stylist tư vấn riêng cho bạn!",,,D:\Ảnh tóc hàn\IMG_0302.PNG
7,2026-08-24,19:19,"🩹 Tóc hư tổn nặng do nhuộm/duỗi nhiều lần? SUSI Hair & Beauty có liệu trình phục hồi chuyên sâu theo từng cấp độ hư tổn — tư vấn miễn phí trước khi làm.
#phuchoitoc #toccongso
📍 Đặt lịch ngay hôm nay để giữ chỗ giờ đẹp nhé!",,,D:\Ảnh tóc hàn\IMG_0303.PNG
7,2026-08-25,19:17,"⏱️ Mẹo tạo kiểu 5 phút mỗi sáng từ SUSI Hair & Beauty: sấy tóc theo chiều từ gốc xuống ngọn, dùng lược tròn tạo phồng nhẹ ở chân tóc — chuẩn bị đi làm nhanh gọn mà vẫn xinh.
#taokieunhanh #meotoc
💌 Inbox SUSI Hair & Beauty để được tư vấn miễn phí!",,,D:\Ảnh tóc hàn\IMG_0304.PNG
7,2026-08-26,19:17,"📱 Đặt lịch trước qua Zalo/inbox SUSI Hair & Beauty để được giữ giờ đẹp và không phải chờ đợi khi đến salon — tiện lợi cho lịch trình bận rộn của bạn.
#datlichtruoc #toccongso
☎️ Gọi ngay hotline để đặt lịch nhanh nhất!",,,D:\Ảnh tóc hàn\IMG_0306.PNG
7,2026-08-27,19:19,"☕ SUSI Hair & Beauty không chỉ là nơi làm tóc mà còn là góc thư giãn lý tưởng cho giờ nghỉ trưa — ghé qua nhâm nhi trà, làm đẹp và nạp lại năng lượng cho buổi chiều làm việc.
#khonggianthugian #toccongso
📅 Đặt lịch trước để không phải chờ đợi khi ghé salon!",,,D:\Ảnh tóc hàn\IMG_0307.PNG
7,2026-08-28,19:15,"❓ Hỏi đáp nhanh: Bao lâu nên đi cắt tóc 1 lần? SUSI Hair & Beauty khuyên bạn nên tỉa ngọn mỗi 6-8 tuần để tóc luôn gọn gàng và hạn chế chẻ ngọn.
#hoidapchamtoc #toccongso
💬 Nhắn tin ngay để được stylist tư vấn riêng cho bạn!",,,D:\Ảnh tóc hàn\IMG_0308.PNG
7,2026-08-29,19:19,"🌀 Mẹo giữ nếp tóc uốn lâu hơn: hạn chế gội đầu liên tục, dùng gối lụa khi ngủ, và xịt dưỡng giữ nếp mỗi sáng — SUSI Hair & Beauty luôn sẵn sàng tư vấn thêm cho bạn.
#giunepuon #meotoc
📍 Đặt lịch ngay hôm nay để giữ chỗ giờ đẹp nhé!",,,D:\Ảnh tóc hàn\IMG_0309.PNG
7,2026-08-30,19:18,"🌆 Tối thứ 6 rảnh rỗi? Ghé SUSI Hair & Beauty làm mới mái tóc, chuẩn bị tinh thần thật xinh cho cuối tuần nhé!
#toithu6 #toccongso
💌 Inbox SUSI Hair & Beauty để được tư vấn miễn phí!",,,D:\Ảnh tóc hàn\IMG_0310.PNG
7,2026-08-31,19:19,"🙋‍♀️ Lần đầu đến SUSI Hair & Beauty? Đừng ngại chia sẻ mong muốn của bạn — đội ngũ stylist sẽ tư vấn kỹ trước khi làm để đảm bảo bạn ưng ý nhất.
#landaudentiem #toccongso
☎️ Gọi ngay hotline để đặt lịch nhanh nhất!",,,D:\Ảnh tóc hàn\IMG_0311.PNG
7,2026-09-01,19:21,"📝 Trước mỗi dịch vụ, SUSI Hair & Beauty luôn dành thời gian tư vấn kỹ về kiểu dáng, màu sắc phù hợp với bạn — không làm vội, không qua loa.
#tuvantacnhinh #toccongso
📅 Đặt lịch trước để không phải chờ đợi khi ghé salon!",,,D:\Ảnh tóc hàn\New folder\IMG_0241.PNG
7,2026-09-02,19:14,"🔥 Sấy, uốn, duỗi thường xuyên khiến tóc yếu dần. SUSI Hair & Beauty gợi ý dùng xịt dưỡng chống nhiệt trước khi tạo kiểu để bảo vệ tóc tốt hơn.
#baovetoc #meotoc
💬 Nhắn tin ngay để được stylist tư vấn riêng cho bạn!",,,D:\Ảnh tóc hàn\IMG_0250 2.PNG
7,2026-09-03,19:15,"📅 Cuối tháng bận rộn, SUSI Hair & Beauty khuyên bạn nên đặt lịch sớm để giữ giờ đẹp — tránh tình trạng hết chỗ vào phút chót nhé.
#datlichsom #toccongso
📍 Đặt lịch ngay hôm nay để giữ chỗ giờ đẹp nhé!",,,D:\Ảnh tóc hàn\IMG_0281 2.PNG
7,2026-09-04,19:15,"💁‍♀️ Mặt tròn hợp tóc layer bồng nhẹ, mặt dài hợp mái thưa — SUSI Hair & Beauty luôn tư vấn kiểu tóc tôn dáng nhất cho từng khuôn mặt.
#kieutochopmat #toccongso
💌 Inbox SUSI Hair & Beauty để được tư vấn miễn phí!",,,D:\Ảnh tóc hàn\IMG_0286.PNG
7,2026-09-05,19:16,"🙏 SUSI Hair & Beauty xin cảm ơn tất cả khách hàng đã tin tưởng và đồng hành trong suốt tháng qua. Hẹn gặp lại các bạn ở những lần làm tóc tiếp theo nhé!
#camonkhachhang #toccongso
☎️ Gọi ngay hotline để đặt lịch nhanh nhất!",,,D:\Ảnh tóc hàn\IMG_0287.PNG
7,2026-09-06,19:15,"🎉 Bật mí nhẹ: tháng sau SUSI Hair & Beauty sẽ có ưu đãi mới cực hấp dẫn dành riêng cho khách hàng thân thiết — đón chờ nhé!
#uudaithangtoi #toccongso
📅 Đặt lịch trước để không phải chờ đợi khi ghé salon!",,,D:\Ảnh tóc hàn\IMG_0288.PNG
7,2026-09-07,19:21,"✅ Khép lại một tháng thật nhiều mái tóc đẹp tại SUSI Hair & Beauty! Cảm ơn các bạn đã ghé thăm — đặt lịch ngay hôm nay để bắt đầu tháng mới với diện mạo mới nhé.
#tongketthang #toccongso
💬 Nhắn tin ngay để được stylist tư vấn riêng cho bạn!",,,D:\Ảnh tóc hàn\IMG_0289.PNG
8,2026-08-10,19:19,"💇‍♂️ Chưa biết chọn kiểu tóc nào phù hợp môi trường công sở? Lê Quang Anh Nam Hair tư vấn miễn phí để anh vừa gọn gàng, chuyên nghiệp, vừa hợp phong cách riêng.
#kieutocnamcongso #tuvantoc
💌 Inbox Lê Quang Anh Nam Hair để được tư vấn nhanh!",,,D:\Ảnh tóc hàn\IMG_0290.PNG
8,2026-08-11,19:25,"⏰ Giờ nghỉ trưa rảnh 30 phút? Ghé Lê Quang Anh Nam Hair cắt gọn nhanh, đúng giờ, không phải chờ đợi lâu — quay lại làm việc vẫn kịp giờ.
#uudaigiotrua #cattocnhanh
☎️ Gọi ngay hotline để đặt lịch trong hôm nay!",,,D:\Ảnh tóc hàn\IMG_0291.PNG
8,2026-08-12,19:23,"💈 Combo Cắt + Gội + Tạo kiểu tại Lê Quang Anh Nam Hair giúp anh có diện mạo chỉn chu trọn vẹn chỉ trong một lần ghé, tiết kiệm thời gian tối đa.
#combotrongoi #toccongso
📅 Đặt lịch trước để khỏi chờ khi ghé salon!",,,D:\Ảnh tóc hàn\IMG_0292.PNG
8,2026-08-13,19:20,"🪒 Sau giờ làm căng thẳng, thử dịch vụ cạo mặt, vệ sinh da mặt thư giãn tại Lê Quang Anh Nam Hair — vừa sạch sâu vừa giúp anh thư giãn tinh thần.
#caomatthugian #toccongso
💬 Nhắn tin ngay để được barber tư vấn kiểu tóc phù hợp!",,,D:\Ảnh tóc hàn\IMG_0293.PNG
8,2026-08-14,19:24,"💨 Mẹo giữ nếp tóc cả ngày từ Lê Quang Anh Nam Hair: sấy khô hoàn toàn trước khi dùng gel/wax, chỉ dùng lượng vừa đủ để tóc không bết dính.
#giunepcangay #meotocnam
📍 Đặt lịch ngay hôm nay để giữ chỗ nhé anh em!",,,D:\Ảnh tóc hàn\IMG_0294.PNG
8,2026-08-15,19:24,"🎉 Cuối tuần rảnh rỗi, ghé Lê Quang Anh Nam Hair làm mới đầu tóc, sẵn sàng tinh thần cho những kế hoạch cuối tuần nhé anh em!
#cuoituanlamtoc #toccongso
💌 Inbox Lê Quang Anh Nam Hair để được tư vấn nhanh!",,,D:\Ảnh tóc hàn\IMG_0295.PNG
8,2026-08-16,19:22,"🔥 Uốn phồng nhẹ đang là kiểu được nhiều anh em công sở lựa chọn tại Lê Quang Anh Nam Hair — tạo điểm nhấn phong cách mà vẫn lịch sự, gọn gàng.
#uontocnam #trenduoc
☎️ Gọi ngay hotline để đặt lịch trong hôm nay!",,,D:\Ảnh tóc hàn\IMG_0296.PNG
8,2026-08-17,19:17,"✂️ Đội ngũ barber tại Lê Quang Anh Nam Hair tay nghề vững, tận tâm tư vấn để mỗi anh đều hài lòng với kiểu tóc mới. Ghé trải nghiệm nhé!
#barberchuyennghiep #toccongso
📅 Đặt lịch trước để khỏi chờ khi ghé salon!",,,D:\Ảnh tóc hàn\IMG_0297.PNG
8,2026-08-18,19:19,"🎨 Nhuộm tóc nam không sợ ""dừ"" nếu chọn đúng tông. Lê Quang Anh Nam Hair gợi ý các tông nâu tự nhiên, xám khói nhẹ nhàng, phù hợp môi trường công sở.
#nhuomtocnam #tuvanmaunhuom
💬 Nhắn tin ngay để được barber tư vấn kiểu tóc phù hợp!",,,D:\Ảnh tóc hàn\IMG_0298.PNG
8,2026-08-19,19:22,"🎁 Rủ bạn bè đến Lê Quang Anh Nam Hair — cả anh và bạn đều nhận ưu đãi hấp dẫn khi làm tóc. Rủ ngay hội anh em cùng làm mới đầu tóc nào!
#gioithieubanbe #uudai
📍 Đặt lịch ngay hôm nay để giữ chỗ nhé anh em!",,,D:\Ảnh tóc hàn\IMG_0299.PNG
8,2026-08-20,19:25,"🧴 Da đầu dầu, gàu nhiều? Lê Quang Anh Nam Hair có dịch vụ gội dưỡng chuyên sâu giúp da đầu sạch thoáng, tóc chắc khoẻ hơn từng ngày.
#goiduongdadau #toccongso
💌 Inbox Lê Quang Anh Nam Hair để được tư vấn nhanh!",,,D:\Ảnh tóc hàn\IMG_0300.PNG
8,2026-08-21,19:21,"⚡ Flash sale hôm nay tại Lê Quang Anh Nam Hair — ưu đãi chỉ trong 1 ngày, anh em nhanh tay đặt lịch nhé!
#flashsale #uudaihomnay
☎️ Gọi ngay hotline để đặt lịch trong hôm nay!",,,D:\Ảnh tóc hàn\IMG_0301.PNG
8,2026-08-22,19:21,"💬 ""Cắt xong ưng ý ngay, không cần chỉnh sửa gì thêm"" — chia sẻ từ một khách hàng thân thiết tại Lê Quang Anh Nam Hair. Cảm ơn anh đã tin tưởng!
#khachhangnoigi #toccongso
📅 Đặt lịch trước để khỏi chờ khi ghé salon!",,,D:\Ảnh tóc hàn\IMG_0302.PNG
8,2026-08-23,19:23,"🧴 Lê Quang Anh Nam Hair đang sử dụng dòng sản phẩm chăm sóc tóc/da đầu chuyên dụng cho nam, an toàn và hiệu quả cho từng loại tóc.
#sanphamchamsoctoc #toccongso
💬 Nhắn tin ngay để được barber tư vấn kiểu tóc phù hợp!",,,D:\Ảnh tóc hàn\IMG_0303.PNG
8,2026-08-24,19:20,"🩹 Tóc hư tổn do nhuộm/tẩy nhiều lần? Lê Quang Anh Nam Hair có liệu trình phục hồi phù hợp, giúp tóc chắc khoẻ trở lại.
#phuchoitoc #toccongso
📍 Đặt lịch ngay hôm nay để giữ chỗ nhé anh em!",,,D:\Ảnh tóc hàn\IMG_0304.PNG
8,2026-08-25,19:18,"⏱️ Mẹo tạo kiểu 3 phút mỗi sáng: sấy khô, dùng một lượng wax nhỏ vuốt nhẹ theo nếp tóc — Lê Quang Anh Nam Hair luôn sẵn sàng hướng dẫn thêm cho anh.
#taokieunhanh #meotocnam
💌 Inbox Lê Quang Anh Nam Hair để được tư vấn nhanh!",,,D:\Ảnh tóc hàn\IMG_0306.PNG
8,2026-08-26,19:23,"📱 Đặt lịch trước qua Zalo/inbox Lê Quang Anh Nam Hair để giữ giờ đẹp, không phải chờ đợi khi ghé salon — tiện lợi cho lịch trình bận rộn.
#datlichtruoc #toccongso
☎️ Gọi ngay hotline để đặt lịch trong hôm nay!",,,D:\Ảnh tóc hàn\IMG_0307.PNG
8,2026-08-27,19:22,"☕ Lê Quang Anh Nam Hair là điểm dừng chân lý tưởng sau giờ làm — không chỉ cắt tóc mà còn là không gian thư giãn đúng chất đàn ông.
#khonggianthugian #toccongso
📅 Đặt lịch trước để khỏi chờ khi ghé salon!",,,D:\Ảnh tóc hàn\IMG_0308.PNG
8,2026-08-28,19:20,"❓ Hỏi đáp nhanh: Bao lâu nên cắt tóc lại 1 lần? Lê Quang Anh Nam Hair khuyên anh nên cắt mỗi 3-4 tuần để tóc luôn gọn gàng, chuyên nghiệp.
#hoidapchamtoc #toccongso
💬 Nhắn tin ngay để được barber tư vấn kiểu tóc phù hợp!",,,D:\Ảnh tóc hàn\IMG_0309.PNG
8,2026-08-29,19:17,"🪖 Đội mũ bảo hiểm cả ngày dễ làm tóc bết, mất nếp. Lê Quang Anh Nam Hair mách anh chọn kiểu tóc ngắn gọn, ít cần tạo kiểu để luôn chỉn chu.
#kieutocgongang #meotocnam
📍 Đặt lịch ngay hôm nay để giữ chỗ nhé anh em!",,,D:\Ảnh tóc hàn\IMG_0310.PNG
8,2026-08-30,19:20,"🌆 Tối thứ 6 rảnh rỗi? Ghé Lê Quang Anh Nam Hair làm mới đầu tóc, sẵn sàng cho cuối tuần thật chất nhé anh em!
#toithu6 #toccongso
💌 Inbox Lê Quang Anh Nam Hair để được tư vấn nhanh!",,,D:\Ảnh tóc hàn\IMG_0311.PNG
8,2026-08-31,19:18,"🙋‍♂️ Lần đầu đến Lê Quang Anh Nam Hair? Cứ chia sẻ phong cách anh muốn, đội ngũ barber sẽ tư vấn kỹ trước khi cắt để anh ưng ý nhất.
#landaudentiem #toccongso
☎️ Gọi ngay hotline để đặt lịch trong hôm nay!",,,D:\Ảnh tóc hàn\New folder\IMG_0241.PNG
8,2026-09-01,19:19,"📝 Trước mỗi lần cắt, Lê Quang Anh Nam Hair luôn dành thời gian trao đổi kỹ về kiểu tóc phù hợp với khuôn mặt và phong cách của anh.
#tuvankieutoc #toccongso
📅 Đặt lịch trước để khỏi chờ khi ghé salon!",,,D:\Ảnh tóc hàn\IMG_0250 2.PNG
8,2026-09-02,19:21,"🔥 Dùng máy sấy, tạo kiểu thường xuyên dễ làm tóc khô xơ. Lê Quang Anh Nam Hair gợi ý dùng thêm dưỡng tóc nhẹ để bảo vệ tóc tốt hơn.
#baovetoc #meotocnam
💬 Nhắn tin ngay để được barber tư vấn kiểu tóc phù hợp!",,,D:\Ảnh tóc hàn\IMG_0281 2.PNG
8,2026-09-03,19:19,"📅 Cuối tháng bận rộn, Lê Quang Anh Nam Hair khuyên anh nên đặt lịch sớm để giữ giờ đẹp, tránh hết chỗ vào phút chót.
#datlichsom #toccongso
📍 Đặt lịch ngay hôm nay để giữ chỗ nhé anh em!",,,D:\Ảnh tóc hàn\IMG_0286.PNG
8,2026-09-04,19:21,"💇‍♂️ Kiểu tóc undercut, side part gọn gàng đang là lựa chọn hot của dân văn phòng tại Lê Quang Anh Nam Hair — vừa trẻ trung vừa chuyên nghiệp.
#kieutochot #toccongso
💌 Inbox Lê Quang Anh Nam Hair để được tư vấn nhanh!",,,D:\Ảnh tóc hàn\IMG_0287.PNG
8,2026-09-05,19:20,"🙏 Lê Quang Anh Nam Hair xin cảm ơn tất cả các anh đã tin tưởng và ghé thăm trong suốt tháng qua. Hẹn gặp lại ở những lần cắt tóc tiếp theo!
#camonkhachhang #toccongso
☎️ Gọi ngay hotline để đặt lịch trong hôm nay!",,,D:\Ảnh tóc hàn\IMG_0288.PNG
8,2026-09-06,19:23,"🎉 Bật mí nhẹ: tháng sau Lê Quang Anh Nam Hair sẽ có ưu đãi mới dành riêng cho khách hàng thân thiết — đón chờ nhé anh em!
#uudaithangtoi #toccongso
📅 Đặt lịch trước để khỏi chờ khi ghé salon!",,,D:\Ảnh tóc hàn\IMG_0289.PNG
8,2026-09-07,19:19,"✅ Khép lại một tháng thật nhiều diện mạo mới tại Lê Quang Anh Nam Hair! Cảm ơn anh em đã ghé thăm — đặt lịch ngay để bắt đầu tháng mới thật chỉn chu nhé.
#tongketthang #toccongso
💬 Nhắn tin ngay để được barber tư vấn kiểu tóc phù hợp!",,,D:\Ảnh tóc hàn\IMG_0290.PNG
9,2026-08-10,19:28,"💇‍♂️ Chưa biết chọn kiểu tóc nào phù hợp môi trường công sở? Nam Hair Cầu Giấy- chuyên layer tư vấn miễn phí để anh vừa gọn gàng, chuyên nghiệp, vừa hợp phong cách riêng.
#kieutocnamcongso #tuvantoc
☎️ Gọi ngay hotline để đặt lịch trong hôm nay!",,,D:\Ảnh tóc hàn\IMG_0291.PNG
9,2026-08-11,19:29,"⏰ Giờ nghỉ trưa rảnh 30 phút? Ghé Nam Hair Cầu Giấy- chuyên layer cắt gọn nhanh, đúng giờ, không phải chờ đợi lâu — quay lại làm việc vẫn kịp giờ.
#uudaigiotrua #cattocnhanh
📅 Đặt lịch trước để khỏi chờ khi ghé salon!",,,D:\Ảnh tóc hàn\IMG_0292.PNG
9,2026-08-12,19:26,"💈 Combo Cắt + Gội + Tạo kiểu tại Nam Hair Cầu Giấy- chuyên layer giúp anh có diện mạo chỉn chu trọn vẹn chỉ trong một lần ghé, tiết kiệm thời gian tối đa.
#combotrongoi #toccongso
💬 Nhắn tin ngay để được barber tư vấn kiểu tóc phù hợp!",,,D:\Ảnh tóc hàn\IMG_0293.PNG
9,2026-08-13,19:29,"🪒 Sau giờ làm căng thẳng, thử dịch vụ cạo mặt, vệ sinh da mặt thư giãn tại Nam Hair Cầu Giấy- chuyên layer — vừa sạch sâu vừa giúp anh thư giãn tinh thần.
#caomatthugian #toccongso
📍 Đặt lịch ngay hôm nay để giữ chỗ nhé anh em!",,,D:\Ảnh tóc hàn\IMG_0294.PNG
9,2026-08-14,19:22,"💨 Mẹo giữ nếp tóc cả ngày từ Nam Hair Cầu Giấy- chuyên layer: sấy khô hoàn toàn trước khi dùng gel/wax, chỉ dùng lượng vừa đủ để tóc không bết dính.
#giunepcangay #meotocnam
💌 Inbox Nam Hair Cầu Giấy- chuyên layer để được tư vấn nhanh!",,,D:\Ảnh tóc hàn\IMG_0295.PNG
9,2026-08-15,19:23,"🎉 Cuối tuần rảnh rỗi, ghé Nam Hair Cầu Giấy- chuyên layer làm mới đầu tóc, sẵn sàng tinh thần cho những kế hoạch cuối tuần nhé anh em!
#cuoituanlamtoc #toccongso
☎️ Gọi ngay hotline để đặt lịch trong hôm nay!",,,D:\Ảnh tóc hàn\IMG_0296.PNG
9,2026-08-16,19:24,"🔥 Uốn phồng nhẹ đang là kiểu được nhiều anh em công sở lựa chọn tại Nam Hair Cầu Giấy- chuyên layer — tạo điểm nhấn phong cách mà vẫn lịch sự, gọn gàng.
#uontocnam #trenduoc
📅 Đặt lịch trước để khỏi chờ khi ghé salon!",,,D:\Ảnh tóc hàn\IMG_0297.PNG
9,2026-08-17,19:27,"✂️ Đội ngũ barber tại Nam Hair Cầu Giấy- chuyên layer tay nghề vững, tận tâm tư vấn để mỗi anh đều hài lòng với kiểu tóc mới. Ghé trải nghiệm nhé!
#barberchuyennghiep #toccongso
💬 Nhắn tin ngay để được barber tư vấn kiểu tóc phù hợp!",,,D:\Ảnh tóc hàn\IMG_0298.PNG
9,2026-08-18,19:21,"🎨 Nhuộm tóc nam không sợ ""dừ"" nếu chọn đúng tông. Nam Hair Cầu Giấy- chuyên layer gợi ý các tông nâu tự nhiên, xám khói nhẹ nhàng, phù hợp môi trường công sở.
#nhuomtocnam #tuvanmaunhuom
📍 Đặt lịch ngay hôm nay để giữ chỗ nhé anh em!",,,D:\Ảnh tóc hàn\IMG_0299.PNG
9,2026-08-19,19:28,"🎁 Rủ bạn bè đến Nam Hair Cầu Giấy- chuyên layer — cả anh và bạn đều nhận ưu đãi hấp dẫn khi làm tóc. Rủ ngay hội anh em cùng làm mới đầu tóc nào!
#gioithieubanbe #uudai
💌 Inbox Nam Hair Cầu Giấy- chuyên layer để được tư vấn nhanh!",,,D:\Ảnh tóc hàn\IMG_0300.PNG
9,2026-08-20,19:26,"🧴 Da đầu dầu, gàu nhiều? Nam Hair Cầu Giấy- chuyên layer có dịch vụ gội dưỡng chuyên sâu giúp da đầu sạch thoáng, tóc chắc khoẻ hơn từng ngày.
#goiduongdadau #toccongso
☎️ Gọi ngay hotline để đặt lịch trong hôm nay!",,,D:\Ảnh tóc hàn\IMG_0301.PNG
9,2026-08-21,19:25,"⚡ Flash sale hôm nay tại Nam Hair Cầu Giấy- chuyên layer — ưu đãi chỉ trong 1 ngày, anh em nhanh tay đặt lịch nhé!
#flashsale #uudaihomnay
📅 Đặt lịch trước để khỏi chờ khi ghé salon!",,,D:\Ảnh tóc hàn\IMG_0302.PNG
9,2026-08-22,19:26,"💬 ""Cắt xong ưng ý ngay, không cần chỉnh sửa gì thêm"" — chia sẻ từ một khách hàng thân thiết tại Nam Hair Cầu Giấy- chuyên layer. Cảm ơn anh đã tin tưởng!
#khachhangnoigi #toccongso
💬 Nhắn tin ngay để được barber tư vấn kiểu tóc phù hợp!",,,D:\Ảnh tóc hàn\IMG_0303.PNG
9,2026-08-23,19:29,"🧴 Nam Hair Cầu Giấy- chuyên layer đang sử dụng dòng sản phẩm chăm sóc tóc/da đầu chuyên dụng cho nam, an toàn và hiệu quả cho từng loại tóc.
#sanphamchamsoctoc #toccongso
📍 Đặt lịch ngay hôm nay để giữ chỗ nhé anh em!",,,D:\Ảnh tóc hàn\IMG_0304.PNG
9,2026-08-24,19:22,"🩹 Tóc hư tổn do nhuộm/tẩy nhiều lần? Nam Hair Cầu Giấy- chuyên layer có liệu trình phục hồi phù hợp, giúp tóc chắc khoẻ trở lại.
#phuchoitoc #toccongso
💌 Inbox Nam Hair Cầu Giấy- chuyên layer để được tư vấn nhanh!",,,D:\Ảnh tóc hàn\IMG_0306.PNG
9,2026-08-25,19:23,"⏱️ Mẹo tạo kiểu 3 phút mỗi sáng: sấy khô, dùng một lượng wax nhỏ vuốt nhẹ theo nếp tóc — Nam Hair Cầu Giấy- chuyên layer luôn sẵn sàng hướng dẫn thêm cho anh.
#taokieunhanh #meotocnam
☎️ Gọi ngay hotline để đặt lịch trong hôm nay!",,,D:\Ảnh tóc hàn\IMG_0307.PNG
9,2026-08-26,19:21,"📱 Đặt lịch trước qua Zalo/inbox Nam Hair Cầu Giấy- chuyên layer để giữ giờ đẹp, không phải chờ đợi khi ghé salon — tiện lợi cho lịch trình bận rộn.
#datlichtruoc #toccongso
📅 Đặt lịch trước để khỏi chờ khi ghé salon!",,,D:\Ảnh tóc hàn\IMG_0308.PNG
9,2026-08-27,19:27,"☕ Nam Hair Cầu Giấy- chuyên layer là điểm dừng chân lý tưởng sau giờ làm — không chỉ cắt tóc mà còn là không gian thư giãn đúng chất đàn ông.
#khonggianthugian #toccongso
💬 Nhắn tin ngay để được barber tư vấn kiểu tóc phù hợp!",,,D:\Ảnh tóc hàn\IMG_0309.PNG
9,2026-08-28,19:24,"❓ Hỏi đáp nhanh: Bao lâu nên cắt tóc lại 1 lần? Nam Hair Cầu Giấy- chuyên layer khuyên anh nên cắt mỗi 3-4 tuần để tóc luôn gọn gàng, chuyên nghiệp.
#hoidapchamtoc #toccongso
📍 Đặt lịch ngay hôm nay để giữ chỗ nhé anh em!",,,D:\Ảnh tóc hàn\IMG_0310.PNG
9,2026-08-29,19:28,"🪖 Đội mũ bảo hiểm cả ngày dễ làm tóc bết, mất nếp. Nam Hair Cầu Giấy- chuyên layer mách anh chọn kiểu tóc ngắn gọn, ít cần tạo kiểu để luôn chỉn chu.
#kieutocgongang #meotocnam
💌 Inbox Nam Hair Cầu Giấy- chuyên layer để được tư vấn nhanh!",,,D:\Ảnh tóc hàn\IMG_0311.PNG
9,2026-08-30,19:28,"🌆 Tối thứ 6 rảnh rỗi? Ghé Nam Hair Cầu Giấy- chuyên layer làm mới đầu tóc, sẵn sàng cho cuối tuần thật chất nhé anh em!
#toithu6 #toccongso
☎️ Gọi ngay hotline để đặt lịch trong hôm nay!",,,D:\Ảnh tóc hàn\New folder\IMG_0241.PNG
9,2026-08-31,19:28,"🙋‍♂️ Lần đầu đến Nam Hair Cầu Giấy- chuyên layer? Cứ chia sẻ phong cách anh muốn, đội ngũ barber sẽ tư vấn kỹ trước khi cắt để anh ưng ý nhất.
#landaudentiem #toccongso
📅 Đặt lịch trước để khỏi chờ khi ghé salon!",,,D:\Ảnh tóc hàn\IMG_0250 2.PNG
9,2026-09-01,19:23,"📝 Trước mỗi lần cắt, Nam Hair Cầu Giấy- chuyên layer luôn dành thời gian trao đổi kỹ về kiểu tóc phù hợp với khuôn mặt và phong cách của anh.
#tuvankieutoc #toccongso
💬 Nhắn tin ngay để được barber tư vấn kiểu tóc phù hợp!",,,D:\Ảnh tóc hàn\IMG_0281 2.PNG
9,2026-09-02,19:23,"🔥 Dùng máy sấy, tạo kiểu thường xuyên dễ làm tóc khô xơ. Nam Hair Cầu Giấy- chuyên layer gợi ý dùng thêm dưỡng tóc nhẹ để bảo vệ tóc tốt hơn.
#baovetoc #meotocnam
📍 Đặt lịch ngay hôm nay để giữ chỗ nhé anh em!",,,D:\Ảnh tóc hàn\IMG_0286.PNG
9,2026-09-03,19:27,"📅 Cuối tháng bận rộn, Nam Hair Cầu Giấy- chuyên layer khuyên anh nên đặt lịch sớm để giữ giờ đẹp, tránh hết chỗ vào phút chót.
#datlichsom #toccongso
💌 Inbox Nam Hair Cầu Giấy- chuyên layer để được tư vấn nhanh!",,,D:\Ảnh tóc hàn\IMG_0287.PNG
9,2026-09-04,19:28,"💇‍♂️ Kiểu tóc undercut, side part gọn gàng đang là lựa chọn hot của dân văn phòng tại Nam Hair Cầu Giấy- chuyên layer — vừa trẻ trung vừa chuyên nghiệp.
#kieutochot #toccongso
☎️ Gọi ngay hotline để đặt lịch trong hôm nay!",,,D:\Ảnh tóc hàn\IMG_0288.PNG
9,2026-09-05,19:25,"🙏 Nam Hair Cầu Giấy- chuyên layer xin cảm ơn tất cả các anh đã tin tưởng và ghé thăm trong suốt tháng qua. Hẹn gặp lại ở những lần cắt tóc tiếp theo!
#camonkhachhang #toccongso
📅 Đặt lịch trước để khỏi chờ khi ghé salon!",,,D:\Ảnh tóc hàn\IMG_0289.PNG
9,2026-09-06,19:22,"🎉 Bật mí nhẹ: tháng sau Nam Hair Cầu Giấy- chuyên layer sẽ có ưu đãi mới dành riêng cho khách hàng thân thiết — đón chờ nhé anh em!
#uudaithangtoi #toccongso
💬 Nhắn tin ngay để được barber tư vấn kiểu tóc phù hợp!",,,D:\Ảnh tóc hàn\IMG_0290.PNG
9,2026-09-07,19:22,"✅ Khép lại một tháng thật nhiều diện mạo mới tại Nam Hair Cầu Giấy- chuyên layer! Cảm ơn anh em đã ghé thăm — đặt lịch ngay để bắt đầu tháng mới thật chỉn chu nhé.
#tongketthang #toccongso
📍 Đặt lịch ngay hôm nay để giữ chỗ nhé anh em!",,,D:\Ảnh tóc hàn\IMG_0291.PNG
10,2026-08-10,19:31,"💧 Mẹo nhỏ từ Chuyên Xoăn Sóng Cầu Giấy: gội đầu bằng nước ấm (không quá nóng), massage nhẹ da đầu 2-3 phút rồi xả bằng nước mát để tóc lên nếp và bóng mượt lâu hơn. Bạn đã thử chưa? 😉
#meochamsoctoc #toccongso
☎️ Gọi ngay hotline để đặt lịch nhanh nhất!",,,D:\Ảnh tóc hàn\IMG_0292.PNG
10,2026-08-11,19:30,"⏰ Ưu đãi giờ hành chính tại Chuyên Xoăn Sóng Cầu Giấy: đặt lịch cắt + gội trong khung 9h-17h các ngày trong tuần để được ưu đãi đặc biệt — tranh thủ giờ nghỉ trưa làm đẹp nhé!
#uudaigiohanhchinh #tocdephangngay
📅 Đặt lịch trước để không phải chờ đợi khi ghé salon!",,,D:\Ảnh tóc hàn\IMG_0293.PNG
10,2026-08-12,19:28,"✂️ Không biết chọn kiểu tóc nào hợp khuôn mặt? Đến Chuyên Xoăn Sóng Cầu Giấy, đội ngũ stylist sẽ tư vấn miễn phí để bạn có mái tóc vừa hợp mặt vừa dễ chăm sóc mỗi sáng đi làm.
#tuvantoccongso #kieutochopmat
💬 Nhắn tin ngay để được stylist tư vấn riêng cho bạn!",,,D:\Ảnh tóc hàn\IMG_0294.PNG
10,2026-08-13,19:27,"🕒 Bận rộn không có nhiều thời gian? Combo Cắt + Gội + Sấy tại Chuyên Xoăn Sóng Cầu Giấy giúp bạn có mái tóc gọn gàng chỉn chu chỉ trong một buổi, tiết kiệm thời gian tối đa cho hội chị em công sở.
#combotrongoi #toccongso
📍 Đặt lịch ngay hôm nay để giữ chỗ giờ đẹp nhé!",,,D:\Ảnh tóc hàn\IMG_0295.PNG
10,2026-08-14,19:25,"🎨 Mẹo chọn màu nhuộm từ Chuyên Xoăn Sóng Cầu Giấy: da vàng ấm hợp tông nâu hạt dẻ, nâu socola; da trắng hồng hợp tông khói, tro lạnh. Bạn thuộc tông da nào? Inbox để được tư vấn màu phù hợp nhé!
#tuvanmaunhuom #nhuomtoc
💌 Inbox Chuyên Xoăn Sóng Cầu Giấy để được tư vấn miễn phí!",,,D:\Ảnh tóc hàn\IMG_0296.PNG
10,2026-08-15,19:31,"🌤️ Cuối tuần rảnh rỗi, ghé Chuyên Xoăn Sóng Cầu Giấy làm mới mái tóc cho tuần mới thật xinh! Đặt lịch trước để không phải chờ đợi nhé.
#cuoituanlamtoc #toccongso
☎️ Gọi ngay hotline để đặt lịch nhanh nhất!",,,D:\Ảnh tóc hàn\IMG_0297.PNG
10,2026-08-16,19:31,"💆‍♀️ Tóc uốn/duỗi dễ mất nếp nếu chăm sai cách. Chuyên Xoăn Sóng Cầu Giấy mách bạn: hạn chế cột tóc chặt, dùng lược răng thưa, ủ dưỡng 1 lần/tuần để nếp tóc bền đẹp lâu hơn.
#chamsoctocuon #meotoc
📅 Đặt lịch trước để không phải chờ đợi khi ghé salon!",,,D:\Ảnh tóc hàn\IMG_0298.PNG
10,2026-08-17,19:31,"👩‍🎨 Đội ngũ stylist tại Chuyên Xoăn Sóng Cầu Giấy luôn cập nhật xu hướng mới, tận tâm tư vấn để mỗi khách hàng đều hài lòng khi rời salon. Đến trải nghiệm để cảm nhận sự khác biệt nhé!
#stylistchuyennghiep #toccongso
💬 Nhắn tin ngay để được stylist tư vấn riêng cho bạn!",,,D:\Ảnh tóc hàn\IMG_0299.PNG
10,2026-08-18,19:28,"✨ Uốn lơi, nhuộm balayage đang là xu hướng được các nàng công sở yêu thích tại Chuyên Xoăn Sóng Cầu Giấy — vừa sang trọng vừa dễ phối đồ đi làm mỗi ngày.
#trenduoc #uonlogia
📍 Đặt lịch ngay hôm nay để giữ chỗ giờ đẹp nhé!",,,D:\Ảnh tóc hàn\IMG_0300.PNG
10,2026-08-19,19:30,"🎁 Giới thiệu bạn bè đến Chuyên Xoăn Sóng Cầu Giấy — cả bạn và người được giới thiệu đều nhận ưu đãi hấp dẫn khi làm tóc. Rủ ngay hội chị em công sở của bạn nhé!
#gioithieubanbe #uudai
💌 Inbox Chuyên Xoăn Sóng Cầu Giấy để được tư vấn miễn phí!",,,D:\Ảnh tóc hàn\IMG_0301.PNG
10,2026-08-20,19:29,"🧴 Tóc khô xơ vì máy sấy, hoá chất? Chuyên Xoăn Sóng Cầu Giấy có liệu trình ủ phục hồi chuyên sâu chỉ 15-20 phút, giúp tóc mềm mượt trở lại nhanh chóng.
#uphuchoi #toccongso
☎️ Gọi ngay hotline để đặt lịch nhanh nhất!",,,D:\Ảnh tóc hàn\IMG_0302.PNG
10,2026-08-21,19:28,"⚡ Flash sale hôm nay tại Chuyên Xoăn Sóng Cầu Giấy — ưu đãi chỉ trong 1 ngày, nhanh tay đặt lịch trước khi hết chỗ nhé!
#flashsale #uudaihomnay
📅 Đặt lịch trước để không phải chờ đợi khi ghé salon!",,,D:\Ảnh tóc hàn\IMG_0303.PNG
10,2026-08-22,19:28,"💬 ""Lần đầu đến Chuyên Xoăn Sóng Cầu Giấy mà ưng ý ngay từ lần cắt đầu tiên, các bạn stylist tư vấn rất nhiệt tình"" — đó là chia sẻ của một khách hàng thân thiết. Cảm ơn bạn đã tin tưởng!
#khachhangnoigi #toccongso
💬 Nhắn tin ngay để được stylist tư vấn riêng cho bạn!",,,D:\Ảnh tóc hàn\IMG_0304.PNG
10,2026-08-23,19:26,"🧴 Chuyên Xoăn Sóng Cầu Giấy đang sử dụng dòng sản phẩm gội dưỡng chuyên sâu, an toàn cho tóc nhuộm/uốn, giúp tóc chắc khoẻ và lên màu chuẩn lâu hơn.
#sanphamduongtoc #toccongso
📍 Đặt lịch ngay hôm nay để giữ chỗ giờ đẹp nhé!",,,D:\Ảnh tóc hàn\IMG_0306.PNG
10,2026-08-24,19:33,"🩹 Tóc hư tổn nặng do nhuộm/duỗi nhiều lần? Chuyên Xoăn Sóng Cầu Giấy có liệu trình phục hồi chuyên sâu theo từng cấp độ hư tổn — tư vấn miễn phí trước khi làm.
#phuchoitoc #toccongso
💌 Inbox Chuyên Xoăn Sóng Cầu Giấy để được tư vấn miễn phí!",,,D:\Ảnh tóc hàn\IMG_0307.PNG
10,2026-08-25,19:27,"⏱️ Mẹo tạo kiểu 5 phút mỗi sáng từ Chuyên Xoăn Sóng Cầu Giấy: sấy tóc theo chiều từ gốc xuống ngọn, dùng lược tròn tạo phồng nhẹ ở chân tóc — chuẩn bị đi làm nhanh gọn mà vẫn xinh.
#taokieunhanh #meotoc
☎️ Gọi ngay hotline để đặt lịch nhanh nhất!",,,D:\Ảnh tóc hàn\IMG_0308.PNG
10,2026-08-26,19:28,"📱 Đặt lịch trước qua Zalo/inbox Chuyên Xoăn Sóng Cầu Giấy để được giữ giờ đẹp và không phải chờ đợi khi đến salon — tiện lợi cho lịch trình bận rộn của bạn.
#datlichtruoc #toccongso
📅 Đặt lịch trước để không phải chờ đợi khi ghé salon!",,,D:\Ảnh tóc hàn\IMG_0309.PNG
10,2026-08-27,19:27,"☕ Chuyên Xoăn Sóng Cầu Giấy không chỉ là nơi làm tóc mà còn là góc thư giãn lý tưởng cho giờ nghỉ trưa — ghé qua nhâm nhi trà, làm đẹp và nạp lại năng lượng cho buổi chiều làm việc.
#khonggianthugian #toccongso
💬 Nhắn tin ngay để được stylist tư vấn riêng cho bạn!",,,D:\Ảnh tóc hàn\IMG_0310.PNG
10,2026-08-28,19:29,"❓ Hỏi đáp nhanh: Bao lâu nên đi cắt tóc 1 lần? Chuyên Xoăn Sóng Cầu Giấy khuyên bạn nên tỉa ngọn mỗi 6-8 tuần để tóc luôn gọn gàng và hạn chế chẻ ngọn.
#hoidapchamtoc #toccongso
📍 Đặt lịch ngay hôm nay để giữ chỗ giờ đẹp nhé!",,,D:\Ảnh tóc hàn\IMG_0311.PNG
10,2026-08-29,19:30,"🌀 Mẹo giữ nếp tóc uốn lâu hơn: hạn chế gội đầu liên tục, dùng gối lụa khi ngủ, và xịt dưỡng giữ nếp mỗi sáng — Chuyên Xoăn Sóng Cầu Giấy luôn sẵn sàng tư vấn thêm cho bạn.
#giunepuon #meotoc
💌 Inbox Chuyên Xoăn Sóng Cầu Giấy để được tư vấn miễn phí!",,,D:\Ảnh tóc hàn\New folder\IMG_0241.PNG
10,2026-08-30,19:29,"🌆 Tối thứ 6 rảnh rỗi? Ghé Chuyên Xoăn Sóng Cầu Giấy làm mới mái tóc, chuẩn bị tinh thần thật xinh cho cuối tuần nhé!
#toithu6 #toccongso
☎️ Gọi ngay hotline để đặt lịch nhanh nhất!",,,D:\Ảnh tóc hàn\IMG_0250 2.PNG
10,2026-08-31,19:29,"🙋‍♀️ Lần đầu đến Chuyên Xoăn Sóng Cầu Giấy? Đừng ngại chia sẻ mong muốn của bạn — đội ngũ stylist sẽ tư vấn kỹ trước khi làm để đảm bảo bạn ưng ý nhất.
#landaudentiem #toccongso
📅 Đặt lịch trước để không phải chờ đợi khi ghé salon!",,,D:\Ảnh tóc hàn\IMG_0281 2.PNG
10,2026-09-01,19:32,"📝 Trước mỗi dịch vụ, Chuyên Xoăn Sóng Cầu Giấy luôn dành thời gian tư vấn kỹ về kiểu dáng, màu sắc phù hợp với bạn — không làm vội, không qua loa.
#tuvantacnhinh #toccongso
💬 Nhắn tin ngay để được stylist tư vấn riêng cho bạn!",,,D:\Ảnh tóc hàn\IMG_0286.PNG
10,2026-09-02,19:31,"🔥 Sấy, uốn, duỗi thường xuyên khiến tóc yếu dần. Chuyên Xoăn Sóng Cầu Giấy gợi ý dùng xịt dưỡng chống nhiệt trước khi tạo kiểu để bảo vệ tóc tốt hơn.
#baovetoc #meotoc
📍 Đặt lịch ngay hôm nay để giữ chỗ giờ đẹp nhé!",,,D:\Ảnh tóc hàn\IMG_0287.PNG
10,2026-09-03,19:27,"📅 Cuối tháng bận rộn, Chuyên Xoăn Sóng Cầu Giấy khuyên bạn nên đặt lịch sớm để giữ giờ đẹp — tránh tình trạng hết chỗ vào phút chót nhé.
#datlichsom #toccongso
💌 Inbox Chuyên Xoăn Sóng Cầu Giấy để được tư vấn miễn phí!",,,D:\Ảnh tóc hàn\IMG_0288.PNG
10,2026-09-04,19:31,"💁‍♀️ Mặt tròn hợp tóc layer bồng nhẹ, mặt dài hợp mái thưa — Chuyên Xoăn Sóng Cầu Giấy luôn tư vấn kiểu tóc tôn dáng nhất cho từng khuôn mặt.
#kieutochopmat #toccongso
☎️ Gọi ngay hotline để đặt lịch nhanh nhất!",,,D:\Ảnh tóc hàn\IMG_0289.PNG
10,2026-09-05,19:32,"🙏 Chuyên Xoăn Sóng Cầu Giấy xin cảm ơn tất cả khách hàng đã tin tưởng và đồng hành trong suốt tháng qua. Hẹn gặp lại các bạn ở những lần làm tóc tiếp theo nhé!
#camonkhachhang #toccongso
📅 Đặt lịch trước để không phải chờ đợi khi ghé salon!",,,D:\Ảnh tóc hàn\IMG_0290.PNG
10,2026-09-06,19:25,"🎉 Bật mí nhẹ: tháng sau Chuyên Xoăn Sóng Cầu Giấy sẽ có ưu đãi mới cực hấp dẫn dành riêng cho khách hàng thân thiết — đón chờ nhé!
#uudaithangtoi #toccongso
💬 Nhắn tin ngay để được stylist tư vấn riêng cho bạn!",,,D:\Ảnh tóc hàn\IMG_0291.PNG
10,2026-09-07,19:26,"✅ Khép lại một tháng thật nhiều mái tóc đẹp tại Chuyên Xoăn Sóng Cầu Giấy! Cảm ơn các bạn đã ghé thăm — đặt lịch ngay hôm nay để bắt đầu tháng mới với diện mạo mới nhé.
#tongketthang #toccongso
📍 Đặt lịch ngay hôm nay để giữ chỗ giờ đẹp nhé!",,,D:\Ảnh tóc hàn\IMG_0292.PNG
11,2026-08-10,19:31,"💧 Mẹo nhỏ từ Tóc Đẹp cầu Giấy: gội đầu bằng nước ấm (không quá nóng), massage nhẹ da đầu 2-3 phút rồi xả bằng nước mát để tóc lên nếp và bóng mượt lâu hơn. Bạn đã thử chưa? 😉
#meochamsoctoc #toccongso
📅 Đặt lịch trước để không phải chờ đợi khi ghé salon!",,,D:\Ảnh tóc hàn\IMG_0293.PNG
11,2026-08-11,19:34,"⏰ Ưu đãi giờ hành chính tại Tóc Đẹp cầu Giấy: đặt lịch cắt + gội trong khung 9h-17h các ngày trong tuần để được ưu đãi đặc biệt — tranh thủ giờ nghỉ trưa làm đẹp nhé!
#uudaigiohanhchinh #tocdephangngay
💬 Nhắn tin ngay để được stylist tư vấn riêng cho bạn!",,,D:\Ảnh tóc hàn\IMG_0294.PNG
11,2026-08-12,19:36,"✂️ Không biết chọn kiểu tóc nào hợp khuôn mặt? Đến Tóc Đẹp cầu Giấy, đội ngũ stylist sẽ tư vấn miễn phí để bạn có mái tóc vừa hợp mặt vừa dễ chăm sóc mỗi sáng đi làm.
#tuvantoccongso #kieutochopmat
📍 Đặt lịch ngay hôm nay để giữ chỗ giờ đẹp nhé!",,,D:\Ảnh tóc hàn\IMG_0295.PNG
11,2026-08-13,19:31,"🕒 Bận rộn không có nhiều thời gian? Combo Cắt + Gội + Sấy tại Tóc Đẹp cầu Giấy giúp bạn có mái tóc gọn gàng chỉn chu chỉ trong một buổi, tiết kiệm thời gian tối đa cho hội chị em công sở.
#combotrongoi #toccongso
💌 Inbox Tóc Đẹp cầu Giấy để được tư vấn miễn phí!",,,D:\Ảnh tóc hàn\IMG_0296.PNG
11,2026-08-14,19:34,"🎨 Mẹo chọn màu nhuộm từ Tóc Đẹp cầu Giấy: da vàng ấm hợp tông nâu hạt dẻ, nâu socola; da trắng hồng hợp tông khói, tro lạnh. Bạn thuộc tông da nào? Inbox để được tư vấn màu phù hợp nhé!
#tuvanmaunhuom #nhuomtoc
☎️ Gọi ngay hotline để đặt lịch nhanh nhất!",,,D:\Ảnh tóc hàn\IMG_0297.PNG
11,2026-08-15,19:29,"🌤️ Cuối tuần rảnh rỗi, ghé Tóc Đẹp cầu Giấy làm mới mái tóc cho tuần mới thật xinh! Đặt lịch trước để không phải chờ đợi nhé.
#cuoituanlamtoc #toccongso
📅 Đặt lịch trước để không phải chờ đợi khi ghé salon!",,,D:\Ảnh tóc hàn\IMG_0298.PNG
11,2026-08-16,19:31,"💆‍♀️ Tóc uốn/duỗi dễ mất nếp nếu chăm sai cách. Tóc Đẹp cầu Giấy mách bạn: hạn chế cột tóc chặt, dùng lược răng thưa, ủ dưỡng 1 lần/tuần để nếp tóc bền đẹp lâu hơn.
#chamsoctocuon #meotoc
💬 Nhắn tin ngay để được stylist tư vấn riêng cho bạn!",,,D:\Ảnh tóc hàn\IMG_0299.PNG
11,2026-08-17,19:33,"👩‍🎨 Đội ngũ stylist tại Tóc Đẹp cầu Giấy luôn cập nhật xu hướng mới, tận tâm tư vấn để mỗi khách hàng đều hài lòng khi rời salon. Đến trải nghiệm để cảm nhận sự khác biệt nhé!
#stylistchuyennghiep #toccongso
📍 Đặt lịch ngay hôm nay để giữ chỗ giờ đẹp nhé!",,,D:\Ảnh tóc hàn\IMG_0300.PNG
11,2026-08-18,19:36,"✨ Uốn lơi, nhuộm balayage đang là xu hướng được các nàng công sở yêu thích tại Tóc Đẹp cầu Giấy — vừa sang trọng vừa dễ phối đồ đi làm mỗi ngày.
#trenduoc #uonlogia
💌 Inbox Tóc Đẹp cầu Giấy để được tư vấn miễn phí!",,,D:\Ảnh tóc hàn\IMG_0301.PNG
11,2026-08-19,19:31,"🎁 Giới thiệu bạn bè đến Tóc Đẹp cầu Giấy — cả bạn và người được giới thiệu đều nhận ưu đãi hấp dẫn khi làm tóc. Rủ ngay hội chị em công sở của bạn nhé!
#gioithieubanbe #uudai
☎️ Gọi ngay hotline để đặt lịch nhanh nhất!",,,D:\Ảnh tóc hàn\IMG_0302.PNG
11,2026-08-20,19:31,"🧴 Tóc khô xơ vì máy sấy, hoá chất? Tóc Đẹp cầu Giấy có liệu trình ủ phục hồi chuyên sâu chỉ 15-20 phút, giúp tóc mềm mượt trở lại nhanh chóng.
#uphuchoi #toccongso
📅 Đặt lịch trước để không phải chờ đợi khi ghé salon!",,,D:\Ảnh tóc hàn\IMG_0303.PNG
11,2026-08-21,19:28,"⚡ Flash sale hôm nay tại Tóc Đẹp cầu Giấy — ưu đãi chỉ trong 1 ngày, nhanh tay đặt lịch trước khi hết chỗ nhé!
#flashsale #uudaihomnay
💬 Nhắn tin ngay để được stylist tư vấn riêng cho bạn!",,,D:\Ảnh tóc hàn\IMG_0304.PNG
11,2026-08-22,19:32,"💬 ""Lần đầu đến Tóc Đẹp cầu Giấy mà ưng ý ngay từ lần cắt đầu tiên, các bạn stylist tư vấn rất nhiệt tình"" — đó là chia sẻ của một khách hàng thân thiết. Cảm ơn bạn đã tin tưởng!
#khachhangnoigi #toccongso
📍 Đặt lịch ngay hôm nay để giữ chỗ giờ đẹp nhé!",,,D:\Ảnh tóc hàn\IMG_0306.PNG
11,2026-08-23,19:29,"🧴 Tóc Đẹp cầu Giấy đang sử dụng dòng sản phẩm gội dưỡng chuyên sâu, an toàn cho tóc nhuộm/uốn, giúp tóc chắc khoẻ và lên màu chuẩn lâu hơn.
#sanphamduongtoc #toccongso
💌 Inbox Tóc Đẹp cầu Giấy để được tư vấn miễn phí!",,,D:\Ảnh tóc hàn\IMG_0307.PNG
11,2026-08-24,19:31,"🩹 Tóc hư tổn nặng do nhuộm/duỗi nhiều lần? Tóc Đẹp cầu Giấy có liệu trình phục hồi chuyên sâu theo từng cấp độ hư tổn — tư vấn miễn phí trước khi làm.
#phuchoitoc #toccongso
☎️ Gọi ngay hotline để đặt lịch nhanh nhất!",,,D:\Ảnh tóc hàn\IMG_0308.PNG
11,2026-08-25,19:33,"⏱️ Mẹo tạo kiểu 5 phút mỗi sáng từ Tóc Đẹp cầu Giấy: sấy tóc theo chiều từ gốc xuống ngọn, dùng lược tròn tạo phồng nhẹ ở chân tóc — chuẩn bị đi làm nhanh gọn mà vẫn xinh.
#taokieunhanh #meotoc
📅 Đặt lịch trước để không phải chờ đợi khi ghé salon!",,,D:\Ảnh tóc hàn\IMG_0309.PNG
11,2026-08-26,19:31,"📱 Đặt lịch trước qua Zalo/inbox Tóc Đẹp cầu Giấy để được giữ giờ đẹp và không phải chờ đợi khi đến salon — tiện lợi cho lịch trình bận rộn của bạn.
#datlichtruoc #toccongso
💬 Nhắn tin ngay để được stylist tư vấn riêng cho bạn!",,,D:\Ảnh tóc hàn\IMG_0310.PNG
11,2026-08-27,19:34,"☕ Tóc Đẹp cầu Giấy không chỉ là nơi làm tóc mà còn là góc thư giãn lý tưởng cho giờ nghỉ trưa — ghé qua nhâm nhi trà, làm đẹp và nạp lại năng lượng cho buổi chiều làm việc.
#khonggianthugian #toccongso
📍 Đặt lịch ngay hôm nay để giữ chỗ giờ đẹp nhé!",,,D:\Ảnh tóc hàn\IMG_0311.PNG
11,2026-08-28,19:35,"❓ Hỏi đáp nhanh: Bao lâu nên đi cắt tóc 1 lần? Tóc Đẹp cầu Giấy khuyên bạn nên tỉa ngọn mỗi 6-8 tuần để tóc luôn gọn gàng và hạn chế chẻ ngọn.
#hoidapchamtoc #toccongso
💌 Inbox Tóc Đẹp cầu Giấy để được tư vấn miễn phí!",,,D:\Ảnh tóc hàn\New folder\IMG_0241.PNG
11,2026-08-29,19:34,"🌀 Mẹo giữ nếp tóc uốn lâu hơn: hạn chế gội đầu liên tục, dùng gối lụa khi ngủ, và xịt dưỡng giữ nếp mỗi sáng — Tóc Đẹp cầu Giấy luôn sẵn sàng tư vấn thêm cho bạn.
#giunepuon #meotoc
☎️ Gọi ngay hotline để đặt lịch nhanh nhất!",,,D:\Ảnh tóc hàn\IMG_0250 2.PNG
11,2026-08-30,19:33,"🌆 Tối thứ 6 rảnh rỗi? Ghé Tóc Đẹp cầu Giấy làm mới mái tóc, chuẩn bị tinh thần thật xinh cho cuối tuần nhé!
#toithu6 #toccongso
📅 Đặt lịch trước để không phải chờ đợi khi ghé salon!",,,D:\Ảnh tóc hàn\IMG_0281 2.PNG
11,2026-08-31,19:34,"🙋‍♀️ Lần đầu đến Tóc Đẹp cầu Giấy? Đừng ngại chia sẻ mong muốn của bạn — đội ngũ stylist sẽ tư vấn kỹ trước khi làm để đảm bảo bạn ưng ý nhất.
#landaudentiem #toccongso
💬 Nhắn tin ngay để được stylist tư vấn riêng cho bạn!",,,D:\Ảnh tóc hàn\IMG_0286.PNG
11,2026-09-01,19:29,"📝 Trước mỗi dịch vụ, Tóc Đẹp cầu Giấy luôn dành thời gian tư vấn kỹ về kiểu dáng, màu sắc phù hợp với bạn — không làm vội, không qua loa.
#tuvantacnhinh #toccongso
📍 Đặt lịch ngay hôm nay để giữ chỗ giờ đẹp nhé!",,,D:\Ảnh tóc hàn\IMG_0287.PNG
11,2026-09-02,19:35,"🔥 Sấy, uốn, duỗi thường xuyên khiến tóc yếu dần. Tóc Đẹp cầu Giấy gợi ý dùng xịt dưỡng chống nhiệt trước khi tạo kiểu để bảo vệ tóc tốt hơn.
#baovetoc #meotoc
💌 Inbox Tóc Đẹp cầu Giấy để được tư vấn miễn phí!",,,D:\Ảnh tóc hàn\IMG_0288.PNG
11,2026-09-03,19:30,"📅 Cuối tháng bận rộn, Tóc Đẹp cầu Giấy khuyên bạn nên đặt lịch sớm để giữ giờ đẹp — tránh tình trạng hết chỗ vào phút chót nhé.
#datlichsom #toccongso
☎️ Gọi ngay hotline để đặt lịch nhanh nhất!",,,D:\Ảnh tóc hàn\IMG_0289.PNG
11,2026-09-04,19:30,"💁‍♀️ Mặt tròn hợp tóc layer bồng nhẹ, mặt dài hợp mái thưa — Tóc Đẹp cầu Giấy luôn tư vấn kiểu tóc tôn dáng nhất cho từng khuôn mặt.
#kieutochopmat #toccongso
📅 Đặt lịch trước để không phải chờ đợi khi ghé salon!",,,D:\Ảnh tóc hàn\IMG_0290.PNG
11,2026-09-05,19:33,"🙏 Tóc Đẹp cầu Giấy xin cảm ơn tất cả khách hàng đã tin tưởng và đồng hành trong suốt tháng qua. Hẹn gặp lại các bạn ở những lần làm tóc tiếp theo nhé!
#camonkhachhang #toccongso
💬 Nhắn tin ngay để được stylist tư vấn riêng cho bạn!",,,D:\Ảnh tóc hàn\IMG_0291.PNG
11,2026-09-06,19:32,"🎉 Bật mí nhẹ: tháng sau Tóc Đẹp cầu Giấy sẽ có ưu đãi mới cực hấp dẫn dành riêng cho khách hàng thân thiết — đón chờ nhé!
#uudaithangtoi #toccongso
📍 Đặt lịch ngay hôm nay để giữ chỗ giờ đẹp nhé!",,,D:\Ảnh tóc hàn\IMG_0292.PNG
11,2026-09-07,19:34,"✅ Khép lại một tháng thật nhiều mái tóc đẹp tại Tóc Đẹp cầu Giấy! Cảm ơn các bạn đã ghé thăm — đặt lịch ngay hôm nay để bắt đầu tháng mới với diện mạo mới nhé.
#tongketthang #toccongso
💌 Inbox Tóc Đẹp cầu Giấy để được tư vấn miễn phí!",,,D:\Ảnh tóc hàn\IMG_0293.PNG
12,2026-08-10,19:39,"💇‍♂️ Chưa biết chọn kiểu tóc nào phù hợp môi trường công sở? Nam Hair Cầu Giấy tư vấn miễn phí để anh vừa gọn gàng, chuyên nghiệp, vừa hợp phong cách riêng.
#kieutocnamcongso #tuvantoc
📅 Đặt lịch trước để khỏi chờ khi ghé salon!",,,D:\Ảnh tóc hàn\IMG_0294.PNG
12,2026-08-11,19:33,"⏰ Giờ nghỉ trưa rảnh 30 phút? Ghé Nam Hair Cầu Giấy cắt gọn nhanh, đúng giờ, không phải chờ đợi lâu — quay lại làm việc vẫn kịp giờ.
#uudaigiotrua #cattocnhanh
💬 Nhắn tin ngay để được barber tư vấn kiểu tóc phù hợp!",,,D:\Ảnh tóc hàn\IMG_0295.PNG
12,2026-08-12,19:32,"💈 Combo Cắt + Gội + Tạo kiểu tại Nam Hair Cầu Giấy giúp anh có diện mạo chỉn chu trọn vẹn chỉ trong một lần ghé, tiết kiệm thời gian tối đa.
#combotrongoi #toccongso
📍 Đặt lịch ngay hôm nay để giữ chỗ nhé anh em!",,,D:\Ảnh tóc hàn\IMG_0296.PNG
12,2026-08-13,19:33,"🪒 Sau giờ làm căng thẳng, thử dịch vụ cạo mặt, vệ sinh da mặt thư giãn tại Nam Hair Cầu Giấy — vừa sạch sâu vừa giúp anh thư giãn tinh thần.
#caomatthugian #toccongso
💌 Inbox Nam Hair Cầu Giấy để được tư vấn nhanh!",,,D:\Ảnh tóc hàn\IMG_0297.PNG
12,2026-08-14,19:36,"💨 Mẹo giữ nếp tóc cả ngày từ Nam Hair Cầu Giấy: sấy khô hoàn toàn trước khi dùng gel/wax, chỉ dùng lượng vừa đủ để tóc không bết dính.
#giunepcangay #meotocnam
☎️ Gọi ngay hotline để đặt lịch trong hôm nay!",,,D:\Ảnh tóc hàn\IMG_0298.PNG
12,2026-08-15,19:38,"🎉 Cuối tuần rảnh rỗi, ghé Nam Hair Cầu Giấy làm mới đầu tóc, sẵn sàng tinh thần cho những kế hoạch cuối tuần nhé anh em!
#cuoituanlamtoc #toccongso
📅 Đặt lịch trước để khỏi chờ khi ghé salon!",,,D:\Ảnh tóc hàn\IMG_0299.PNG
12,2026-08-16,19:35,"🔥 Uốn phồng nhẹ đang là kiểu được nhiều anh em công sở lựa chọn tại Nam Hair Cầu Giấy — tạo điểm nhấn phong cách mà vẫn lịch sự, gọn gàng.
#uontocnam #trenduoc
💬 Nhắn tin ngay để được barber tư vấn kiểu tóc phù hợp!",,,D:\Ảnh tóc hàn\IMG_0300.PNG
12,2026-08-17,19:40,"✂️ Đội ngũ barber tại Nam Hair Cầu Giấy tay nghề vững, tận tâm tư vấn để mỗi anh đều hài lòng với kiểu tóc mới. Ghé trải nghiệm nhé!
#barberchuyennghiep #toccongso
📍 Đặt lịch ngay hôm nay để giữ chỗ nhé anh em!",,,D:\Ảnh tóc hàn\IMG_0301.PNG
12,2026-08-18,19:37,"🎨 Nhuộm tóc nam không sợ ""dừ"" nếu chọn đúng tông. Nam Hair Cầu Giấy gợi ý các tông nâu tự nhiên, xám khói nhẹ nhàng, phù hợp môi trường công sở.
#nhuomtocnam #tuvanmaunhuom
💌 Inbox Nam Hair Cầu Giấy để được tư vấn nhanh!",,,D:\Ảnh tóc hàn\IMG_0302.PNG
12,2026-08-19,19:39,"🎁 Rủ bạn bè đến Nam Hair Cầu Giấy — cả anh và bạn đều nhận ưu đãi hấp dẫn khi làm tóc. Rủ ngay hội anh em cùng làm mới đầu tóc nào!
#gioithieubanbe #uudai
☎️ Gọi ngay hotline để đặt lịch trong hôm nay!",,,D:\Ảnh tóc hàn\IMG_0303.PNG
12,2026-08-20,19:34,"🧴 Da đầu dầu, gàu nhiều? Nam Hair Cầu Giấy có dịch vụ gội dưỡng chuyên sâu giúp da đầu sạch thoáng, tóc chắc khoẻ hơn từng ngày.
#goiduongdadau #toccongso
📅 Đặt lịch trước để khỏi chờ khi ghé salon!",,,D:\Ảnh tóc hàn\IMG_0304.PNG
12,2026-08-21,19:35,"⚡ Flash sale hôm nay tại Nam Hair Cầu Giấy — ưu đãi chỉ trong 1 ngày, anh em nhanh tay đặt lịch nhé!
#flashsale #uudaihomnay
💬 Nhắn tin ngay để được barber tư vấn kiểu tóc phù hợp!",,,D:\Ảnh tóc hàn\IMG_0306.PNG
12,2026-08-22,19:37,"💬 ""Cắt xong ưng ý ngay, không cần chỉnh sửa gì thêm"" — chia sẻ từ một khách hàng thân thiết tại Nam Hair Cầu Giấy. Cảm ơn anh đã tin tưởng!
#khachhangnoigi #toccongso
📍 Đặt lịch ngay hôm nay để giữ chỗ nhé anh em!",,,D:\Ảnh tóc hàn\IMG_0307.PNG
12,2026-08-23,19:38,"🧴 Nam Hair Cầu Giấy đang sử dụng dòng sản phẩm chăm sóc tóc/da đầu chuyên dụng cho nam, an toàn và hiệu quả cho từng loại tóc.
#sanphamchamsoctoc #toccongso
💌 Inbox Nam Hair Cầu Giấy để được tư vấn nhanh!",,,D:\Ảnh tóc hàn\IMG_0308.PNG
12,2026-08-24,19:33,"🩹 Tóc hư tổn do nhuộm/tẩy nhiều lần? Nam Hair Cầu Giấy có liệu trình phục hồi phù hợp, giúp tóc chắc khoẻ trở lại.
#phuchoitoc #toccongso
☎️ Gọi ngay hotline để đặt lịch trong hôm nay!",,,D:\Ảnh tóc hàn\IMG_0309.PNG
12,2026-08-25,19:36,"⏱️ Mẹo tạo kiểu 3 phút mỗi sáng: sấy khô, dùng một lượng wax nhỏ vuốt nhẹ theo nếp tóc — Nam Hair Cầu Giấy luôn sẵn sàng hướng dẫn thêm cho anh.
#taokieunhanh #meotocnam
📅 Đặt lịch trước để khỏi chờ khi ghé salon!",,,D:\Ảnh tóc hàn\IMG_0310.PNG
12,2026-08-26,19:37,"📱 Đặt lịch trước qua Zalo/inbox Nam Hair Cầu Giấy để giữ giờ đẹp, không phải chờ đợi khi ghé salon — tiện lợi cho lịch trình bận rộn.
#datlichtruoc #toccongso
💬 Nhắn tin ngay để được barber tư vấn kiểu tóc phù hợp!",,,D:\Ảnh tóc hàn\IMG_0311.PNG
12,2026-08-27,19:34,"☕ Nam Hair Cầu Giấy là điểm dừng chân lý tưởng sau giờ làm — không chỉ cắt tóc mà còn là không gian thư giãn đúng chất đàn ông.
#khonggianthugian #toccongso
📍 Đặt lịch ngay hôm nay để giữ chỗ nhé anh em!",,,D:\Ảnh tóc hàn\New folder\IMG_0241.PNG
12,2026-08-28,19:33,"❓ Hỏi đáp nhanh: Bao lâu nên cắt tóc lại 1 lần? Nam Hair Cầu Giấy khuyên anh nên cắt mỗi 3-4 tuần để tóc luôn gọn gàng, chuyên nghiệp.
#hoidapchamtoc #toccongso
💌 Inbox Nam Hair Cầu Giấy để được tư vấn nhanh!",,,D:\Ảnh tóc hàn\IMG_0250 2.PNG
12,2026-08-29,19:36,"🪖 Đội mũ bảo hiểm cả ngày dễ làm tóc bết, mất nếp. Nam Hair Cầu Giấy mách anh chọn kiểu tóc ngắn gọn, ít cần tạo kiểu để luôn chỉn chu.
#kieutocgongang #meotocnam
☎️ Gọi ngay hotline để đặt lịch trong hôm nay!",,,D:\Ảnh tóc hàn\IMG_0281 2.PNG
12,2026-08-30,19:32,"🌆 Tối thứ 6 rảnh rỗi? Ghé Nam Hair Cầu Giấy làm mới đầu tóc, sẵn sàng cho cuối tuần thật chất nhé anh em!
#toithu6 #toccongso
📅 Đặt lịch trước để khỏi chờ khi ghé salon!",,,D:\Ảnh tóc hàn\IMG_0286.PNG
12,2026-08-31,19:37,"🙋‍♂️ Lần đầu đến Nam Hair Cầu Giấy? Cứ chia sẻ phong cách anh muốn, đội ngũ barber sẽ tư vấn kỹ trước khi cắt để anh ưng ý nhất.
#landaudentiem #toccongso
💬 Nhắn tin ngay để được barber tư vấn kiểu tóc phù hợp!",,,D:\Ảnh tóc hàn\IMG_0287.PNG
12,2026-09-01,19:34,"📝 Trước mỗi lần cắt, Nam Hair Cầu Giấy luôn dành thời gian trao đổi kỹ về kiểu tóc phù hợp với khuôn mặt và phong cách của anh.
#tuvankieutoc #toccongso
📍 Đặt lịch ngay hôm nay để giữ chỗ nhé anh em!",,,D:\Ảnh tóc hàn\IMG_0288.PNG
12,2026-09-02,19:36,"🔥 Dùng máy sấy, tạo kiểu thường xuyên dễ làm tóc khô xơ. Nam Hair Cầu Giấy gợi ý dùng thêm dưỡng tóc nhẹ để bảo vệ tóc tốt hơn.
#baovetoc #meotocnam
💌 Inbox Nam Hair Cầu Giấy để được tư vấn nhanh!",,,D:\Ảnh tóc hàn\IMG_0289.PNG
12,2026-09-03,19:39,"📅 Cuối tháng bận rộn, Nam Hair Cầu Giấy khuyên anh nên đặt lịch sớm để giữ giờ đẹp, tránh hết chỗ vào phút chót.
#datlichsom #toccongso
☎️ Gọi ngay hotline để đặt lịch trong hôm nay!",,,D:\Ảnh tóc hàn\IMG_0290.PNG
12,2026-09-04,19:35,"💇‍♂️ Kiểu tóc undercut, side part gọn gàng đang là lựa chọn hot của dân văn phòng tại Nam Hair Cầu Giấy — vừa trẻ trung vừa chuyên nghiệp.
#kieutochot #toccongso
📅 Đặt lịch trước để khỏi chờ khi ghé salon!",,,D:\Ảnh tóc hàn\IMG_0291.PNG
12,2026-09-05,19:38,"🙏 Nam Hair Cầu Giấy xin cảm ơn tất cả các anh đã tin tưởng và ghé thăm trong suốt tháng qua. Hẹn gặp lại ở những lần cắt tóc tiếp theo!
#camonkhachhang #toccongso
💬 Nhắn tin ngay để được barber tư vấn kiểu tóc phù hợp!",,,D:\Ảnh tóc hàn\IMG_0292.PNG
12,2026-09-06,19:40,"🎉 Bật mí nhẹ: tháng sau Nam Hair Cầu Giấy sẽ có ưu đãi mới dành riêng cho khách hàng thân thiết — đón chờ nhé anh em!
#uudaithangtoi #toccongso
📍 Đặt lịch ngay hôm nay để giữ chỗ nhé anh em!",,,D:\Ảnh tóc hàn\IMG_0293.PNG
12,2026-09-07,19:39,"✅ Khép lại một tháng thật nhiều diện mạo mới tại Nam Hair Cầu Giấy! Cảm ơn anh em đã ghé thăm — đặt lịch ngay để bắt đầu tháng mới thật chỉn chu nhé.
#tongketthang #toccongso
💌 Inbox Nam Hair Cầu Giấy để được tư vấn nhanh!",,,D:\Ảnh tóc hàn\IMG_0294.PNG
13,2026-08-10,19:38,"💧 Mẹo nhỏ từ SUSI HAIR SALON: gội đầu bằng nước ấm (không quá nóng), massage nhẹ da đầu 2-3 phút rồi xả bằng nước mát để tóc lên nếp và bóng mượt lâu hơn. Bạn đã thử chưa? 😉
#meochamsoctoc #toccongso
💬 Nhắn tin ngay để được stylist tư vấn riêng cho bạn!",,,D:\Ảnh tóc hàn\IMG_0295.PNG
13,2026-08-11,19:42,"⏰ Ưu đãi giờ hành chính tại SUSI HAIR SALON: đặt lịch cắt + gội trong khung 9h-17h các ngày trong tuần để được ưu đãi đặc biệt — tranh thủ giờ nghỉ trưa làm đẹp nhé!
#uudaigiohanhchinh #tocdephangngay
📍 Đặt lịch ngay hôm nay để giữ chỗ giờ đẹp nhé!",,,D:\Ảnh tóc hàn\IMG_0296.PNG
13,2026-08-12,19:41,"✂️ Không biết chọn kiểu tóc nào hợp khuôn mặt? Đến SUSI HAIR SALON, đội ngũ stylist sẽ tư vấn miễn phí để bạn có mái tóc vừa hợp mặt vừa dễ chăm sóc mỗi sáng đi làm.
#tuvantoccongso #kieutochopmat
💌 Inbox SUSI HAIR SALON để được tư vấn miễn phí!",,,D:\Ảnh tóc hàn\IMG_0297.PNG
13,2026-08-13,19:35,"🕒 Bận rộn không có nhiều thời gian? Combo Cắt + Gội + Sấy tại SUSI HAIR SALON giúp bạn có mái tóc gọn gàng chỉn chu chỉ trong một buổi, tiết kiệm thời gian tối đa cho hội chị em công sở.
#combotrongoi #toccongso
☎️ Gọi ngay hotline để đặt lịch nhanh nhất!",,,D:\Ảnh tóc hàn\IMG_0298.PNG
13,2026-08-14,19:43,"🎨 Mẹo chọn màu nhuộm từ SUSI HAIR SALON: da vàng ấm hợp tông nâu hạt dẻ, nâu socola; da trắng hồng hợp tông khói, tro lạnh. Bạn thuộc tông da nào? Inbox để được tư vấn màu phù hợp nhé!
#tuvanmaunhuom #nhuomtoc
📅 Đặt lịch trước để không phải chờ đợi khi ghé salon!",,,D:\Ảnh tóc hàn\IMG_0299.PNG
13,2026-08-15,19:39,"🌤️ Cuối tuần rảnh rỗi, ghé SUSI HAIR SALON làm mới mái tóc cho tuần mới thật xinh! Đặt lịch trước để không phải chờ đợi nhé.
#cuoituanlamtoc #toccongso
💬 Nhắn tin ngay để được stylist tư vấn riêng cho bạn!",,,D:\Ảnh tóc hàn\IMG_0300.PNG
13,2026-08-16,19:42,"💆‍♀️ Tóc uốn/duỗi dễ mất nếp nếu chăm sai cách. SUSI HAIR SALON mách bạn: hạn chế cột tóc chặt, dùng lược răng thưa, ủ dưỡng 1 lần/tuần để nếp tóc bền đẹp lâu hơn.
#chamsoctocuon #meotoc
📍 Đặt lịch ngay hôm nay để giữ chỗ giờ đẹp nhé!",,,D:\Ảnh tóc hàn\IMG_0301.PNG
13,2026-08-17,19:41,"👩‍🎨 Đội ngũ stylist tại SUSI HAIR SALON luôn cập nhật xu hướng mới, tận tâm tư vấn để mỗi khách hàng đều hài lòng khi rời salon. Đến trải nghiệm để cảm nhận sự khác biệt nhé!
#stylistchuyennghiep #toccongso
💌 Inbox SUSI HAIR SALON để được tư vấn miễn phí!",,,D:\Ảnh tóc hàn\IMG_0302.PNG
13,2026-08-18,19:37,"✨ Uốn lơi, nhuộm balayage đang là xu hướng được các nàng công sở yêu thích tại SUSI HAIR SALON — vừa sang trọng vừa dễ phối đồ đi làm mỗi ngày.
#trenduoc #uonlogia
☎️ Gọi ngay hotline để đặt lịch nhanh nhất!",,,D:\Ảnh tóc hàn\IMG_0303.PNG
13,2026-08-19,19:36,"🎁 Giới thiệu bạn bè đến SUSI HAIR SALON — cả bạn và người được giới thiệu đều nhận ưu đãi hấp dẫn khi làm tóc. Rủ ngay hội chị em công sở của bạn nhé!
#gioithieubanbe #uudai
📅 Đặt lịch trước để không phải chờ đợi khi ghé salon!",,,D:\Ảnh tóc hàn\IMG_0304.PNG
13,2026-08-20,19:37,"🧴 Tóc khô xơ vì máy sấy, hoá chất? SUSI HAIR SALON có liệu trình ủ phục hồi chuyên sâu chỉ 15-20 phút, giúp tóc mềm mượt trở lại nhanh chóng.
#uphuchoi #toccongso
💬 Nhắn tin ngay để được stylist tư vấn riêng cho bạn!",,,D:\Ảnh tóc hàn\IMG_0306.PNG
13,2026-08-21,19:38,"⚡ Flash sale hôm nay tại SUSI HAIR SALON — ưu đãi chỉ trong 1 ngày, nhanh tay đặt lịch trước khi hết chỗ nhé!
#flashsale #uudaihomnay
📍 Đặt lịch ngay hôm nay để giữ chỗ giờ đẹp nhé!",,,D:\Ảnh tóc hàn\IMG_0307.PNG
13,2026-08-22,19:38,"💬 ""Lần đầu đến SUSI HAIR SALON mà ưng ý ngay từ lần cắt đầu tiên, các bạn stylist tư vấn rất nhiệt tình"" — đó là chia sẻ của một khách hàng thân thiết. Cảm ơn bạn đã tin tưởng!
#khachhangnoigi #toccongso
💌 Inbox SUSI HAIR SALON để được tư vấn miễn phí!",,,D:\Ảnh tóc hàn\IMG_0308.PNG
13,2026-08-23,19:35,"🧴 SUSI HAIR SALON đang sử dụng dòng sản phẩm gội dưỡng chuyên sâu, an toàn cho tóc nhuộm/uốn, giúp tóc chắc khoẻ và lên màu chuẩn lâu hơn.
#sanphamduongtoc #toccongso
☎️ Gọi ngay hotline để đặt lịch nhanh nhất!",,,D:\Ảnh tóc hàn\IMG_0309.PNG
13,2026-08-24,19:37,"🩹 Tóc hư tổn nặng do nhuộm/duỗi nhiều lần? SUSI HAIR SALON có liệu trình phục hồi chuyên sâu theo từng cấp độ hư tổn — tư vấn miễn phí trước khi làm.
#phuchoitoc #toccongso
📅 Đặt lịch trước để không phải chờ đợi khi ghé salon!",,,D:\Ảnh tóc hàn\IMG_0310.PNG
13,2026-08-25,19:36,"⏱️ Mẹo tạo kiểu 5 phút mỗi sáng từ SUSI HAIR SALON: sấy tóc theo chiều từ gốc xuống ngọn, dùng lược tròn tạo phồng nhẹ ở chân tóc — chuẩn bị đi làm nhanh gọn mà vẫn xinh.
#taokieunhanh #meotoc
💬 Nhắn tin ngay để được stylist tư vấn riêng cho bạn!",,,D:\Ảnh tóc hàn\IMG_0311.PNG
13,2026-08-26,19:43,"📱 Đặt lịch trước qua Zalo/inbox SUSI HAIR SALON để được giữ giờ đẹp và không phải chờ đợi khi đến salon — tiện lợi cho lịch trình bận rộn của bạn.
#datlichtruoc #toccongso
📍 Đặt lịch ngay hôm nay để giữ chỗ giờ đẹp nhé!",,,D:\Ảnh tóc hàn\New folder\IMG_0241.PNG
13,2026-08-27,19:38,"☕ SUSI HAIR SALON không chỉ là nơi làm tóc mà còn là góc thư giãn lý tưởng cho giờ nghỉ trưa — ghé qua nhâm nhi trà, làm đẹp và nạp lại năng lượng cho buổi chiều làm việc.
#khonggianthugian #toccongso
💌 Inbox SUSI HAIR SALON để được tư vấn miễn phí!",,,D:\Ảnh tóc hàn\IMG_0250 2.PNG
13,2026-08-28,19:37,"❓ Hỏi đáp nhanh: Bao lâu nên đi cắt tóc 1 lần? SUSI HAIR SALON khuyên bạn nên tỉa ngọn mỗi 6-8 tuần để tóc luôn gọn gàng và hạn chế chẻ ngọn.
#hoidapchamtoc #toccongso
☎️ Gọi ngay hotline để đặt lịch nhanh nhất!",,,D:\Ảnh tóc hàn\IMG_0281 2.PNG
13,2026-08-29,19:39,"🌀 Mẹo giữ nếp tóc uốn lâu hơn: hạn chế gội đầu liên tục, dùng gối lụa khi ngủ, và xịt dưỡng giữ nếp mỗi sáng — SUSI HAIR SALON luôn sẵn sàng tư vấn thêm cho bạn.
#giunepuon #meotoc
📅 Đặt lịch trước để không phải chờ đợi khi ghé salon!",,,D:\Ảnh tóc hàn\IMG_0286.PNG
13,2026-08-30,19:42,"🌆 Tối thứ 6 rảnh rỗi? Ghé SUSI HAIR SALON làm mới mái tóc, chuẩn bị tinh thần thật xinh cho cuối tuần nhé!
#toithu6 #toccongso
💬 Nhắn tin ngay để được stylist tư vấn riêng cho bạn!",,,D:\Ảnh tóc hàn\IMG_0287.PNG
13,2026-08-31,19:36,"🙋‍♀️ Lần đầu đến SUSI HAIR SALON? Đừng ngại chia sẻ mong muốn của bạn — đội ngũ stylist sẽ tư vấn kỹ trước khi làm để đảm bảo bạn ưng ý nhất.
#landaudentiem #toccongso
📍 Đặt lịch ngay hôm nay để giữ chỗ giờ đẹp nhé!",,,D:\Ảnh tóc hàn\IMG_0288.PNG
13,2026-09-01,19:39,"📝 Trước mỗi dịch vụ, SUSI HAIR SALON luôn dành thời gian tư vấn kỹ về kiểu dáng, màu sắc phù hợp với bạn — không làm vội, không qua loa.
#tuvantacnhinh #toccongso
💌 Inbox SUSI HAIR SALON để được tư vấn miễn phí!",,,D:\Ảnh tóc hàn\IMG_0289.PNG
13,2026-09-02,19:42,"🔥 Sấy, uốn, duỗi thường xuyên khiến tóc yếu dần. SUSI HAIR SALON gợi ý dùng xịt dưỡng chống nhiệt trước khi tạo kiểu để bảo vệ tóc tốt hơn.
#baovetoc #meotoc
☎️ Gọi ngay hotline để đặt lịch nhanh nhất!",,,D:\Ảnh tóc hàn\IMG_0290.PNG
13,2026-09-03,19:40,"📅 Cuối tháng bận rộn, SUSI HAIR SALON khuyên bạn nên đặt lịch sớm để giữ giờ đẹp — tránh tình trạng hết chỗ vào phút chót nhé.
#datlichsom #toccongso
📅 Đặt lịch trước để không phải chờ đợi khi ghé salon!",,,D:\Ảnh tóc hàn\IMG_0291.PNG
13,2026-09-04,19:35,"💁‍♀️ Mặt tròn hợp tóc layer bồng nhẹ, mặt dài hợp mái thưa — SUSI HAIR SALON luôn tư vấn kiểu tóc tôn dáng nhất cho từng khuôn mặt.
#kieutochopmat #toccongso
💬 Nhắn tin ngay để được stylist tư vấn riêng cho bạn!",,,D:\Ảnh tóc hàn\IMG_0292.PNG
13,2026-09-05,19:35,"🙏 SUSI HAIR SALON xin cảm ơn tất cả khách hàng đã tin tưởng và đồng hành trong suốt tháng qua. Hẹn gặp lại các bạn ở những lần làm tóc tiếp theo nhé!
#camonkhachhang #toccongso
📍 Đặt lịch ngay hôm nay để giữ chỗ giờ đẹp nhé!",,,D:\Ảnh tóc hàn\IMG_0293.PNG
13,2026-09-06,19:41,"🎉 Bật mí nhẹ: tháng sau SUSI HAIR SALON sẽ có ưu đãi mới cực hấp dẫn dành riêng cho khách hàng thân thiết — đón chờ nhé!
#uudaithangtoi #toccongso
💌 Inbox SUSI HAIR SALON để được tư vấn miễn phí!",,,D:\Ảnh tóc hàn\IMG_0294.PNG
13,2026-09-07,19:37,"✅ Khép lại một tháng thật nhiều mái tóc đẹp tại SUSI HAIR SALON! Cảm ơn các bạn đã ghé thăm — đặt lịch ngay hôm nay để bắt đầu tháng mới với diện mạo mới nhé.
#tongketthang #toccongso
☎️ Gọi ngay hotline để đặt lịch nhanh nhất!",,,D:\Ảnh tóc hàn\IMG_0295.PNG
14,2026-08-10,19:41,"💇‍♂️ Chưa biết chọn kiểu tóc nào phù hợp môi trường công sở? Nam Hair Cầu Giấy tư vấn miễn phí để anh vừa gọn gàng, chuyên nghiệp, vừa hợp phong cách riêng.
#kieutocnamcongso #tuvantoc
💬 Nhắn tin ngay để được barber tư vấn kiểu tóc phù hợp!",,,D:\Ảnh tóc hàn\IMG_0296.PNG
14,2026-08-11,19:45,"⏰ Giờ nghỉ trưa rảnh 30 phút? Ghé Nam Hair Cầu Giấy cắt gọn nhanh, đúng giờ, không phải chờ đợi lâu — quay lại làm việc vẫn kịp giờ.
#uudaigiotrua #cattocnhanh
📍 Đặt lịch ngay hôm nay để giữ chỗ nhé anh em!",,,D:\Ảnh tóc hàn\IMG_0297.PNG
14,2026-08-12,19:40,"💈 Combo Cắt + Gội + Tạo kiểu tại Nam Hair Cầu Giấy giúp anh có diện mạo chỉn chu trọn vẹn chỉ trong một lần ghé, tiết kiệm thời gian tối đa.
#combotrongoi #toccongso
💌 Inbox Nam Hair Cầu Giấy để được tư vấn nhanh!",,,D:\Ảnh tóc hàn\IMG_0298.PNG
14,2026-08-13,19:44,"🪒 Sau giờ làm căng thẳng, thử dịch vụ cạo mặt, vệ sinh da mặt thư giãn tại Nam Hair Cầu Giấy — vừa sạch sâu vừa giúp anh thư giãn tinh thần.
#caomatthugian #toccongso
☎️ Gọi ngay hotline để đặt lịch trong hôm nay!",,,D:\Ảnh tóc hàn\IMG_0299.PNG
14,2026-08-14,19:43,"💨 Mẹo giữ nếp tóc cả ngày từ Nam Hair Cầu Giấy: sấy khô hoàn toàn trước khi dùng gel/wax, chỉ dùng lượng vừa đủ để tóc không bết dính.
#giunepcangay #meotocnam
📅 Đặt lịch trước để khỏi chờ khi ghé salon!",,,D:\Ảnh tóc hàn\IMG_0300.PNG
14,2026-08-15,19:39,"🎉 Cuối tuần rảnh rỗi, ghé Nam Hair Cầu Giấy làm mới đầu tóc, sẵn sàng tinh thần cho những kế hoạch cuối tuần nhé anh em!
#cuoituanlamtoc #toccongso
💬 Nhắn tin ngay để được barber tư vấn kiểu tóc phù hợp!",,,D:\Ảnh tóc hàn\IMG_0301.PNG
14,2026-08-16,19:47,"🔥 Uốn phồng nhẹ đang là kiểu được nhiều anh em công sở lựa chọn tại Nam Hair Cầu Giấy — tạo điểm nhấn phong cách mà vẫn lịch sự, gọn gàng.
#uontocnam #trenduoc
📍 Đặt lịch ngay hôm nay để giữ chỗ nhé anh em!",,,D:\Ảnh tóc hàn\IMG_0302.PNG
14,2026-08-17,19:44,"✂️ Đội ngũ barber tại Nam Hair Cầu Giấy tay nghề vững, tận tâm tư vấn để mỗi anh đều hài lòng với kiểu tóc mới. Ghé trải nghiệm nhé!
#barberchuyennghiep #toccongso
💌 Inbox Nam Hair Cầu Giấy để được tư vấn nhanh!",,,D:\Ảnh tóc hàn\IMG_0303.PNG
14,2026-08-18,19:43,"🎨 Nhuộm tóc nam không sợ ""dừ"" nếu chọn đúng tông. Nam Hair Cầu Giấy gợi ý các tông nâu tự nhiên, xám khói nhẹ nhàng, phù hợp môi trường công sở.
#nhuomtocnam #tuvanmaunhuom
☎️ Gọi ngay hotline để đặt lịch trong hôm nay!",,,D:\Ảnh tóc hàn\IMG_0304.PNG
14,2026-08-19,19:43,"🎁 Rủ bạn bè đến Nam Hair Cầu Giấy — cả anh và bạn đều nhận ưu đãi hấp dẫn khi làm tóc. Rủ ngay hội anh em cùng làm mới đầu tóc nào!
#gioithieubanbe #uudai
📅 Đặt lịch trước để khỏi chờ khi ghé salon!",,,D:\Ảnh tóc hàn\IMG_0306.PNG
14,2026-08-20,19:45,"🧴 Da đầu dầu, gàu nhiều? Nam Hair Cầu Giấy có dịch vụ gội dưỡng chuyên sâu giúp da đầu sạch thoáng, tóc chắc khoẻ hơn từng ngày.
#goiduongdadau #toccongso
💬 Nhắn tin ngay để được barber tư vấn kiểu tóc phù hợp!",,,D:\Ảnh tóc hàn\IMG_0307.PNG
14,2026-08-21,19:39,"⚡ Flash sale hôm nay tại Nam Hair Cầu Giấy — ưu đãi chỉ trong 1 ngày, anh em nhanh tay đặt lịch nhé!
#flashsale #uudaihomnay
📍 Đặt lịch ngay hôm nay để giữ chỗ nhé anh em!",,,D:\Ảnh tóc hàn\IMG_0308.PNG
14,2026-08-22,19:43,"💬 ""Cắt xong ưng ý ngay, không cần chỉnh sửa gì thêm"" — chia sẻ từ một khách hàng thân thiết tại Nam Hair Cầu Giấy. Cảm ơn anh đã tin tưởng!
#khachhangnoigi #toccongso
💌 Inbox Nam Hair Cầu Giấy để được tư vấn nhanh!",,,D:\Ảnh tóc hàn\IMG_0309.PNG
14,2026-08-23,19:44,"🧴 Nam Hair Cầu Giấy đang sử dụng dòng sản phẩm chăm sóc tóc/da đầu chuyên dụng cho nam, an toàn và hiệu quả cho từng loại tóc.
#sanphamchamsoctoc #toccongso
☎️ Gọi ngay hotline để đặt lịch trong hôm nay!",,,D:\Ảnh tóc hàn\IMG_0310.PNG
14,2026-08-24,19:47,"🩹 Tóc hư tổn do nhuộm/tẩy nhiều lần? Nam Hair Cầu Giấy có liệu trình phục hồi phù hợp, giúp tóc chắc khoẻ trở lại.
#phuchoitoc #toccongso
📅 Đặt lịch trước để khỏi chờ khi ghé salon!",,,D:\Ảnh tóc hàn\IMG_0311.PNG
14,2026-08-25,19:40,"⏱️ Mẹo tạo kiểu 3 phút mỗi sáng: sấy khô, dùng một lượng wax nhỏ vuốt nhẹ theo nếp tóc — Nam Hair Cầu Giấy luôn sẵn sàng hướng dẫn thêm cho anh.
#taokieunhanh #meotocnam
💬 Nhắn tin ngay để được barber tư vấn kiểu tóc phù hợp!",,,D:\Ảnh tóc hàn\New folder\IMG_0241.PNG
14,2026-08-26,19:42,"📱 Đặt lịch trước qua Zalo/inbox Nam Hair Cầu Giấy để giữ giờ đẹp, không phải chờ đợi khi ghé salon — tiện lợi cho lịch trình bận rộn.
#datlichtruoc #toccongso
📍 Đặt lịch ngay hôm nay để giữ chỗ nhé anh em!",,,D:\Ảnh tóc hàn\IMG_0250 2.PNG
14,2026-08-27,19:42,"☕ Nam Hair Cầu Giấy là điểm dừng chân lý tưởng sau giờ làm — không chỉ cắt tóc mà còn là không gian thư giãn đúng chất đàn ông.
#khonggianthugian #toccongso
💌 Inbox Nam Hair Cầu Giấy để được tư vấn nhanh!",,,D:\Ảnh tóc hàn\IMG_0281 2.PNG
14,2026-08-28,19:46,"❓ Hỏi đáp nhanh: Bao lâu nên cắt tóc lại 1 lần? Nam Hair Cầu Giấy khuyên anh nên cắt mỗi 3-4 tuần để tóc luôn gọn gàng, chuyên nghiệp.
#hoidapchamtoc #toccongso
☎️ Gọi ngay hotline để đặt lịch trong hôm nay!",,,D:\Ảnh tóc hàn\IMG_0286.PNG
14,2026-08-29,19:40,"🪖 Đội mũ bảo hiểm cả ngày dễ làm tóc bết, mất nếp. Nam Hair Cầu Giấy mách anh chọn kiểu tóc ngắn gọn, ít cần tạo kiểu để luôn chỉn chu.
#kieutocgongang #meotocnam
📅 Đặt lịch trước để khỏi chờ khi ghé salon!",,,D:\Ảnh tóc hàn\IMG_0287.PNG
14,2026-08-30,19:43,"🌆 Tối thứ 6 rảnh rỗi? Ghé Nam Hair Cầu Giấy làm mới đầu tóc, sẵn sàng cho cuối tuần thật chất nhé anh em!
#toithu6 #toccongso
💬 Nhắn tin ngay để được barber tư vấn kiểu tóc phù hợp!",,,D:\Ảnh tóc hàn\IMG_0288.PNG
14,2026-08-31,19:43,"🙋‍♂️ Lần đầu đến Nam Hair Cầu Giấy? Cứ chia sẻ phong cách anh muốn, đội ngũ barber sẽ tư vấn kỹ trước khi cắt để anh ưng ý nhất.
#landaudentiem #toccongso
📍 Đặt lịch ngay hôm nay để giữ chỗ nhé anh em!",,,D:\Ảnh tóc hàn\IMG_0289.PNG
14,2026-09-01,19:41,"📝 Trước mỗi lần cắt, Nam Hair Cầu Giấy luôn dành thời gian trao đổi kỹ về kiểu tóc phù hợp với khuôn mặt và phong cách của anh.
#tuvankieutoc #toccongso
💌 Inbox Nam Hair Cầu Giấy để được tư vấn nhanh!",,,D:\Ảnh tóc hàn\IMG_0290.PNG
14,2026-09-02,19:45,"🔥 Dùng máy sấy, tạo kiểu thường xuyên dễ làm tóc khô xơ. Nam Hair Cầu Giấy gợi ý dùng thêm dưỡng tóc nhẹ để bảo vệ tóc tốt hơn.
#baovetoc #meotocnam
☎️ Gọi ngay hotline để đặt lịch trong hôm nay!",,,D:\Ảnh tóc hàn\IMG_0291.PNG
14,2026-09-03,19:39,"📅 Cuối tháng bận rộn, Nam Hair Cầu Giấy khuyên anh nên đặt lịch sớm để giữ giờ đẹp, tránh hết chỗ vào phút chót.
#datlichsom #toccongso
📅 Đặt lịch trước để khỏi chờ khi ghé salon!",,,D:\Ảnh tóc hàn\IMG_0292.PNG
14,2026-09-04,19:44,"💇‍♂️ Kiểu tóc undercut, side part gọn gàng đang là lựa chọn hot của dân văn phòng tại Nam Hair Cầu Giấy — vừa trẻ trung vừa chuyên nghiệp.
#kieutochot #toccongso
💬 Nhắn tin ngay để được barber tư vấn kiểu tóc phù hợp!",,,D:\Ảnh tóc hàn\IMG_0293.PNG
14,2026-09-05,19:41,"🙏 Nam Hair Cầu Giấy xin cảm ơn tất cả các anh đã tin tưởng và ghé thăm trong suốt tháng qua. Hẹn gặp lại ở những lần cắt tóc tiếp theo!
#camonkhachhang #toccongso
📍 Đặt lịch ngay hôm nay để giữ chỗ nhé anh em!",,,D:\Ảnh tóc hàn\IMG_0294.PNG
14,2026-09-06,19:46,"🎉 Bật mí nhẹ: tháng sau Nam Hair Cầu Giấy sẽ có ưu đãi mới dành riêng cho khách hàng thân thiết — đón chờ nhé anh em!
#uudaithangtoi #toccongso
💌 Inbox Nam Hair Cầu Giấy để được tư vấn nhanh!",,,D:\Ảnh tóc hàn\IMG_0295.PNG
14,2026-09-07,19:39,"✅ Khép lại một tháng thật nhiều diện mạo mới tại Nam Hair Cầu Giấy! Cảm ơn anh em đã ghé thăm — đặt lịch ngay để bắt đầu tháng mới thật chỉn chu nhé.
#tongketthang #toccongso
☎️ Gọi ngay hotline để đặt lịch trong hôm nay!",,,D:\Ảnh tóc hàn\IMG_0296.PNG
15,2026-08-10,19:43,"💧 Mẹo nhỏ từ Hala Nguyen Hair Salon: gội đầu bằng nước ấm (không quá nóng), massage nhẹ da đầu 2-3 phút rồi xả bằng nước mát để tóc lên nếp và bóng mượt lâu hơn. Bạn đã thử chưa? 😉
#meochamsoctoc #toccongso
📍 Đặt lịch ngay hôm nay để giữ chỗ giờ đẹp nhé!",,,D:\Ảnh tóc hàn\IMG_0297.PNG
15,2026-08-11,19:44,"⏰ Ưu đãi giờ hành chính tại Hala Nguyen Hair Salon: đặt lịch cắt + gội trong khung 9h-17h các ngày trong tuần để được ưu đãi đặc biệt — tranh thủ giờ nghỉ trưa làm đẹp nhé!
#uudaigiohanhchinh #tocdephangngay
💌 Inbox Hala Nguyen Hair Salon để được tư vấn miễn phí!",,,D:\Ảnh tóc hàn\IMG_0298.PNG
15,2026-08-12,19:49,"✂️ Không biết chọn kiểu tóc nào hợp khuôn mặt? Đến Hala Nguyen Hair Salon, đội ngũ stylist sẽ tư vấn miễn phí để bạn có mái tóc vừa hợp mặt vừa dễ chăm sóc mỗi sáng đi làm.
#tuvantoccongso #kieutochopmat
☎️ Gọi ngay hotline để đặt lịch nhanh nhất!",,,D:\Ảnh tóc hàn\IMG_0299.PNG
15,2026-08-13,19:46,"🕒 Bận rộn không có nhiều thời gian? Combo Cắt + Gội + Sấy tại Hala Nguyen Hair Salon giúp bạn có mái tóc gọn gàng chỉn chu chỉ trong một buổi, tiết kiệm thời gian tối đa cho hội chị em công sở.
#combotrongoi #toccongso
📅 Đặt lịch trước để không phải chờ đợi khi ghé salon!",,,D:\Ảnh tóc hàn\IMG_0300.PNG
15,2026-08-14,19:44,"🎨 Mẹo chọn màu nhuộm từ Hala Nguyen Hair Salon: da vàng ấm hợp tông nâu hạt dẻ, nâu socola; da trắng hồng hợp tông khói, tro lạnh. Bạn thuộc tông da nào? Inbox để được tư vấn màu phù hợp nhé!
#tuvanmaunhuom #nhuomtoc
💬 Nhắn tin ngay để được stylist tư vấn riêng cho bạn!",,,D:\Ảnh tóc hàn\IMG_0301.PNG
15,2026-08-15,19:47,"🌤️ Cuối tuần rảnh rỗi, ghé Hala Nguyen Hair Salon làm mới mái tóc cho tuần mới thật xinh! Đặt lịch trước để không phải chờ đợi nhé.
#cuoituanlamtoc #toccongso
📍 Đặt lịch ngay hôm nay để giữ chỗ giờ đẹp nhé!",,,D:\Ảnh tóc hàn\IMG_0302.PNG
15,2026-08-16,19:46,"💆‍♀️ Tóc uốn/duỗi dễ mất nếp nếu chăm sai cách. Hala Nguyen Hair Salon mách bạn: hạn chế cột tóc chặt, dùng lược răng thưa, ủ dưỡng 1 lần/tuần để nếp tóc bền đẹp lâu hơn.
#chamsoctocuon #meotoc
💌 Inbox Hala Nguyen Hair Salon để được tư vấn miễn phí!",,,D:\Ảnh tóc hàn\IMG_0303.PNG
15,2026-08-17,19:44,"👩‍🎨 Đội ngũ stylist tại Hala Nguyen Hair Salon luôn cập nhật xu hướng mới, tận tâm tư vấn để mỗi khách hàng đều hài lòng khi rời salon. Đến trải nghiệm để cảm nhận sự khác biệt nhé!
#stylistchuyennghiep #toccongso
☎️ Gọi ngay hotline để đặt lịch nhanh nhất!",,,D:\Ảnh tóc hàn\IMG_0304.PNG
15,2026-08-18,19:47,"✨ Uốn lơi, nhuộm balayage đang là xu hướng được các nàng công sở yêu thích tại Hala Nguyen Hair Salon — vừa sang trọng vừa dễ phối đồ đi làm mỗi ngày.
#trenduoc #uonlogia
📅 Đặt lịch trước để không phải chờ đợi khi ghé salon!",,,D:\Ảnh tóc hàn\IMG_0306.PNG
15,2026-08-19,19:45,"🎁 Giới thiệu bạn bè đến Hala Nguyen Hair Salon — cả bạn và người được giới thiệu đều nhận ưu đãi hấp dẫn khi làm tóc. Rủ ngay hội chị em công sở của bạn nhé!
#gioithieubanbe #uudai
💬 Nhắn tin ngay để được stylist tư vấn riêng cho bạn!",,,D:\Ảnh tóc hàn\IMG_0307.PNG
15,2026-08-20,19:49,"🧴 Tóc khô xơ vì máy sấy, hoá chất? Hala Nguyen Hair Salon có liệu trình ủ phục hồi chuyên sâu chỉ 15-20 phút, giúp tóc mềm mượt trở lại nhanh chóng.
#uphuchoi #toccongso
📍 Đặt lịch ngay hôm nay để giữ chỗ giờ đẹp nhé!",,,D:\Ảnh tóc hàn\IMG_0308.PNG
15,2026-08-21,19:43,"⚡ Flash sale hôm nay tại Hala Nguyen Hair Salon — ưu đãi chỉ trong 1 ngày, nhanh tay đặt lịch trước khi hết chỗ nhé!
#flashsale #uudaihomnay
💌 Inbox Hala Nguyen Hair Salon để được tư vấn miễn phí!",,,D:\Ảnh tóc hàn\IMG_0309.PNG
15,2026-08-22,19:50,"💬 ""Lần đầu đến Hala Nguyen Hair Salon mà ưng ý ngay từ lần cắt đầu tiên, các bạn stylist tư vấn rất nhiệt tình"" — đó là chia sẻ của một khách hàng thân thiết. Cảm ơn bạn đã tin tưởng!
#khachhangnoigi #toccongso
☎️ Gọi ngay hotline để đặt lịch nhanh nhất!",,,D:\Ảnh tóc hàn\IMG_0310.PNG
15,2026-08-23,19:45,"🧴 Hala Nguyen Hair Salon đang sử dụng dòng sản phẩm gội dưỡng chuyên sâu, an toàn cho tóc nhuộm/uốn, giúp tóc chắc khoẻ và lên màu chuẩn lâu hơn.
#sanphamduongtoc #toccongso
📅 Đặt lịch trước để không phải chờ đợi khi ghé salon!",,,D:\Ảnh tóc hàn\IMG_0311.PNG
15,2026-08-24,19:43,"🩹 Tóc hư tổn nặng do nhuộm/duỗi nhiều lần? Hala Nguyen Hair Salon có liệu trình phục hồi chuyên sâu theo từng cấp độ hư tổn — tư vấn miễn phí trước khi làm.
#phuchoitoc #toccongso
💬 Nhắn tin ngay để được stylist tư vấn riêng cho bạn!",,,D:\Ảnh tóc hàn\New folder\IMG_0241.PNG
15,2026-08-25,19:48,"⏱️ Mẹo tạo kiểu 5 phút mỗi sáng từ Hala Nguyen Hair Salon: sấy tóc theo chiều từ gốc xuống ngọn, dùng lược tròn tạo phồng nhẹ ở chân tóc — chuẩn bị đi làm nhanh gọn mà vẫn xinh.
#taokieunhanh #meotoc
📍 Đặt lịch ngay hôm nay để giữ chỗ giờ đẹp nhé!",,,D:\Ảnh tóc hàn\IMG_0250 2.PNG
15,2026-08-26,19:47,"📱 Đặt lịch trước qua Zalo/inbox Hala Nguyen Hair Salon để được giữ giờ đẹp và không phải chờ đợi khi đến salon — tiện lợi cho lịch trình bận rộn của bạn.
#datlichtruoc #toccongso
💌 Inbox Hala Nguyen Hair Salon để được tư vấn miễn phí!",,,D:\Ảnh tóc hàn\IMG_0281 2.PNG
15,2026-08-27,19:48,"☕ Hala Nguyen Hair Salon không chỉ là nơi làm tóc mà còn là góc thư giãn lý tưởng cho giờ nghỉ trưa — ghé qua nhâm nhi trà, làm đẹp và nạp lại năng lượng cho buổi chiều làm việc.
#khonggianthugian #toccongso
☎️ Gọi ngay hotline để đặt lịch nhanh nhất!",,,D:\Ảnh tóc hàn\IMG_0286.PNG
15,2026-08-28,19:48,"❓ Hỏi đáp nhanh: Bao lâu nên đi cắt tóc 1 lần? Hala Nguyen Hair Salon khuyên bạn nên tỉa ngọn mỗi 6-8 tuần để tóc luôn gọn gàng và hạn chế chẻ ngọn.
#hoidapchamtoc #toccongso
📅 Đặt lịch trước để không phải chờ đợi khi ghé salon!",,,D:\Ảnh tóc hàn\IMG_0287.PNG
15,2026-08-29,19:42,"🌀 Mẹo giữ nếp tóc uốn lâu hơn: hạn chế gội đầu liên tục, dùng gối lụa khi ngủ, và xịt dưỡng giữ nếp mỗi sáng — Hala Nguyen Hair Salon luôn sẵn sàng tư vấn thêm cho bạn.
#giunepuon #meotoc
💬 Nhắn tin ngay để được stylist tư vấn riêng cho bạn!",,,D:\Ảnh tóc hàn\IMG_0288.PNG
15,2026-08-30,19:45,"🌆 Tối thứ 6 rảnh rỗi? Ghé Hala Nguyen Hair Salon làm mới mái tóc, chuẩn bị tinh thần thật xinh cho cuối tuần nhé!
#toithu6 #toccongso
📍 Đặt lịch ngay hôm nay để giữ chỗ giờ đẹp nhé!",,,D:\Ảnh tóc hàn\IMG_0289.PNG
15,2026-08-31,19:42,"🙋‍♀️ Lần đầu đến Hala Nguyen Hair Salon? Đừng ngại chia sẻ mong muốn của bạn — đội ngũ stylist sẽ tư vấn kỹ trước khi làm để đảm bảo bạn ưng ý nhất.
#landaudentiem #toccongso
💌 Inbox Hala Nguyen Hair Salon để được tư vấn miễn phí!",,,D:\Ảnh tóc hàn\IMG_0290.PNG
15,2026-09-01,19:46,"📝 Trước mỗi dịch vụ, Hala Nguyen Hair Salon luôn dành thời gian tư vấn kỹ về kiểu dáng, màu sắc phù hợp với bạn — không làm vội, không qua loa.
#tuvantacnhinh #toccongso
☎️ Gọi ngay hotline để đặt lịch nhanh nhất!",,,D:\Ảnh tóc hàn\IMG_0291.PNG
15,2026-09-02,19:44,"🔥 Sấy, uốn, duỗi thường xuyên khiến tóc yếu dần. Hala Nguyen Hair Salon gợi ý dùng xịt dưỡng chống nhiệt trước khi tạo kiểu để bảo vệ tóc tốt hơn.
#baovetoc #meotoc
📅 Đặt lịch trước để không phải chờ đợi khi ghé salon!",,,D:\Ảnh tóc hàn\IMG_0292.PNG
15,2026-09-03,19:44,"📅 Cuối tháng bận rộn, Hala Nguyen Hair Salon khuyên bạn nên đặt lịch sớm để giữ giờ đẹp — tránh tình trạng hết chỗ vào phút chót nhé.
#datlichsom #toccongso
💬 Nhắn tin ngay để được stylist tư vấn riêng cho bạn!",,,D:\Ảnh tóc hàn\IMG_0293.PNG
15,2026-09-04,19:45,"💁‍♀️ Mặt tròn hợp tóc layer bồng nhẹ, mặt dài hợp mái thưa — Hala Nguyen Hair Salon luôn tư vấn kiểu tóc tôn dáng nhất cho từng khuôn mặt.
#kieutochopmat #toccongso
📍 Đặt lịch ngay hôm nay để giữ chỗ giờ đẹp nhé!",,,D:\Ảnh tóc hàn\IMG_0294.PNG
15,2026-09-05,19:42,"🙏 Hala Nguyen Hair Salon xin cảm ơn tất cả khách hàng đã tin tưởng và đồng hành trong suốt tháng qua. Hẹn gặp lại các bạn ở những lần làm tóc tiếp theo nhé!
#camonkhachhang #toccongso
💌 Inbox Hala Nguyen Hair Salon để được tư vấn miễn phí!",,,D:\Ảnh tóc hàn\IMG_0295.PNG
15,2026-09-06,19:48,"🎉 Bật mí nhẹ: tháng sau Hala Nguyen Hair Salon sẽ có ưu đãi mới cực hấp dẫn dành riêng cho khách hàng thân thiết — đón chờ nhé!
#uudaithangtoi #toccongso
☎️ Gọi ngay hotline để đặt lịch nhanh nhất!",,,D:\Ảnh tóc hàn\IMG_0296.PNG
15,2026-09-07,19:44,"✅ Khép lại một tháng thật nhiều mái tóc đẹp tại Hala Nguyen Hair Salon! Cảm ơn các bạn đã ghé thăm — đặt lịch ngay hôm nay để bắt đầu tháng mới với diện mạo mới nhé.
#tongketthang #toccongso
📅 Đặt lịch trước để không phải chờ đợi khi ghé salon!",,,D:\Ảnh tóc hàn\IMG_0297.PNG
16,2026-08-10,19:47,"💧 Mẹo nhỏ từ CK Hair Salons: gội đầu bằng nước ấm (không quá nóng), massage nhẹ da đầu 2-3 phút rồi xả bằng nước mát để tóc lên nếp và bóng mượt lâu hơn. Bạn đã thử chưa? 😉
#meochamsoctoc #toccongso
💌 Inbox CK Hair Salons để được tư vấn miễn phí!",,,D:\Ảnh tóc hàn\IMG_0298.PNG
16,2026-08-11,19:52,"⏰ Ưu đãi giờ hành chính tại CK Hair Salons: đặt lịch cắt + gội trong khung 9h-17h các ngày trong tuần để được ưu đãi đặc biệt — tranh thủ giờ nghỉ trưa làm đẹp nhé!
#uudaigiohanhchinh #tocdephangngay
☎️ Gọi ngay hotline để đặt lịch nhanh nhất!",,,D:\Ảnh tóc hàn\IMG_0299.PNG
16,2026-08-12,19:48,"✂️ Không biết chọn kiểu tóc nào hợp khuôn mặt? Đến CK Hair Salons, đội ngũ stylist sẽ tư vấn miễn phí để bạn có mái tóc vừa hợp mặt vừa dễ chăm sóc mỗi sáng đi làm.
#tuvantoccongso #kieutochopmat
📅 Đặt lịch trước để không phải chờ đợi khi ghé salon!",,,D:\Ảnh tóc hàn\IMG_0300.PNG
16,2026-08-13,19:49,"🕒 Bận rộn không có nhiều thời gian? Combo Cắt + Gội + Sấy tại CK Hair Salons giúp bạn có mái tóc gọn gàng chỉn chu chỉ trong một buổi, tiết kiệm thời gian tối đa cho hội chị em công sở.
#combotrongoi #toccongso
💬 Nhắn tin ngay để được stylist tư vấn riêng cho bạn!",,,D:\Ảnh tóc hàn\IMG_0301.PNG
16,2026-08-14,19:53,"🎨 Mẹo chọn màu nhuộm từ CK Hair Salons: da vàng ấm hợp tông nâu hạt dẻ, nâu socola; da trắng hồng hợp tông khói, tro lạnh. Bạn thuộc tông da nào? Inbox để được tư vấn màu phù hợp nhé!
#tuvanmaunhuom #nhuomtoc
📍 Đặt lịch ngay hôm nay để giữ chỗ giờ đẹp nhé!",,,D:\Ảnh tóc hàn\IMG_0302.PNG
16,2026-08-15,19:48,"🌤️ Cuối tuần rảnh rỗi, ghé CK Hair Salons làm mới mái tóc cho tuần mới thật xinh! Đặt lịch trước để không phải chờ đợi nhé.
#cuoituanlamtoc #toccongso
💌 Inbox CK Hair Salons để được tư vấn miễn phí!",,,D:\Ảnh tóc hàn\IMG_0303.PNG
16,2026-08-16,19:52,"💆‍♀️ Tóc uốn/duỗi dễ mất nếp nếu chăm sai cách. CK Hair Salons mách bạn: hạn chế cột tóc chặt, dùng lược răng thưa, ủ dưỡng 1 lần/tuần để nếp tóc bền đẹp lâu hơn.
#chamsoctocuon #meotoc
☎️ Gọi ngay hotline để đặt lịch nhanh nhất!",,,D:\Ảnh tóc hàn\IMG_0304.PNG
16,2026-08-17,19:51,"👩‍🎨 Đội ngũ stylist tại CK Hair Salons luôn cập nhật xu hướng mới, tận tâm tư vấn để mỗi khách hàng đều hài lòng khi rời salon. Đến trải nghiệm để cảm nhận sự khác biệt nhé!
#stylistchuyennghiep #toccongso
📅 Đặt lịch trước để không phải chờ đợi khi ghé salon!",,,D:\Ảnh tóc hàn\IMG_0306.PNG
16,2026-08-18,19:54,"✨ Uốn lơi, nhuộm balayage đang là xu hướng được các nàng công sở yêu thích tại CK Hair Salons — vừa sang trọng vừa dễ phối đồ đi làm mỗi ngày.
#trenduoc #uonlogia
💬 Nhắn tin ngay để được stylist tư vấn riêng cho bạn!",,,D:\Ảnh tóc hàn\IMG_0307.PNG
16,2026-08-19,19:49,"🎁 Giới thiệu bạn bè đến CK Hair Salons — cả bạn và người được giới thiệu đều nhận ưu đãi hấp dẫn khi làm tóc. Rủ ngay hội chị em công sở của bạn nhé!
#gioithieubanbe #uudai
📍 Đặt lịch ngay hôm nay để giữ chỗ giờ đẹp nhé!",,,D:\Ảnh tóc hàn\IMG_0308.PNG
16,2026-08-20,19:51,"🧴 Tóc khô xơ vì máy sấy, hoá chất? CK Hair Salons có liệu trình ủ phục hồi chuyên sâu chỉ 15-20 phút, giúp tóc mềm mượt trở lại nhanh chóng.
#uphuchoi #toccongso
💌 Inbox CK Hair Salons để được tư vấn miễn phí!",,,D:\Ảnh tóc hàn\IMG_0309.PNG
16,2026-08-21,19:48,"⚡ Flash sale hôm nay tại CK Hair Salons — ưu đãi chỉ trong 1 ngày, nhanh tay đặt lịch trước khi hết chỗ nhé!
#flashsale #uudaihomnay
☎️ Gọi ngay hotline để đặt lịch nhanh nhất!",,,D:\Ảnh tóc hàn\IMG_0310.PNG
16,2026-08-22,19:52,"💬 ""Lần đầu đến CK Hair Salons mà ưng ý ngay từ lần cắt đầu tiên, các bạn stylist tư vấn rất nhiệt tình"" — đó là chia sẻ của một khách hàng thân thiết. Cảm ơn bạn đã tin tưởng!
#khachhangnoigi #toccongso
📅 Đặt lịch trước để không phải chờ đợi khi ghé salon!",,,D:\Ảnh tóc hàn\IMG_0311.PNG
16,2026-08-23,19:54,"🧴 CK Hair Salons đang sử dụng dòng sản phẩm gội dưỡng chuyên sâu, an toàn cho tóc nhuộm/uốn, giúp tóc chắc khoẻ và lên màu chuẩn lâu hơn.
#sanphamduongtoc #toccongso
💬 Nhắn tin ngay để được stylist tư vấn riêng cho bạn!",,,D:\Ảnh tóc hàn\New folder\IMG_0241.PNG
16,2026-08-24,19:50,"🩹 Tóc hư tổn nặng do nhuộm/duỗi nhiều lần? CK Hair Salons có liệu trình phục hồi chuyên sâu theo từng cấp độ hư tổn — tư vấn miễn phí trước khi làm.
#phuchoitoc #toccongso
📍 Đặt lịch ngay hôm nay để giữ chỗ giờ đẹp nhé!",,,D:\Ảnh tóc hàn\IMG_0250 2.PNG
16,2026-08-25,19:49,"⏱️ Mẹo tạo kiểu 5 phút mỗi sáng từ CK Hair Salons: sấy tóc theo chiều từ gốc xuống ngọn, dùng lược tròn tạo phồng nhẹ ở chân tóc — chuẩn bị đi làm nhanh gọn mà vẫn xinh.
#taokieunhanh #meotoc
💌 Inbox CK Hair Salons để được tư vấn miễn phí!",,,D:\Ảnh tóc hàn\IMG_0281 2.PNG
16,2026-08-26,19:52,"📱 Đặt lịch trước qua Zalo/inbox CK Hair Salons để được giữ giờ đẹp và không phải chờ đợi khi đến salon — tiện lợi cho lịch trình bận rộn của bạn.
#datlichtruoc #toccongso
☎️ Gọi ngay hotline để đặt lịch nhanh nhất!",,,D:\Ảnh tóc hàn\IMG_0286.PNG
16,2026-08-27,19:48,"☕ CK Hair Salons không chỉ là nơi làm tóc mà còn là góc thư giãn lý tưởng cho giờ nghỉ trưa — ghé qua nhâm nhi trà, làm đẹp và nạp lại năng lượng cho buổi chiều làm việc.
#khonggianthugian #toccongso
📅 Đặt lịch trước để không phải chờ đợi khi ghé salon!",,,D:\Ảnh tóc hàn\IMG_0287.PNG
16,2026-08-28,19:51,"❓ Hỏi đáp nhanh: Bao lâu nên đi cắt tóc 1 lần? CK Hair Salons khuyên bạn nên tỉa ngọn mỗi 6-8 tuần để tóc luôn gọn gàng và hạn chế chẻ ngọn.
#hoidapchamtoc #toccongso
💬 Nhắn tin ngay để được stylist tư vấn riêng cho bạn!",,,D:\Ảnh tóc hàn\IMG_0288.PNG
16,2026-08-29,19:52,"🌀 Mẹo giữ nếp tóc uốn lâu hơn: hạn chế gội đầu liên tục, dùng gối lụa khi ngủ, và xịt dưỡng giữ nếp mỗi sáng — CK Hair Salons luôn sẵn sàng tư vấn thêm cho bạn.
#giunepuon #meotoc
📍 Đặt lịch ngay hôm nay để giữ chỗ giờ đẹp nhé!",,,D:\Ảnh tóc hàn\IMG_0289.PNG
16,2026-08-30,19:49,"🌆 Tối thứ 6 rảnh rỗi? Ghé CK Hair Salons làm mới mái tóc, chuẩn bị tinh thần thật xinh cho cuối tuần nhé!
#toithu6 #toccongso
💌 Inbox CK Hair Salons để được tư vấn miễn phí!",,,D:\Ảnh tóc hàn\IMG_0290.PNG
16,2026-08-31,19:48,"🙋‍♀️ Lần đầu đến CK Hair Salons? Đừng ngại chia sẻ mong muốn của bạn — đội ngũ stylist sẽ tư vấn kỹ trước khi làm để đảm bảo bạn ưng ý nhất.
#landaudentiem #toccongso
☎️ Gọi ngay hotline để đặt lịch nhanh nhất!",,,D:\Ảnh tóc hàn\IMG_0291.PNG
16,2026-09-01,19:46,"📝 Trước mỗi dịch vụ, CK Hair Salons luôn dành thời gian tư vấn kỹ về kiểu dáng, màu sắc phù hợp với bạn — không làm vội, không qua loa.
#tuvantacnhinh #toccongso
📅 Đặt lịch trước để không phải chờ đợi khi ghé salon!",,,D:\Ảnh tóc hàn\IMG_0292.PNG
16,2026-09-02,19:49,"🔥 Sấy, uốn, duỗi thường xuyên khiến tóc yếu dần. CK Hair Salons gợi ý dùng xịt dưỡng chống nhiệt trước khi tạo kiểu để bảo vệ tóc tốt hơn.
#baovetoc #meotoc
💬 Nhắn tin ngay để được stylist tư vấn riêng cho bạn!",,,D:\Ảnh tóc hàn\IMG_0293.PNG
16,2026-09-03,19:47,"📅 Cuối tháng bận rộn, CK Hair Salons khuyên bạn nên đặt lịch sớm để giữ giờ đẹp — tránh tình trạng hết chỗ vào phút chót nhé.
#datlichsom #toccongso
📍 Đặt lịch ngay hôm nay để giữ chỗ giờ đẹp nhé!",,,D:\Ảnh tóc hàn\IMG_0294.PNG
16,2026-09-04,19:51,"💁‍♀️ Mặt tròn hợp tóc layer bồng nhẹ, mặt dài hợp mái thưa — CK Hair Salons luôn tư vấn kiểu tóc tôn dáng nhất cho từng khuôn mặt.
#kieutochopmat #toccongso
💌 Inbox CK Hair Salons để được tư vấn miễn phí!",,,D:\Ảnh tóc hàn\IMG_0295.PNG
16,2026-09-05,19:47,"🙏 CK Hair Salons xin cảm ơn tất cả khách hàng đã tin tưởng và đồng hành trong suốt tháng qua. Hẹn gặp lại các bạn ở những lần làm tóc tiếp theo nhé!
#camonkhachhang #toccongso
☎️ Gọi ngay hotline để đặt lịch nhanh nhất!",,,D:\Ảnh tóc hàn\IMG_0296.PNG
16,2026-09-06,19:52,"🎉 Bật mí nhẹ: tháng sau CK Hair Salons sẽ có ưu đãi mới cực hấp dẫn dành riêng cho khách hàng thân thiết — đón chờ nhé!
#uudaithangtoi #toccongso
📅 Đặt lịch trước để không phải chờ đợi khi ghé salon!",,,D:\Ảnh tóc hàn\IMG_0297.PNG
16,2026-09-07,19:49,"✅ Khép lại một tháng thật nhiều mái tóc đẹp tại CK Hair Salons! Cảm ơn các bạn đã ghé thăm — đặt lịch ngay hôm nay để bắt đầu tháng mới với diện mạo mới nhé.
#tongketthang #toccongso
💬 Nhắn tin ngay để được stylist tư vấn riêng cho bạn!",,,D:\Ảnh tóc hàn\IMG_0298.PNG